MANDT,OBJNR,STAT,INACT,CHGNR
100,OR000001000000,I0001,,
100,OR000001000001,I0002,,
100,OR000001000002,I0009,,
100,OR000001000003,I0012,,
100,OR000001000004,I0045,,
100,OR000001000005,I0046,,
100,OR000001000006,I0001,,
100,OR000001000007,I0002,,
100,OR000001000008,I0009,,
100,OR000001000009,I0012,,
100,OR000001000010,I0045,,
100,OR000001000011,I0046,,
100,OR000001000012,I0001,,
100,OR000001000013,I0002,,
100,OR000001000014,I0009,,
100,OR000001000015,I0012,,
100,OR000001000016,I0045,,
100,OR000001000017,I0046,,
100,OR000001000018,I0001,,
100,OR000001000019,I0002,,
100,OR000001000020,I0009,,
100,OR000001000021,I0012,,
100,OR000001000022,I0045,,
100,OR000001000023,I0046,,
100,OR000001000024,I0001,,
100,OR000001000025,I0002,,
100,OR000001000026,I0009,,
100,OR000001000027,I0012,,
100,OR000001000028,I0045,,
100,OR000001000029,I0046,,
100,OR000001000030,I0001,,
100,OR000001000031,I0002,,
100,OR000001000032,I0009,,
100,OR000001000033,I0012,,
100,OR000001000034,I0045,,
100,OR000001000035,I0046,,
100,OR000001000036,I0001,,
100,OR000001000037,I0002,,
100,OR000001000038,I0009,,
100,OR000001000039,I0012,,
100,OR000001000040,I0045,,
100,OR000001000041,I0046,,
100,OR000001000042,I0001,,
100,OR000001000043,I0002,,
100,OR000001000044,I0009,,
100,OR000001000045,I0012,,
100,OR000001000046,I0045,,
100,OR000001000047,I0046,,
100,OR000001000048,I0001,,
100,OR000001000049,I0002,,
100,OR000001000050,I0009,,
100,OR000001000051,I0012,,
100,OR000001000052,I0045,,
100,OR000001000053,I0046,,
100,OR000001000054,I0001,,
100,OR000001000055,I0002,,
100,OR000001000056,I0009,,
100,OR000001000057,I0012,,
100,OR000001000058,I0045,,
100,OR000001000059,I0046,,
100,OR000001000060,I0001,,
100,OR000001000061,I0002,,
100,OR000001000062,I0009,,
100,OR000001000063,I0012,,
100,OR000001000064,I0045,,
100,OR000001000065,I0046,,
100,OR000001000066,I0001,,
100,OR000001000067,I0002,,
100,OR000001000068,I0009,,
100,OR000001000069,I0012,,
100,OR000001000070,I0045,,
100,OR000001000071,I0046,,
100,OR000001000072,I0001,,
100,OR000001000073,I0002,,
100,OR000001000074,I0009,,
100,OR000001000075,I0012,,
100,OR000001000076,I0045,,
100,OR000001000077,I0046,,
100,OR000001000078,I0001,,
100,OR000001000079,I0002,,
100,OR000001000080,I0009,,
100,OR000001000081,I0012,,
100,OR000001000082,I0045,,
100,OR000001000083,I0046,,
100,OR000001000084,I0001,,
100,OR000001000085,I0002,,
100,OR000001000086,I0009,,
100,OR000001000087,I0012,,
100,OR000001000088,I0045,,
100,OR000001000089,I0046,,
100,OR000001000090,I0001,,
100,OR000001000091,I0002,,
100,OR000001000092,I0009,,
100,OR000001000093,I0012,,
100,OR000001000094,I0045,,
100,OR000001000095,I0046,,
100,OR000001000096,I0001,,
100,OR000001000097,I0002,,
100,OR000001000098,I0009,,
100,OR000001000099,I0012,,
100,OR000001000100,I0045,,
100,OR000001000101,I0046,,
100,OR000001000102,I0001,,
100,OR000001000103,I0002,,
100,OR000001000104,I0009,,
100,OR000001000105,I0012,,
100,OR000001000106,I0045,,
100,OR000001000107,I0046,,
100,OR000001000108,I0001,,
100,OR000001000109,I0002,,
100,OR000001000110,I0009,,
100,OR000001000111,I0012,,
100,OR000001000112,I0045,,
100,OR000001000113,I0046,,
100,OR000001000114,I0001,,
100,OR000001000115,I0002,,
100,OR000001000116,I0009,,
100,OR000001000117,I0012,,
100,OR000001000118,I0045,,
100,OR000001000119,I0046,,
100,OR000001000120,I0001,,
100,OR000001000121,I0002,,
100,OR000001000122,I0009,,
100,OR000001000123,I0012,,
100,OR000001000124,I0045,,
100,OR000001000125,I0046,,
100,OR000001000126,I0001,,
100,OR000001000127,I0002,,
100,OR000001000128,I0009,,
100,OR000001000129,I0012,,
100,OR000001000130,I0045,,
100,OR000001000131,I0046,,
100,OR000001000132,I0001,,
100,OR000001000133,I0002,,
100,OR000001000134,I0009,,
100,OR000001000135,I0012,,
100,OR000001000136,I0045,,
100,OR000001000137,I0046,,
100,OR000001000138,I0001,,
100,OR000001000139,I0002,,
100,OR000001000140,I0009,,
100,OR000001000141,I0012,,
100,OR000001000142,I0045,,
100,OR000001000143,I0046,,
100,OR000001000144,I0001,,
100,OR000001000145,I0002,,
100,OR000001000146,I0009,,
100,OR000001000147,I0012,,
100,OR000001000148,I0045,,
100,OR000001000149,I0046,,
100,OR000001000150,I0001,,
100,OR000001000151,I0002,,
100,OR000001000152,I0009,,
100,OR000001000153,I0012,,
100,OR000001000154,I0045,,
100,OR000001000155,I0046,,
100,OR000001000156,I0001,,
100,OR000001000157,I0002,,
100,OR000001000158,I0009,,
100,OR000001000159,I0012,,
100,OR000001000160,I0045,,
100,OR000001000161,I0046,,
100,OR000001000162,I0001,,
100,OR000001000163,I0002,,
100,OR000001000164,I0009,,
100,OR000001000165,I0012,,
100,OR000001000166,I0045,,
100,OR000001000167,I0046,,
100,OR000001000168,I0001,,
100,OR000001000169,I0002,,
100,OR000001000170,I0009,,
100,OR000001000171,I0012,,
100,OR000001000172,I0045,,
100,OR000001000173,I0046,,
100,OR000001000174,I0001,,
100,OR000001000175,I0002,,
100,OR000001000176,I0009,,
100,OR000001000177,I0012,,
100,OR000001000178,I0045,,
100,OR000001000179,I0046,,
100,OR000001000180,I0001,,
100,OR000001000181,I0002,,
100,OR000001000182,I0009,,
100,OR000001000183,I0012,,
100,OR000001000184,I0045,,
100,OR000001000185,I0046,,
100,OR000001000186,I0001,,
100,OR000001000187,I0002,,
100,OR000001000188,I0009,,
100,OR000001000189,I0012,,
100,OR000001000190,I0045,,
100,OR000001000191,I0046,,
100,OR000001000192,I0001,,
100,OR000001000193,I0002,,
100,OR000001000194,I0009,,
100,OR000001000195,I0012,,
100,OR000001000196,I0045,,
100,OR000001000197,I0046,,
100,OR000001000198,I0001,,
100,OR000001000199,I0002,,
100,OR000001000200,I0009,,
100,OR000001000201,I0012,,
100,OR000001000202,I0045,,
100,OR000001000203,I0046,,
100,OR000001000204,I0001,,
100,OR000001000205,I0002,,
100,OR000001000206,I0009,,
100,OR000001000207,I0012,,
100,OR000001000208,I0045,,
100,OR000001000209,I0046,,
100,OR000001000210,I0001,,
100,OR000001000211,I0002,,
100,OR000001000212,I0009,,
100,OR000001000213,I0012,,
100,OR000001000214,I0045,,
100,OR000001000215,I0046,,
100,OR000001000216,I0001,,
100,OR000001000217,I0002,,
100,OR000001000218,I0009,,
100,OR000001000219,I0012,,
100,OR000001000220,I0045,,
100,OR000001000221,I0046,,
100,OR000001000222,I0001,,
100,OR000001000223,I0002,,
100,OR000001000224,I0009,,
100,OR000001000225,I0012,,
100,OR000001000226,I0045,,
100,OR000001000227,I0046,,
100,OR000001000228,I0001,,
100,OR000001000229,I0002,,
100,OR000001000230,I0009,,
100,OR000001000231,I0012,,
100,OR000001000232,I0045,,
100,OR000001000233,I0046,,
100,OR000001000234,I0001,,
100,OR000001000235,I0002,,
100,OR000001000236,I0009,,
100,OR000001000237,I0012,,
100,OR000001000238,I0045,,
100,OR000001000239,I0046,,
100,OR000001000240,I0001,,
100,OR000001000241,I0002,,
100,OR000001000242,I0009,,
100,OR000001000243,I0012,,
100,OR000001000244,I0045,,
100,OR000001000245,I0046,,
100,OR000001000246,I0001,,
100,OR000001000247,I0002,,
100,OR000001000248,I0009,,
100,OR000001000249,I0012,,
100,OR000001000250,I0045,,
100,OR000001000251,I0046,,
100,OR000001000252,I0001,,
100,OR000001000253,I0002,,
100,OR000001000254,I0009,,
100,OR000001000255,I0012,,
100,OR000001000256,I0045,,
100,OR000001000257,I0046,,
100,OR000001000258,I0001,,
100,OR000001000259,I0002,,
100,OR000001000260,I0009,,
100,OR000001000261,I0012,,
100,OR000001000262,I0045,,
100,OR000001000263,I0046,,
100,OR000001000264,I0001,,
100,OR000001000265,I0002,,
100,OR000001000266,I0009,,
100,OR000001000267,I0012,,
100,OR000001000268,I0045,,
100,OR000001000269,I0046,,
100,OR000001000270,I0001,,
100,OR000001000271,I0002,,
100,OR000001000272,I0009,,
100,OR000001000273,I0012,,
100,OR000001000274,I0045,,
100,OR000001000275,I0046,,
100,OR000001000276,I0001,,
100,OR000001000277,I0002,,
100,OR000001000278,I0009,,
100,OR000001000279,I0012,,
100,OR000001000280,I0045,,
100,OR000001000281,I0046,,
100,OR000001000282,I0001,,
100,OR000001000283,I0002,,
100,OR000001000284,I0009,,
100,OR000001000285,I0012,,
100,OR000001000286,I0045,,
100,OR000001000287,I0046,,
100,OR000001000288,I0001,,
100,OR000001000289,I0002,,
100,OR000001000290,I0009,,
100,OR000001000291,I0012,,
100,OR000001000292,I0045,,
100,OR000001000293,I0046,,
100,OR000001000294,I0001,,
100,OR000001000295,I0002,,
100,OR000001000296,I0009,,
100,OR000001000297,I0012,,
100,OR000001000298,I0045,,
100,OR000001000299,I0046,,
100,OR000001000300,I0001,,
100,OR000001000301,I0002,,
100,OR000001000302,I0009,,
100,OR000001000303,I0012,,
100,OR000001000304,I0045,,
100,OR000001000305,I0046,,
100,OR000001000306,I0001,,
100,OR000001000307,I0002,,
100,OR000001000308,I0009,,
100,OR000001000309,I0012,,
100,OR000001000310,I0045,,
100,OR000001000311,I0046,,
100,OR000001000312,I0001,,
100,OR000001000313,I0002,,
100,OR000001000314,I0009,,
100,OR000001000315,I0012,,
100,OR000001000316,I0045,,
100,OR000001000317,I0046,,
100,OR000001000318,I0001,,
100,OR000001000319,I0002,,
100,OR000001000320,I0009,,
100,OR000001000321,I0012,,
100,OR000001000322,I0045,,
100,OR000001000323,I0046,,
100,OR000001000324,I0001,,
100,OR000001000325,I0002,,
100,OR000001000326,I0009,,
100,OR000001000327,I0012,,
100,OR000001000328,I0045,,
100,OR000001000329,I0046,,
100,OR000001000330,I0001,,
100,OR000001000331,I0002,,
100,OR000001000332,I0009,,
100,OR000001000333,I0012,,
100,OR000001000334,I0045,,
100,OR000001000335,I0046,,
100,OR000001000336,I0001,,
100,OR000001000337,I0002,,
100,OR000001000338,I0009,,
100,OR000001000339,I0012,,
100,OR000001000340,I0045,,
100,OR000001000341,I0046,,
100,OR000001000342,I0001,,
100,OR000001000343,I0002,,
100,OR000001000344,I0009,,
100,OR000001000345,I0012,,
100,OR000001000346,I0045,,
100,OR000001000347,I0046,,
100,OR000001000348,I0001,,
100,OR000001000349,I0002,,
100,OR000001000350,I0009,,
100,OR000001000351,I0012,,
100,OR000001000352,I0045,,
100,OR000001000353,I0046,,
100,OR000001000354,I0001,,
100,OR000001000355,I0002,,
100,OR000001000356,I0009,,
100,OR000001000357,I0012,,
100,OR000001000358,I0045,,
100,OR000001000359,I0046,,
100,OR000001000360,I0001,,
100,OR000001000361,I0002,,
100,OR000001000362,I0009,,
100,OR000001000363,I0012,,
100,OR000001000364,I0045,,
100,OR000001000365,I0046,,
100,OR000001000366,I0001,,
100,OR000001000367,I0002,,
100,OR000001000368,I0009,,
100,OR000001000369,I0012,,
100,OR000001000370,I0045,,
100,OR000001000371,I0046,,
100,OR000001000372,I0001,,
100,OR000001000373,I0002,,
100,OR000001000374,I0009,,
100,OR000001000375,I0012,,
100,OR000001000376,I0045,,
100,OR000001000377,I0046,,
100,OR000001000378,I0001,,
100,OR000001000379,I0002,,
100,OR000001000380,I0009,,
100,OR000001000381,I0012,,
100,OR000001000382,I0045,,
100,OR000001000383,I0046,,
100,OR000001000384,I0001,,
100,OR000001000385,I0002,,
100,OR000001000386,I0009,,
100,OR000001000387,I0012,,
100,OR000001000388,I0045,,
100,OR000001000389,I0046,,
100,OR000001000390,I0001,,
100,OR000001000391,I0002,,
100,OR000001000392,I0009,,
100,OR000001000393,I0012,,
100,OR000001000394,I0045,,
100,OR000001000395,I0046,,
100,OR000001000396,I0001,,
100,OR000001000397,I0002,,
100,OR000001000398,I0009,,
100,OR000001000399,I0012,,
100,OR000001000400,I0045,,
100,OR000001000401,I0046,,
100,OR000001000402,I0001,,
100,OR000001000403,I0002,,
100,OR000001000404,I0009,,
100,OR000001000405,I0012,,
100,OR000001000406,I0045,,
100,OR000001000407,I0046,,
100,OR000001000408,I0001,,
100,OR000001000409,I0002,,
100,OR000001000410,I0009,,
100,OR000001000411,I0012,,
100,OR000001000412,I0045,,
100,OR000001000413,I0046,,
100,OR000001000414,I0001,,
100,OR000001000415,I0002,,
100,OR000001000416,I0009,,
100,OR000001000417,I0012,,
100,OR000001000418,I0045,,
100,OR000001000419,I0046,,
100,OR000001000420,I0001,,
100,OR000001000421,I0002,,
100,OR000001000422,I0009,,
100,OR000001000423,I0012,,
100,OR000001000424,I0045,,
100,OR000001000425,I0046,,
100,OR000001000426,I0001,,
100,OR000001000427,I0002,,
100,OR000001000428,I0009,,
100,OR000001000429,I0012,,
100,OR000001000430,I0045,,
100,OR000001000431,I0046,,
100,OR000001000432,I0001,,
100,OR000001000433,I0002,,
100,OR000001000434,I0009,,
100,OR000001000435,I0012,,
100,OR000001000436,I0045,,
100,OR000001000437,I0046,,
100,OR000001000438,I0001,,
100,OR000001000439,I0002,,
100,OR000001000440,I0009,,
100,OR000001000441,I0012,,
100,OR000001000442,I0045,,
100,OR000001000443,I0046,,
100,OR000001000444,I0001,,
100,OR000001000445,I0002,,
100,OR000001000446,I0009,,
100,OR000001000447,I0012,,
100,OR000001000448,I0045,,
100,OR000001000449,I0046,,
100,OR000001000450,I0001,,
100,OR000001000451,I0002,,
100,OR000001000452,I0009,,
100,OR000001000453,I0012,,
100,OR000001000454,I0045,,
100,OR000001000455,I0046,,
100,OR000001000456,I0001,,
100,OR000001000457,I0002,,
100,OR000001000458,I0009,,
100,OR000001000459,I0012,,
100,OR000001000460,I0045,,
100,OR000001000461,I0046,,
100,OR000001000462,I0001,,
100,OR000001000463,I0002,,
100,OR000001000464,I0009,,
100,OR000001000465,I0012,,
100,OR000001000466,I0045,,
100,OR000001000467,I0046,,
100,OR000001000468,I0001,,
100,OR000001000469,I0002,,
100,OR000001000470,I0009,,
100,OR000001000471,I0012,,
100,OR000001000472,I0045,,
100,OR000001000473,I0046,,
100,OR000001000474,I0001,,
100,OR000001000475,I0002,,
100,OR000001000476,I0009,,
100,OR000001000477,I0012,,
100,OR000001000478,I0045,,
100,OR000001000479,I0046,,
100,OR000001000480,I0001,,
100,OR000001000481,I0002,,
100,OR000001000482,I0009,,
100,OR000001000483,I0012,,
100,OR000001000484,I0045,,
100,OR000001000485,I0046,,
100,OR000001000486,I0001,,
100,OR000001000487,I0002,,
100,OR000001000488,I0009,,
100,OR000001000489,I0012,,
100,OR000001000490,I0045,,
100,OR000001000491,I0046,,
100,OR000001000492,I0001,,
100,OR000001000493,I0002,,
100,OR000001000494,I0009,,
100,OR000001000495,I0012,,
100,OR000001000496,I0045,,
100,OR000001000497,I0046,,
100,OR000001000498,I0001,,
100,OR000001000499,I0002,,
100,OR000001000500,I0009,,
100,OR000001000501,I0012,,
100,OR000001000502,I0045,,
100,OR000001000503,I0046,,
100,OR000001000504,I0001,,
100,OR000001000505,I0002,,
100,OR000001000506,I0009,,
100,OR000001000507,I0012,,
100,OR000001000508,I0045,,
100,OR000001000509,I0046,,
100,OR000001000510,I0001,,
100,OR000001000511,I0002,,
100,OR000001000512,I0009,,
100,OR000001000513,I0012,,
100,OR000001000514,I0045,,
100,OR000001000515,I0046,,
100,OR000001000516,I0001,,
100,OR000001000517,I0002,,
100,OR000001000518,I0009,,
100,OR000001000519,I0012,,
100,OR000001000520,I0045,,
100,OR000001000521,I0046,,
100,OR000001000522,I0001,,
100,OR000001000523,I0002,,
100,OR000001000524,I0009,,
100,OR000001000525,I0012,,
100,OR000001000526,I0045,,
100,OR000001000527,I0046,,
100,OR000001000528,I0001,,
100,OR000001000529,I0002,,
100,OR000001000530,I0009,,
100,OR000001000531,I0012,,
100,OR000001000532,I0045,,
100,OR000001000533,I0046,,
100,OR000001000534,I0001,,
100,OR000001000535,I0002,,
100,OR000001000536,I0009,,
100,OR000001000537,I0012,,
100,OR000001000538,I0045,,
100,OR000001000539,I0046,,
100,OR000001000540,I0001,,
100,OR000001000541,I0002,,
100,OR000001000542,I0009,,
100,OR000001000543,I0012,,
100,OR000001000544,I0045,,
100,OR000001000545,I0046,,
100,OR000001000546,I0001,,
100,OR000001000547,I0002,,
100,OR000001000548,I0009,,
100,OR000001000549,I0012,,
100,OR000001000550,I0045,,
100,OR000001000551,I0046,,
100,OR000001000552,I0001,,
100,OR000001000553,I0002,,
100,OR000001000554,I0009,,
100,OR000001000555,I0012,,
100,OR000001000556,I0045,,
100,OR000001000557,I0046,,
100,OR000001000558,I0001,,
100,OR000001000559,I0002,,
100,OR000001000560,I0009,,
100,OR000001000561,I0012,,
100,OR000001000562,I0045,,
100,OR000001000563,I0046,,
100,OR000001000564,I0001,,
100,OR000001000565,I0002,,
100,OR000001000566,I0009,,
100,OR000001000567,I0012,,
100,OR000001000568,I0045,,
100,OR000001000569,I0046,,
100,OR000001000570,I0001,,
100,OR000001000571,I0002,,
100,OR000001000572,I0009,,
100,OR000001000573,I0012,,
100,OR000001000574,I0045,,
100,OR000001000575,I0046,,
100,OR000001000576,I0001,,
100,OR000001000577,I0002,,
100,OR000001000578,I0009,,
100,OR000001000579,I0012,,
100,OR000001000580,I0045,,
100,OR000001000581,I0046,,
100,OR000001000582,I0001,,
100,OR000001000583,I0002,,
100,OR000001000584,I0009,,
100,OR000001000585,I0012,,
100,OR000001000586,I0045,,
100,OR000001000587,I0046,,
100,OR000001000588,I0001,,
100,OR000001000589,I0002,,
100,OR000001000590,I0009,,
100,OR000001000591,I0012,,
100,OR000001000592,I0045,,
100,OR000001000593,I0046,,
100,OR000001000594,I0001,,
100,OR000001000595,I0002,,
100,OR000001000596,I0009,,
100,OR000001000597,I0012,,
100,OR000001000598,I0045,,
100,OR000001000599,I0046,,
100,OR000001000600,I0001,,
100,OR000001000601,I0002,,
100,OR000001000602,I0009,,
100,OR000001000603,I0012,,
100,OR000001000604,I0045,,
100,OR000001000605,I0046,,
100,OR000001000606,I0001,,
100,OR000001000607,I0002,,
100,OR000001000608,I0009,,
100,OR000001000609,I0012,,
100,OR000001000610,I0045,,
100,OR000001000611,I0046,,
100,OR000001000612,I0001,,
100,OR000001000613,I0002,,
100,OR000001000614,I0009,,
100,OR000001000615,I0012,,
100,OR000001000616,I0045,,
100,OR000001000617,I0046,,
100,OR000001000618,I0001,,
100,OR000001000619,I0002,,
100,OR000001000620,I0009,,
100,OR000001000621,I0012,,
100,OR000001000622,I0045,,
100,OR000001000623,I0046,,
100,OR000001000624,I0001,,
100,OR000001000625,I0002,,
100,OR000001000626,I0009,,
100,OR000001000627,I0012,,
100,OR000001000628,I0045,,
100,OR000001000629,I0046,,
100,OR000001000630,I0001,,
100,OR000001000631,I0002,,
100,OR000001000632,I0009,,
100,OR000001000633,I0012,,
100,OR000001000634,I0045,,
100,OR000001000635,I0046,,
100,OR000001000636,I0001,,
100,OR000001000637,I0002,,
100,OR000001000638,I0009,,
100,OR000001000639,I0012,,
100,OR000001000640,I0045,,
100,OR000001000641,I0046,,
100,OR000001000642,I0001,,
100,OR000001000643,I0002,,
100,OR000001000644,I0009,,
100,OR000001000645,I0012,,
100,OR000001000646,I0045,,
100,OR000001000647,I0046,,
100,OR000001000648,I0001,,
100,OR000001000649,I0002,,
100,OR000001000650,I0009,,
100,OR000001000651,I0012,,
100,OR000001000652,I0045,,
100,OR000001000653,I0046,,
100,OR000001000654,I0001,,
100,OR000001000655,I0002,,
100,OR000001000656,I0009,,
100,OR000001000657,I0012,,
100,OR000001000658,I0045,,
100,OR000001000659,I0046,,
100,OR000001000660,I0001,,
100,OR000001000661,I0002,,
100,OR000001000662,I0009,,
100,OR000001000663,I0012,,
100,OR000001000664,I0045,,
100,OR000001000665,I0046,,
100,OR000001000666,I0001,,
100,OR000001000667,I0002,,
100,OR000001000668,I0009,,
100,OR000001000669,I0012,,
100,OR000001000670,I0045,,
100,OR000001000671,I0046,,
100,OR000001000672,I0001,,
100,OR000001000673,I0002,,
100,OR000001000674,I0009,,
100,OR000001000675,I0012,,
100,OR000001000676,I0045,,
100,OR000001000677,I0046,,
100,OR000001000678,I0001,,
100,OR000001000679,I0002,,
100,OR000001000680,I0009,,
100,OR000001000681,I0012,,
100,OR000001000682,I0045,,
100,OR000001000683,I0046,,
100,OR000001000684,I0001,,
100,OR000001000685,I0002,,
100,OR000001000686,I0009,,
100,OR000001000687,I0012,,
100,OR000001000688,I0045,,
100,OR000001000689,I0046,,
100,OR000001000690,I0001,,
100,OR000001000691,I0002,,
100,OR000001000692,I0009,,
100,OR000001000693,I0012,,
100,OR000001000694,I0045,,
100,OR000001000695,I0046,,
100,OR000001000696,I0001,,
100,OR000001000697,I0002,,
100,OR000001000698,I0009,,
100,OR000001000699,I0012,,
100,OR000001000700,I0045,,
100,OR000001000701,I0046,,
100,OR000001000702,I0001,,
100,OR000001000703,I0002,,
100,OR000001000704,I0009,,
100,OR000001000705,I0012,,
100,OR000001000706,I0045,,
100,OR000001000707,I0046,,
100,OR000001000708,I0001,,
100,OR000001000709,I0002,,
100,OR000001000710,I0009,,
100,OR000001000711,I0012,,
100,OR000001000712,I0045,,
100,OR000001000713,I0046,,
100,OR000001000714,I0001,,
100,OR000001000715,I0002,,
100,OR000001000716,I0009,,
100,OR000001000717,I0012,,
100,OR000001000718,I0045,,
100,OR000001000719,I0046,,
100,OR000001000720,I0001,,
100,OR000001000721,I0002,,
100,OR000001000722,I0009,,
100,OR000001000723,I0012,,
100,OR000001000724,I0045,,
100,OR000001000725,I0046,,
100,OR000001000726,I0001,,
100,OR000001000727,I0002,,
100,OR000001000728,I0009,,
100,OR000001000729,I0012,,
100,OR000001000730,I0045,,
100,OR000001000731,I0046,,
100,OR000001000732,I0001,,
100,OR000001000733,I0002,,
100,OR000001000734,I0009,,
100,OR000001000735,I0012,,
100,OR000001000736,I0045,,
100,OR000001000737,I0046,,
100,OR000001000738,I0001,,
100,OR000001000739,I0002,,
100,OR000001000740,I0009,,
100,OR000001000741,I0012,,
100,OR000001000742,I0045,,
100,OR000001000743,I0046,,
100,OR000001000744,I0001,,
100,OR000001000745,I0002,,
100,OR000001000746,I0009,,
100,OR000001000747,I0012,,
100,OR000001000748,I0045,,
100,OR000001000749,I0046,,
100,OR000001000750,I0001,,
100,OR000001000751,I0002,,
100,OR000001000752,I0009,,
100,OR000001000753,I0012,,
100,OR000001000754,I0045,,
100,OR000001000755,I0046,,
100,OR000001000756,I0001,,
100,OR000001000757,I0002,,
100,OR000001000758,I0009,,
100,OR000001000759,I0012,,
100,OR000001000760,I0045,,
100,OR000001000761,I0046,,
100,OR000001000762,I0001,,
100,OR000001000763,I0002,,
100,OR000001000764,I0009,,
100,OR000001000765,I0012,,
100,OR000001000766,I0045,,
100,OR000001000767,I0046,,
100,OR000001000768,I0001,,
100,OR000001000769,I0002,,
100,OR000001000770,I0009,,
100,OR000001000771,I0012,,
100,OR000001000772,I0045,,
100,OR000001000773,I0046,,
100,OR000001000774,I0001,,
100,OR000001000775,I0002,,
100,OR000001000776,I0009,,
100,OR000001000777,I0012,,
100,OR000001000778,I0045,,
100,OR000001000779,I0046,,
100,OR000001000780,I0001,,
100,OR000001000781,I0002,,
100,OR000001000782,I0009,,
100,OR000001000783,I0012,,
100,OR000001000784,I0045,,
100,OR000001000785,I0046,,
100,OR000001000786,I0001,,
100,OR000001000787,I0002,,
100,OR000001000788,I0009,,
100,OR000001000789,I0012,,
100,OR000001000790,I0045,,
100,OR000001000791,I0046,,
100,OR000001000792,I0001,,
100,OR000001000793,I0002,,
100,OR000001000794,I0009,,
100,OR000001000795,I0012,,
100,OR000001000796,I0045,,
100,OR000001000797,I0046,,
100,OR000001000798,I0001,,
100,OR000001000799,I0002,,
100,OR000001000800,I0009,,
100,OR000001000801,I0012,,
100,OR000001000802,I0045,,
100,OR000001000803,I0046,,
100,OR000001000804,I0001,,
100,OR000001000805,I0002,,
100,OR000001000806,I0009,,
100,OR000001000807,I0012,,
100,OR000001000808,I0045,,
100,OR000001000809,I0046,,
100,OR000001000810,I0001,,
100,OR000001000811,I0002,,
100,OR000001000812,I0009,,
100,OR000001000813,I0012,,
100,OR000001000814,I0045,,
100,OR000001000815,I0046,,
100,OR000001000816,I0001,,
100,OR000001000817,I0002,,
100,OR000001000818,I0009,,
100,OR000001000819,I0012,,
100,OR000001000820,I0045,,
100,OR000001000821,I0046,,
100,OR000001000822,I0001,,
100,OR000001000823,I0002,,
100,OR000001000824,I0009,,
100,OR000001000825,I0012,,
100,OR000001000826,I0045,,
100,OR000001000827,I0046,,
100,OR000001000828,I0001,,
100,OR000001000829,I0002,,
100,OR000001000830,I0009,,
100,OR000001000831,I0012,,
100,OR000001000832,I0045,,
100,OR000001000833,I0046,,
100,OR000001000834,I0001,,
100,OR000001000835,I0002,,
100,OR000001000836,I0009,,
100,OR000001000837,I0012,,
100,OR000001000838,I0045,,
100,OR000001000839,I0046,,
100,OR000001000840,I0001,,
100,OR000001000841,I0002,,
100,OR000001000842,I0009,,
100,OR000001000843,I0012,,
100,OR000001000844,I0045,,
100,OR000001000845,I0046,,
100,OR000001000846,I0001,,
100,OR000001000847,I0002,,
100,OR000001000848,I0009,,
100,OR000001000849,I0012,,
100,OR000001000850,I0045,,
100,OR000001000851,I0046,,
100,OR000001000852,I0001,,
100,OR000001000853,I0002,,
100,OR000001000854,I0009,,
100,OR000001000855,I0012,,
100,OR000001000856,I0045,,
100,OR000001000857,I0046,,
100,OR000001000858,I0001,,
100,OR000001000859,I0002,,
100,OR000001000860,I0009,,
100,OR000001000861,I0012,,
100,OR000001000862,I0045,,
100,OR000001000863,I0046,,
100,OR000001000864,I0001,,
100,OR000001000865,I0002,,
100,OR000001000866,I0009,,
100,OR000001000867,I0012,,
100,OR000001000868,I0045,,
100,OR000001000869,I0046,,
100,OR000001000870,I0001,,
100,OR000001000871,I0002,,
100,OR000001000872,I0009,,
100,OR000001000873,I0012,,
100,OR000001000874,I0045,,
100,OR000001000875,I0046,,
100,OR000001000876,I0001,,
100,OR000001000877,I0002,,
100,OR000001000878,I0009,,
100,OR000001000879,I0012,,
100,OR000001000880,I0045,,
100,OR000001000881,I0046,,
100,OR000001000882,I0001,,
100,OR000001000883,I0002,,
100,OR000001000884,I0009,,
100,OR000001000885,I0012,,
100,OR000001000886,I0045,,
100,OR000001000887,I0046,,
100,OR000001000888,I0001,,
100,OR000001000889,I0002,,
100,OR000001000890,I0009,,
100,OR000001000891,I0012,,
100,OR000001000892,I0045,,
100,OR000001000893,I0046,,
100,OR000001000894,I0001,,
100,OR000001000895,I0002,,
100,OR000001000896,I0009,,
100,OR000001000897,I0012,,
100,OR000001000898,I0045,,
100,OR000001000899,I0046,,
100,OR000001000900,I0001,,
100,OR000001000901,I0002,,
100,OR000001000902,I0009,,
100,OR000001000903,I0012,,
100,OR000001000904,I0045,,
100,OR000001000905,I0046,,
100,OR000001000906,I0001,,
100,OR000001000907,I0002,,
100,OR000001000908,I0009,,
100,OR000001000909,I0012,,
100,OR000001000910,I0045,,
100,OR000001000911,I0046,,
100,OR000001000912,I0001,,
100,OR000001000913,I0002,,
100,OR000001000914,I0009,,
100,OR000001000915,I0012,,
100,OR000001000916,I0045,,
100,OR000001000917,I0046,,
100,OR000001000918,I0001,,
100,OR000001000919,I0002,,
100,OR000001000920,I0009,,
100,OR000001000921,I0012,,
100,OR000001000922,I0045,,
100,OR000001000923,I0046,,
100,OR000001000924,I0001,,
100,OR000001000925,I0002,,
100,OR000001000926,I0009,,
100,OR000001000927,I0012,,
100,OR000001000928,I0045,,
100,OR000001000929,I0046,,
100,OR000001000930,I0001,,
100,OR000001000931,I0002,,
100,OR000001000932,I0009,,
100,OR000001000933,I0012,,
100,OR000001000934,I0045,,
100,OR000001000935,I0046,,
100,OR000001000936,I0001,,
100,OR000001000937,I0002,,
100,OR000001000938,I0009,,
100,OR000001000939,I0012,,
100,OR000001000940,I0045,,
100,OR000001000941,I0046,,
100,OR000001000942,I0001,,
100,OR000001000943,I0002,,
100,OR000001000944,I0009,,
100,OR000001000945,I0012,,
100,OR000001000946,I0045,,
100,OR000001000947,I0046,,
100,OR000001000948,I0001,,
100,OR000001000949,I0002,,
100,OR000001000950,I0009,,
100,OR000001000951,I0012,,
100,OR000001000952,I0045,,
100,OR000001000953,I0046,,
100,OR000001000954,I0001,,
100,OR000001000955,I0002,,
100,OR000001000956,I0009,,
100,OR000001000957,I0012,,
100,OR000001000958,I0045,,
100,OR000001000959,I0046,,
100,OR000001000960,I0001,,
100,OR000001000961,I0002,,
100,OR000001000962,I0009,,
100,OR000001000963,I0012,,
100,OR000001000964,I0045,,
100,OR000001000965,I0046,,
100,OR000001000966,I0001,,
100,OR000001000967,I0002,,
100,OR000001000968,I0009,,
100,OR000001000969,I0012,,
100,OR000001000970,I0045,,
100,OR000001000971,I0046,,
100,OR000001000972,I0001,,
100,OR000001000973,I0002,,
100,OR000001000974,I0009,,
100,OR000001000975,I0012,,
100,OR000001000976,I0045,,
100,OR000001000977,I0046,,
100,OR000001000978,I0001,,
100,OR000001000979,I0002,,
100,OR000001000980,I0009,,
100,OR000001000981,I0012,,
100,OR000001000982,I0045,,
100,OR000001000983,I0046,,
100,OR000001000984,I0001,,
100,OR000001000985,I0002,,
100,OR000001000986,I0009,,
100,OR000001000987,I0012,,
100,OR000001000988,I0045,,
100,OR000001000989,I0046,,
100,OR000001000990,I0001,,
100,OR000001000991,I0002,,
100,OR000001000992,I0009,,
100,OR000001000993,I0012,,
100,OR000001000994,I0045,,
100,OR000001000995,I0046,,
100,OR000001000996,I0001,,
100,OR000001000997,I0002,,
100,OR000001000998,I0009,,
100,OR000001000999,I0012,,
100,OR000001001000,I0045,,
100,OR000001001001,I0046,,
100,OR000001001002,I0001,,
100,OR000001001003,I0002,,
100,OR000001001004,I0009,,
100,OR000001001005,I0012,,
100,OR000001001006,I0045,,
100,OR000001001007,I0046,,
100,OR000001001008,I0001,,
100,OR000001001009,I0002,,
100,OR000001001010,I0009,,
100,OR000001001011,I0012,,
100,OR000001001012,I0045,,
100,OR000001001013,I0046,,
100,OR000001001014,I0001,,
100,OR000001001015,I0002,,
100,OR000001001016,I0009,,
100,OR000001001017,I0012,,
100,OR000001001018,I0045,,
100,OR000001001019,I0046,,
100,OR000001001020,I0001,,
100,OR000001001021,I0002,,
100,OR000001001022,I0009,,
100,OR000001001023,I0012,,
100,OR000001001024,I0045,,
100,OR000001001025,I0046,,
100,OR000001001026,I0001,,
100,OR000001001027,I0002,,
100,OR000001001028,I0009,,
100,OR000001001029,I0012,,
100,OR000001001030,I0045,,
100,OR000001001031,I0046,,
100,OR000001001032,I0001,,
100,OR000001001033,I0002,,
100,OR000001001034,I0009,,
100,OR000001001035,I0012,,
100,OR000001001036,I0045,,
100,OR000001001037,I0046,,
100,OR000001001038,I0001,,
100,OR000001001039,I0002,,
100,OR000001001040,I0009,,
100,OR000001001041,I0012,,
100,OR000001001042,I0045,,
100,OR000001001043,I0046,,
100,OR000001001044,I0001,,
100,OR000001001045,I0002,,
100,OR000001001046,I0009,,
100,OR000001001047,I0012,,
100,OR000001001048,I0045,,
100,OR000001001049,I0046,,
100,OR000001001050,I0001,,
100,OR000001001051,I0002,,
100,OR000001001052,I0009,,
100,OR000001001053,I0012,,
100,OR000001001054,I0045,,
100,OR000001001055,I0046,,
100,OR000001001056,I0001,,
100,OR000001001057,I0002,,
100,OR000001001058,I0009,,
100,OR000001001059,I0012,,
100,OR000001001060,I0045,,
100,OR000001001061,I0046,,
100,OR000001001062,I0001,,
100,OR000001001063,I0002,,
100,OR000001001064,I0009,,
100,OR000001001065,I0012,,
100,OR000001001066,I0045,,
100,OR000001001067,I0046,,
100,OR000001001068,I0001,,
100,OR000001001069,I0002,,
100,OR000001001070,I0009,,
100,OR000001001071,I0012,,
100,OR000001001072,I0045,,
100,OR000001001073,I0046,,
100,OR000001001074,I0001,,
100,OR000001001075,I0002,,
100,OR000001001076,I0009,,
100,OR000001001077,I0012,,
100,OR000001001078,I0045,,
100,OR000001001079,I0046,,
100,OR000001001080,I0001,,
100,OR000001001081,I0002,,
100,OR000001001082,I0009,,
100,OR000001001083,I0012,,
100,OR000001001084,I0045,,
100,OR000001001085,I0046,,
100,OR000001001086,I0001,,
100,OR000001001087,I0002,,
100,OR000001001088,I0009,,
100,OR000001001089,I0012,,
100,OR000001001090,I0045,,
100,OR000001001091,I0046,,
100,OR000001001092,I0001,,
100,OR000001001093,I0002,,
100,OR000001001094,I0009,,
100,OR000001001095,I0012,,
100,OR000001001096,I0045,,
100,OR000001001097,I0046,,
100,OR000001001098,I0001,,
100,OR000001001099,I0002,,
100,OR000001001100,I0009,,
100,OR000001001101,I0012,,
100,OR000001001102,I0045,,
100,OR000001001103,I0046,,
100,OR000001001104,I0001,,
100,OR000001001105,I0002,,
100,OR000001001106,I0009,,
100,OR000001001107,I0012,,
100,OR000001001108,I0045,,
100,OR000001001109,I0046,,
100,OR000001001110,I0001,,
100,OR000001001111,I0002,,
100,OR000001001112,I0009,,
100,OR000001001113,I0012,,
100,OR000001001114,I0045,,
100,OR000001001115,I0046,,
100,OR000001001116,I0001,,
100,OR000001001117,I0002,,
100,OR000001001118,I0009,,
100,OR000001001119,I0012,,
100,OR000001001120,I0045,,
100,OR000001001121,I0046,,
100,OR000001001122,I0001,,
100,OR000001001123,I0002,,
100,OR000001001124,I0009,,
100,OR000001001125,I0012,,
100,OR000001001126,I0045,,
100,OR000001001127,I0046,,
100,OR000001001128,I0001,,
100,OR000001001129,I0002,,
100,OR000001001130,I0009,,
100,OR000001001131,I0012,,
100,OR000001001132,I0045,,
100,OR000001001133,I0046,,
100,OR000001001134,I0001,,
100,OR000001001135,I0002,,
100,OR000001001136,I0009,,
100,OR000001001137,I0012,,
100,OR000001001138,I0045,,
100,OR000001001139,I0046,,
100,OR000001001140,I0001,,
100,OR000001001141,I0002,,
100,OR000001001142,I0009,,
100,OR000001001143,I0012,,
100,OR000001001144,I0045,,
100,OR000001001145,I0046,,
100,OR000001001146,I0001,,
100,OR000001001147,I0002,,
100,OR000001001148,I0009,,
100,OR000001001149,I0012,,
100,OR000001001150,I0045,,
100,OR000001001151,I0046,,
100,OR000001001152,I0001,,
100,OR000001001153,I0002,,
100,OR000001001154,I0009,,
100,OR000001001155,I0012,,
100,OR000001001156,I0045,,
100,OR000001001157,I0046,,
100,OR000001001158,I0001,,
100,OR000001001159,I0002,,
100,OR000001001160,I0009,,
100,OR000001001161,I0012,,
100,OR000001001162,I0045,,
100,OR000001001163,I0046,,
100,OR000001001164,I0001,,
100,OR000001001165,I0002,,
100,OR000001001166,I0009,,
100,OR000001001167,I0012,,
100,OR000001001168,I0045,,
100,OR000001001169,I0046,,
100,OR000001001170,I0001,,
100,OR000001001171,I0002,,
100,OR000001001172,I0009,,
100,OR000001001173,I0012,,
100,OR000001001174,I0045,,
100,OR000001001175,I0046,,
100,OR000001001176,I0001,,
100,OR000001001177,I0002,,
100,OR000001001178,I0009,,
100,OR000001001179,I0012,,
100,OR000001001180,I0045,,
100,OR000001001181,I0046,,
100,OR000001001182,I0001,,
100,OR000001001183,I0002,,
100,OR000001001184,I0009,,
100,OR000001001185,I0012,,
100,OR000001001186,I0045,,
100,OR000001001187,I0046,,
100,OR000001001188,I0001,,
100,OR000001001189,I0002,,
100,OR000001001190,I0009,,
100,OR000001001191,I0012,,
100,OR000001001192,I0045,,
100,OR000001001193,I0046,,
100,OR000001001194,I0001,,
100,OR000001001195,I0002,,
100,OR000001001196,I0009,,
100,OR000001001197,I0012,,
100,OR000001001198,I0045,,
100,OR000001001199,I0046,,
100,OR000001001200,I0001,,
100,OR000001001201,I0002,,
100,OR000001001202,I0009,,
100,OR000001001203,I0012,,
100,OR000001001204,I0045,,
100,OR000001001205,I0046,,
100,OR000001001206,I0001,,
100,OR000001001207,I0002,,
100,OR000001001208,I0009,,
100,OR000001001209,I0012,,
100,OR000001001210,I0045,,
100,OR000001001211,I0046,,
100,OR000001001212,I0001,,
100,OR000001001213,I0002,,
100,OR000001001214,I0009,,
100,OR000001001215,I0012,,
100,OR000001001216,I0045,,
100,OR000001001217,I0046,,
100,OR000001001218,I0001,,
100,OR000001001219,I0002,,
100,OR000001001220,I0009,,
100,OR000001001221,I0012,,
100,OR000001001222,I0045,,
100,OR000001001223,I0046,,
100,OR000001001224,I0001,,
100,OR000001001225,I0002,,
100,OR000001001226,I0009,,
100,OR000001001227,I0012,,
100,OR000001001228,I0045,,
100,OR000001001229,I0046,,
100,OR000001001230,I0001,,
100,OR000001001231,I0002,,
100,OR000001001232,I0009,,
100,OR000001001233,I0012,,
100,OR000001001234,I0045,,
100,OR000001001235,I0046,,
100,OR000001001236,I0001,,
100,OR000001001237,I0002,,
100,OR000001001238,I0009,,
100,OR000001001239,I0012,,
100,OR000001001240,I0045,,
100,OR000001001241,I0046,,
100,OR000001001242,I0001,,
100,OR000001001243,I0002,,
100,OR000001001244,I0009,,
100,OR000001001245,I0012,,
100,OR000001001246,I0045,,
100,OR000001001247,I0046,,
100,OR000001001248,I0001,,
100,OR000001001249,I0002,,
100,OR000001001250,I0009,,
100,OR000001001251,I0012,,
100,OR000001001252,I0045,,
100,OR000001001253,I0046,,
100,OR000001001254,I0001,,
100,OR000001001255,I0002,,
100,OR000001001256,I0009,,
100,OR000001001257,I0012,,
100,OR000001001258,I0045,,
100,OR000001001259,I0046,,
100,OR000001001260,I0001,,
100,OR000001001261,I0002,,
100,OR000001001262,I0009,,
100,OR000001001263,I0012,,
100,OR000001001264,I0045,,
100,OR000001001265,I0046,,
100,OR000001001266,I0001,,
100,OR000001001267,I0002,,
100,OR000001001268,I0009,,
100,OR000001001269,I0012,,
100,OR000001001270,I0045,,
100,OR000001001271,I0046,,
100,OR000001001272,I0001,,
100,OR000001001273,I0002,,
100,OR000001001274,I0009,,
100,OR000001001275,I0012,,
100,OR000001001276,I0045,,
100,OR000001001277,I0046,,
100,OR000001001278,I0001,,
100,OR000001001279,I0002,,
100,OR000001001280,I0009,,
100,OR000001001281,I0012,,
100,OR000001001282,I0045,,
100,OR000001001283,I0046,,
100,OR000001001284,I0001,,
100,OR000001001285,I0002,,
100,OR000001001286,I0009,,
100,OR000001001287,I0012,,
100,OR000001001288,I0045,,
100,OR000001001289,I0046,,
100,OR000001001290,I0001,,
100,OR000001001291,I0002,,
100,OR000001001292,I0009,,
100,OR000001001293,I0012,,
100,OR000001001294,I0045,,
100,OR000001001295,I0046,,
100,OR000001001296,I0001,,
100,OR000001001297,I0002,,
100,OR000001001298,I0009,,
100,OR000001001299,I0012,,
100,OR000001001300,I0045,,
100,OR000001001301,I0046,,
100,OR000001001302,I0001,,
100,OR000001001303,I0002,,
100,OR000001001304,I0009,,
100,OR000001001305,I0012,,
100,OR000001001306,I0045,,
100,OR000001001307,I0046,,
100,OR000001001308,I0001,,
100,OR000001001309,I0002,,
100,OR000001001310,I0009,,
100,OR000001001311,I0012,,
100,OR000001001312,I0045,,
100,OR000001001313,I0046,,
100,OR000001001314,I0001,,
100,OR000001001315,I0002,,
100,OR000001001316,I0009,,
100,OR000001001317,I0012,,
100,OR000001001318,I0045,,
100,OR000001001319,I0046,,
100,OR000001001320,I0001,,
100,OR000001001321,I0002,,
100,OR000001001322,I0009,,
100,OR000001001323,I0012,,
100,OR000001001324,I0045,,
100,OR000001001325,I0046,,
100,OR000001001326,I0001,,
100,OR000001001327,I0002,,
100,OR000001001328,I0009,,
100,OR000001001329,I0012,,
100,OR000001001330,I0045,,
100,OR000001001331,I0046,,
100,OR000001001332,I0001,,
100,OR000001001333,I0002,,
100,OR000001001334,I0009,,
100,OR000001001335,I0012,,
100,OR000001001336,I0045,,
100,OR000001001337,I0046,,
100,OR000001001338,I0001,,
100,OR000001001339,I0002,,
100,OR000001001340,I0009,,
100,OR000001001341,I0012,,
100,OR000001001342,I0045,,
100,OR000001001343,I0046,,
100,OR000001001344,I0001,,
100,OR000001001345,I0002,,
100,OR000001001346,I0009,,
100,OR000001001347,I0012,,
100,OR000001001348,I0045,,
100,OR000001001349,I0046,,
100,OR000001001350,I0001,,
100,OR000001001351,I0002,,
100,OR000001001352,I0009,,
100,OR000001001353,I0012,,
100,OR000001001354,I0045,,
100,OR000001001355,I0046,,
100,OR000001001356,I0001,,
100,OR000001001357,I0002,,
100,OR000001001358,I0009,,
100,OR000001001359,I0012,,
100,OR000001001360,I0045,,
100,OR000001001361,I0046,,
100,OR000001001362,I0001,,
100,OR000001001363,I0002,,
100,OR000001001364,I0009,,
100,OR000001001365,I0012,,
100,OR000001001366,I0045,,
100,OR000001001367,I0046,,
100,OR000001001368,I0001,,
100,OR000001001369,I0002,,
100,OR000001001370,I0009,,
100,OR000001001371,I0012,,
100,OR000001001372,I0045,,
100,OR000001001373,I0046,,
100,OR000001001374,I0001,,
100,OR000001001375,I0002,,
100,OR000001001376,I0009,,
100,OR000001001377,I0012,,
100,OR000001001378,I0045,,
100,OR000001001379,I0046,,
100,OR000001001380,I0001,,
100,OR000001001381,I0002,,
100,OR000001001382,I0009,,
100,OR000001001383,I0012,,
100,OR000001001384,I0045,,
100,OR000001001385,I0046,,
100,OR000001001386,I0001,,
100,OR000001001387,I0002,,
100,OR000001001388,I0009,,
100,OR000001001389,I0012,,
100,OR000001001390,I0045,,
100,OR000001001391,I0046,,
100,OR000001001392,I0001,,
100,OR000001001393,I0002,,
100,OR000001001394,I0009,,
100,OR000001001395,I0012,,
100,OR000001001396,I0045,,
100,OR000001001397,I0046,,
100,OR000001001398,I0001,,
100,OR000001001399,I0002,,
100,OR000001001400,I0009,,
100,OR000001001401,I0012,,
100,OR000001001402,I0045,,
100,OR000001001403,I0046,,
100,OR000001001404,I0001,,
100,OR000001001405,I0002,,
100,OR000001001406,I0009,,
100,OR000001001407,I0012,,
100,OR000001001408,I0045,,
100,OR000001001409,I0046,,
100,OR000001001410,I0001,,
100,OR000001001411,I0002,,
100,OR000001001412,I0009,,
100,OR000001001413,I0012,,
100,OR000001001414,I0045,,
100,OR000001001415,I0046,,
100,OR000001001416,I0001,,
100,OR000001001417,I0002,,
100,OR000001001418,I0009,,
100,OR000001001419,I0012,,
100,OR000001001420,I0045,,
100,OR000001001421,I0046,,
100,OR000001001422,I0001,,
100,OR000001001423,I0002,,
100,OR000001001424,I0009,,
100,OR000001001425,I0012,,
100,OR000001001426,I0045,,
100,OR000001001427,I0046,,
100,OR000001001428,I0001,,
100,OR000001001429,I0002,,
100,OR000001001430,I0009,,
100,OR000001001431,I0012,,
100,OR000001001432,I0045,,
100,OR000001001433,I0046,,
100,OR000001001434,I0001,,
100,OR000001001435,I0002,,
100,OR000001001436,I0009,,
100,OR000001001437,I0012,,
100,OR000001001438,I0045,,
100,OR000001001439,I0046,,
100,OR000001001440,I0001,,
100,OR000001001441,I0002,,
100,OR000001001442,I0009,,
100,OR000001001443,I0012,,
100,OR000001001444,I0045,,
100,OR000001001445,I0046,,
100,OR000001001446,I0001,,
100,OR000001001447,I0002,,
100,OR000001001448,I0009,,
100,OR000001001449,I0012,,
100,OR000001001450,I0045,,
100,OR000001001451,I0046,,
100,OR000001001452,I0001,,
100,OR000001001453,I0002,,
100,OR000001001454,I0009,,
100,OR000001001455,I0012,,
100,OR000001001456,I0045,,
100,OR000001001457,I0046,,
100,OR000001001458,I0001,,
100,OR000001001459,I0002,,
100,OR000001001460,I0009,,
100,OR000001001461,I0012,,
100,OR000001001462,I0045,,
100,OR000001001463,I0046,,
100,OR000001001464,I0001,,
100,OR000001001465,I0002,,
100,OR000001001466,I0009,,
100,OR000001001467,I0012,,
100,OR000001001468,I0045,,
100,OR000001001469,I0046,,
100,OR000001001470,I0001,,
100,OR000001001471,I0002,,
100,OR000001001472,I0009,,
100,OR000001001473,I0012,,
100,OR000001001474,I0045,,
100,OR000001001475,I0046,,
100,OR000001001476,I0001,,
100,OR000001001477,I0002,,
100,OR000001001478,I0009,,
100,OR000001001479,I0012,,
100,OR000001001480,I0045,,
100,OR000001001481,I0046,,
100,OR000001001482,I0001,,
100,OR000001001483,I0002,,
100,OR000001001484,I0009,,
100,OR000001001485,I0012,,
100,OR000001001486,I0045,,
100,OR000001001487,I0046,,
100,OR000001001488,I0001,,
100,OR000001001489,I0002,,
100,OR000001001490,I0009,,
100,OR000001001491,I0012,,
100,OR000001001492,I0045,,
100,OR000001001493,I0046,,
100,OR000001001494,I0001,,
100,OR000001001495,I0002,,
100,OR000001001496,I0009,,
100,OR000001001497,I0012,,
100,OR000001001498,I0045,,
100,OR000001001499,I0046,,
100,OR000001001500,I0001,,
100,OR000001001501,I0002,,
100,OR000001001502,I0009,,
100,OR000001001503,I0012,,
100,OR000001001504,I0045,,
100,OR000001001505,I0046,,
100,OR000001001506,I0001,,
100,OR000001001507,I0002,,
100,OR000001001508,I0009,,
100,OR000001001509,I0012,,
100,OR000001001510,I0045,,
100,OR000001001511,I0046,,
100,OR000001001512,I0001,,
100,OR000001001513,I0002,,
100,OR000001001514,I0009,,
100,OR000001001515,I0012,,
100,OR000001001516,I0045,,
100,OR000001001517,I0046,,
100,OR000001001518,I0001,,
100,OR000001001519,I0002,,
100,OR000001001520,I0009,,
100,OR000001001521,I0012,,
100,OR000001001522,I0045,,
100,OR000001001523,I0046,,
100,OR000001001524,I0001,,
100,OR000001001525,I0002,,
100,OR000001001526,I0009,,
100,OR000001001527,I0012,,
100,OR000001001528,I0045,,
100,OR000001001529,I0046,,
100,OR000001001530,I0001,,
100,OR000001001531,I0002,,
100,OR000001001532,I0009,,
100,OR000001001533,I0012,,
100,OR000001001534,I0045,,
100,OR000001001535,I0046,,
100,OR000001001536,I0001,,
100,OR000001001537,I0002,,
100,OR000001001538,I0009,,
100,OR000001001539,I0012,,
100,OR000001001540,I0045,,
100,OR000001001541,I0046,,
100,OR000001001542,I0001,,
100,OR000001001543,I0002,,
100,OR000001001544,I0009,,
100,OR000001001545,I0012,,
100,OR000001001546,I0045,,
100,OR000001001547,I0046,,
100,OR000001001548,I0001,,
100,OR000001001549,I0002,,
100,OR000001001550,I0009,,
100,OR000001001551,I0012,,
100,OR000001001552,I0045,,
100,OR000001001553,I0046,,
100,OR000001001554,I0001,,
100,OR000001001555,I0002,,
100,OR000001001556,I0009,,
100,OR000001001557,I0012,,
100,OR000001001558,I0045,,
100,OR000001001559,I0046,,
100,OR000001001560,I0001,,
100,OR000001001561,I0002,,
100,OR000001001562,I0009,,
100,OR000001001563,I0012,,
100,OR000001001564,I0045,,
100,OR000001001565,I0046,,
100,OR000001001566,I0001,,
100,OR000001001567,I0002,,
100,OR000001001568,I0009,,
100,OR000001001569,I0012,,
100,OR000001001570,I0045,,
100,OR000001001571,I0046,,
100,OR000001001572,I0001,,
100,OR000001001573,I0002,,
100,OR000001001574,I0009,,
100,OR000001001575,I0012,,
100,OR000001001576,I0045,,
100,OR000001001577,I0046,,
100,OR000001001578,I0001,,
100,OR000001001579,I0002,,
100,OR000001001580,I0009,,
100,OR000001001581,I0012,,
100,OR000001001582,I0045,,
100,OR000001001583,I0046,,
100,OR000001001584,I0001,,
100,OR000001001585,I0002,,
100,OR000001001586,I0009,,
100,OR000001001587,I0012,,
100,OR000001001588,I0045,,
100,OR000001001589,I0046,,
100,OR000001001590,I0001,,
100,OR000001001591,I0002,,
100,OR000001001592,I0009,,
100,OR000001001593,I0012,,
100,OR000001001594,I0045,,
100,OR000001001595,I0046,,
100,OR000001001596,I0001,,
100,OR000001001597,I0002,,
100,OR000001001598,I0009,,
100,OR000001001599,I0012,,
100,OR000001001600,I0045,,
100,OR000001001601,I0046,,
100,OR000001001602,I0001,,
100,OR000001001603,I0002,,
100,OR000001001604,I0009,,
100,OR000001001605,I0012,,
100,OR000001001606,I0045,,
100,OR000001001607,I0046,,
100,OR000001001608,I0001,,
100,OR000001001609,I0002,,
100,OR000001001610,I0009,,
100,OR000001001611,I0012,,
100,OR000001001612,I0045,,
100,OR000001001613,I0046,,
100,OR000001001614,I0001,,
100,OR000001001615,I0002,,
100,OR000001001616,I0009,,
100,OR000001001617,I0012,,
100,OR000001001618,I0045,,
100,OR000001001619,I0046,,
100,OR000001001620,I0001,,
100,OR000001001621,I0002,,
100,OR000001001622,I0009,,
100,OR000001001623,I0012,,
100,OR000001001624,I0045,,
100,OR000001001625,I0046,,
100,OR000001001626,I0001,,
100,OR000001001627,I0002,,
100,OR000001001628,I0009,,
100,OR000001001629,I0012,,
100,OR000001001630,I0045,,
100,OR000001001631,I0046,,
100,OR000001001632,I0001,,
100,OR000001001633,I0002,,
100,OR000001001634,I0009,,
100,OR000001001635,I0012,,
100,OR000001001636,I0045,,
100,OR000001001637,I0046,,
100,OR000001001638,I0001,,
100,OR000001001639,I0002,,
100,OR000001001640,I0009,,
100,OR000001001641,I0012,,
100,OR000001001642,I0045,,
100,OR000001001643,I0046,,
100,OR000001001644,I0001,,
100,OR000001001645,I0002,,
100,OR000001001646,I0009,,
100,OR000001001647,I0012,,
100,OR000001001648,I0045,,
100,OR000001001649,I0046,,
100,OR000001001650,I0001,,
100,OR000001001651,I0002,,
100,OR000001001652,I0009,,
100,OR000001001653,I0012,,
100,OR000001001654,I0045,,
100,OR000001001655,I0046,,
100,OR000001001656,I0001,,
100,OR000001001657,I0002,,
100,OR000001001658,I0009,,
100,OR000001001659,I0012,,
100,OR000001001660,I0045,,
100,OR000001001661,I0046,,
100,OR000001001662,I0001,,
100,OR000001001663,I0002,,
100,OR000001001664,I0009,,
100,OR000001001665,I0012,,
100,OR000001001666,I0045,,
100,OR000001001667,I0046,,
100,OR000001001668,I0001,,
100,OR000001001669,I0002,,
100,OR000001001670,I0009,,
100,OR000001001671,I0012,,
100,OR000001001672,I0045,,
100,OR000001001673,I0046,,
100,OR000001001674,I0001,,
100,OR000001001675,I0002,,
100,OR000001001676,I0009,,
100,OR000001001677,I0012,,
100,OR000001001678,I0045,,
100,OR000001001679,I0046,,
100,OR000001001680,I0001,,
100,OR000001001681,I0002,,
100,OR000001001682,I0009,,
100,OR000001001683,I0012,,
100,OR000001001684,I0045,,
100,OR000001001685,I0046,,
100,OR000001001686,I0001,,
100,OR000001001687,I0002,,
100,OR000001001688,I0009,,
100,OR000001001689,I0012,,
100,OR000001001690,I0045,,
100,OR000001001691,I0046,,
100,OR000001001692,I0001,,
100,OR000001001693,I0002,,
100,OR000001001694,I0009,,
100,OR000001001695,I0012,,
100,OR000001001696,I0045,,
100,OR000001001697,I0046,,
100,OR000001001698,I0001,,
100,OR000001001699,I0002,,
100,OR000001001700,I0009,,
100,OR000001001701,I0012,,
100,OR000001001702,I0045,,
100,OR000001001703,I0046,,
100,OR000001001704,I0001,,
100,OR000001001705,I0002,,
100,OR000001001706,I0009,,
100,OR000001001707,I0012,,
100,OR000001001708,I0045,,
100,OR000001001709,I0046,,
100,OR000001001710,I0001,,
100,OR000001001711,I0002,,
100,OR000001001712,I0009,,
100,OR000001001713,I0012,,
100,OR000001001714,I0045,,
100,OR000001001715,I0046,,
100,OR000001001716,I0001,,
100,OR000001001717,I0002,,
100,OR000001001718,I0009,,
100,OR000001001719,I0012,,
100,OR000001001720,I0045,,
100,OR000001001721,I0046,,
100,OR000001001722,I0001,,
100,OR000001001723,I0002,,
100,OR000001001724,I0009,,
100,OR000001001725,I0012,,
100,OR000001001726,I0045,,
100,OR000001001727,I0046,,
100,OR000001001728,I0001,,
100,OR000001001729,I0002,,
100,OR000001001730,I0009,,
100,OR000001001731,I0012,,
100,OR000001001732,I0045,,
100,OR000001001733,I0046,,
100,OR000001001734,I0001,,
100,OR000001001735,I0002,,
100,OR000001001736,I0009,,
100,OR000001001737,I0012,,
100,OR000001001738,I0045,,
100,OR000001001739,I0046,,
100,OR000001001740,I0001,,
100,OR000001001741,I0002,,
100,OR000001001742,I0009,,
100,OR000001001743,I0012,,
100,OR000001001744,I0045,,
100,OR000001001745,I0046,,
100,OR000001001746,I0001,,
100,OR000001001747,I0002,,
100,OR000001001748,I0009,,
100,OR000001001749,I0012,,
100,OR000001001750,I0045,,
100,OR000001001751,I0046,,
100,OR000001001752,I0001,,
100,OR000001001753,I0002,,
100,OR000001001754,I0009,,
100,OR000001001755,I0012,,
100,OR000001001756,I0045,,
100,OR000001001757,I0046,,
100,OR000001001758,I0001,,
100,OR000001001759,I0002,,
100,OR000001001760,I0009,,
100,OR000001001761,I0012,,
100,OR000001001762,I0045,,
100,OR000001001763,I0046,,
100,OR000001001764,I0001,,
100,OR000001001765,I0002,,
100,OR000001001766,I0009,,
100,OR000001001767,I0012,,
100,OR000001001768,I0045,,
100,OR000001001769,I0046,,
100,OR000001001770,I0001,,
100,OR000001001771,I0002,,
100,OR000001001772,I0009,,
100,OR000001001773,I0012,,
100,OR000001001774,I0045,,
100,OR000001001775,I0046,,
100,OR000001001776,I0001,,
100,OR000001001777,I0002,,
100,OR000001001778,I0009,,
100,OR000001001779,I0012,,
100,OR000001001780,I0045,,
100,OR000001001781,I0046,,
100,OR000001001782,I0001,,
100,OR000001001783,I0002,,
100,OR000001001784,I0009,,
100,OR000001001785,I0012,,
100,OR000001001786,I0045,,
100,OR000001001787,I0046,,
100,OR000001001788,I0001,,
100,OR000001001789,I0002,,
100,OR000001001790,I0009,,
100,OR000001001791,I0012,,
100,OR000001001792,I0045,,
100,OR000001001793,I0046,,
100,OR000001001794,I0001,,
100,OR000001001795,I0002,,
100,OR000001001796,I0009,,
100,OR000001001797,I0012,,
100,OR000001001798,I0045,,
100,OR000001001799,I0046,,
100,OR000001001800,I0001,,
100,OR000001001801,I0002,,
100,OR000001001802,I0009,,
100,OR000001001803,I0012,,
100,OR000001001804,I0045,,
100,OR000001001805,I0046,,
100,OR000001001806,I0001,,
100,OR000001001807,I0002,,
100,OR000001001808,I0009,,
100,OR000001001809,I0012,,
100,OR000001001810,I0045,,
100,OR000001001811,I0046,,
100,OR000001001812,I0001,,
100,OR000001001813,I0002,,
100,OR000001001814,I0009,,
100,OR000001001815,I0012,,
100,OR000001001816,I0045,,
100,OR000001001817,I0046,,
100,OR000001001818,I0001,,
100,OR000001001819,I0002,,
100,OR000001001820,I0009,,
100,OR000001001821,I0012,,
100,OR000001001822,I0045,,
100,OR000001001823,I0046,,
100,OR000001001824,I0001,,
100,OR000001001825,I0002,,
100,OR000001001826,I0009,,
100,OR000001001827,I0012,,
100,OR000001001828,I0045,,
100,OR000001001829,I0046,,
100,OR000001001830,I0001,,
100,OR000001001831,I0002,,
100,OR000001001832,I0009,,
100,OR000001001833,I0012,,
100,OR000001001834,I0045,,
100,OR000001001835,I0046,,
100,OR000001001836,I0001,,
100,OR000001001837,I0002,,
100,OR000001001838,I0009,,
100,OR000001001839,I0012,,
100,OR000001001840,I0045,,
100,OR000001001841,I0046,,
100,OR000001001842,I0001,,
100,OR000001001843,I0002,,
100,OR000001001844,I0009,,
100,OR000001001845,I0012,,
100,OR000001001846,I0045,,
100,OR000001001847,I0046,,
100,OR000001001848,I0001,,
100,OR000001001849,I0002,,
100,OR000001001850,I0009,,
100,OR000001001851,I0012,,
100,OR000001001852,I0045,,
100,OR000001001853,I0046,,
100,OR000001001854,I0001,,
100,OR000001001855,I0002,,
100,OR000001001856,I0009,,
100,OR000001001857,I0012,,
100,OR000001001858,I0045,,
100,OR000001001859,I0046,,
100,OR000001001860,I0001,,
100,OR000001001861,I0002,,
100,OR000001001862,I0009,,
100,OR000001001863,I0012,,
100,OR000001001864,I0045,,
100,OR000001001865,I0046,,
100,OR000001001866,I0001,,
100,OR000001001867,I0002,,
100,OR000001001868,I0009,,
100,OR000001001869,I0012,,
100,OR000001001870,I0045,,
100,OR000001001871,I0046,,
100,OR000001001872,I0001,,
100,OR000001001873,I0002,,
100,OR000001001874,I0009,,
100,OR000001001875,I0012,,
100,OR000001001876,I0045,,
100,OR000001001877,I0046,,
100,OR000001001878,I0001,,
100,OR000001001879,I0002,,
100,OR000001001880,I0009,,
100,OR000001001881,I0012,,
100,OR000001001882,I0045,,
100,OR000001001883,I0046,,
100,OR000001001884,I0001,,
100,OR000001001885,I0002,,
100,OR000001001886,I0009,,
100,OR000001001887,I0012,,
100,OR000001001888,I0045,,
100,OR000001001889,I0046,,
100,OR000001001890,I0001,,
100,OR000001001891,I0002,,
100,OR000001001892,I0009,,
100,OR000001001893,I0012,,
100,OR000001001894,I0045,,
100,OR000001001895,I0046,,
100,OR000001001896,I0001,,
100,OR000001001897,I0002,,
100,OR000001001898,I0009,,
100,OR000001001899,I0012,,
100,OR000001001900,I0045,,
100,OR000001001901,I0046,,
100,OR000001001902,I0001,,
100,OR000001001903,I0002,,
100,OR000001001904,I0009,,
100,OR000001001905,I0012,,
100,OR000001001906,I0045,,
100,OR000001001907,I0046,,
100,OR000001001908,I0001,,
100,OR000001001909,I0002,,
100,OR000001001910,I0009,,
100,OR000001001911,I0012,,
100,OR000001001912,I0045,,
100,OR000001001913,I0046,,
100,OR000001001914,I0001,,
100,OR000001001915,I0002,,
100,OR000001001916,I0009,,
100,OR000001001917,I0012,,
100,OR000001001918,I0045,,
100,OR000001001919,I0046,,
100,OR000001001920,I0001,,
100,OR000001001921,I0002,,
100,OR000001001922,I0009,,
100,OR000001001923,I0012,,
100,OR000001001924,I0045,,
100,OR000001001925,I0046,,
100,OR000001001926,I0001,,
100,OR000001001927,I0002,,
100,OR000001001928,I0009,,
100,OR000001001929,I0012,,
100,OR000001001930,I0045,,
100,OR000001001931,I0046,,
100,OR000001001932,I0001,,
100,OR000001001933,I0002,,
100,OR000001001934,I0009,,
100,OR000001001935,I0012,,
100,OR000001001936,I0045,,
100,OR000001001937,I0046,,
100,OR000001001938,I0001,,
100,OR000001001939,I0002,,
100,OR000001001940,I0009,,
100,OR000001001941,I0012,,
100,OR000001001942,I0045,,
100,OR000001001943,I0046,,
100,OR000001001944,I0001,,
100,OR000001001945,I0002,,
100,OR000001001946,I0009,,
100,OR000001001947,I0012,,
100,OR000001001948,I0045,,
100,OR000001001949,I0046,,
100,OR000001001950,I0001,,
100,OR000001001951,I0002,,
100,OR000001001952,I0009,,
100,OR000001001953,I0012,,
100,OR000001001954,I0045,,
100,OR000001001955,I0046,,
100,OR000001001956,I0001,,
100,OR000001001957,I0002,,
100,OR000001001958,I0009,,
100,OR000001001959,I0012,,
100,OR000001001960,I0045,,
100,OR000001001961,I0046,,
100,OR000001001962,I0001,,
100,OR000001001963,I0002,,
100,OR000001001964,I0009,,
100,OR000001001965,I0012,,
100,OR000001001966,I0045,,
100,OR000001001967,I0046,,
100,OR000001001968,I0001,,
100,OR000001001969,I0002,,
100,OR000001001970,I0009,,
100,OR000001001971,I0012,,
100,OR000001001972,I0045,,
100,OR000001001973,I0046,,
100,OR000001001974,I0001,,
100,OR000001001975,I0002,,
100,OR000001001976,I0009,,
100,OR000001001977,I0012,,
100,OR000001001978,I0045,,
100,OR000001001979,I0046,,
100,OR000001001980,I0001,,
100,OR000001001981,I0002,,
100,OR000001001982,I0009,,
100,OR000001001983,I0012,,
100,OR000001001984,I0045,,
100,OR000001001985,I0046,,
100,OR000001001986,I0001,,
100,OR000001001987,I0002,,
100,OR000001001988,I0009,,
100,OR000001001989,I0012,,
100,OR000001001990,I0045,,
100,OR000001001991,I0046,,
100,OR000001001992,I0001,,
100,OR000001001993,I0002,,
100,OR000001001994,I0009,,
100,OR000001001995,I0012,,
100,OR000001001996,I0045,,
100,OR000001001997,I0046,,
100,OR000001001998,I0001,,
100,OR000001001999,I0002,,
100,OR000001002000,I0009,,
100,OR000001002001,I0012,,
100,OR000001002002,I0045,,
100,OR000001002003,I0046,,
100,OR000001002004,I0001,,
100,OR000001002005,I0002,,
100,OR000001002006,I0009,,
100,OR000001002007,I0012,,
100,OR000001002008,I0045,,
100,OR000001002009,I0046,,
100,OR000001002010,I0001,,
100,OR000001002011,I0002,,
100,OR000001002012,I0009,,
100,OR000001002013,I0012,,
100,OR000001002014,I0045,,
100,OR000001002015,I0046,,
100,OR000001002016,I0001,,
100,OR000001002017,I0002,,
100,OR000001002018,I0009,,
100,OR000001002019,I0012,,
100,OR000001002020,I0045,,
100,OR000001002021,I0046,,
100,OR000001002022,I0001,,
100,OR000001002023,I0002,,
100,OR000001002024,I0009,,
100,OR000001002025,I0012,,
100,OR000001002026,I0045,,
100,OR000001002027,I0046,,
100,OR000001002028,I0001,,
100,OR000001002029,I0002,,
100,OR000001002030,I0009,,
100,OR000001002031,I0012,,
100,OR000001002032,I0045,,
100,OR000001002033,I0046,,
100,OR000001002034,I0001,,
100,OR000001002035,I0002,,
100,OR000001002036,I0009,,
100,OR000001002037,I0012,,
100,OR000001002038,I0045,,
100,OR000001002039,I0046,,
100,OR000001002040,I0001,,
100,OR000001002041,I0002,,
100,OR000001002042,I0009,,
100,OR000001002043,I0012,,
100,OR000001002044,I0045,,
100,OR000001002045,I0046,,
100,OR000001002046,I0001,,
100,OR000001002047,I0002,,
100,OR000001002048,I0009,,
100,OR000001002049,I0012,,
100,OR000001002050,I0045,,
100,OR000001002051,I0046,,
100,OR000001002052,I0001,,
100,OR000001002053,I0002,,
100,OR000001002054,I0009,,
100,OR000001002055,I0012,,
100,OR000001002056,I0045,,
100,OR000001002057,I0046,,
100,OR000001002058,I0001,,
100,OR000001002059,I0002,,
100,OR000001002060,I0009,,
100,OR000001002061,I0012,,
100,OR000001002062,I0045,,
100,OR000001002063,I0046,,
100,OR000001002064,I0001,,
100,OR000001002065,I0002,,
100,OR000001002066,I0009,,
100,OR000001002067,I0012,,
100,OR000001002068,I0045,,
100,OR000001002069,I0046,,
100,OR000001002070,I0001,,
100,OR000001002071,I0002,,
100,OR000001002072,I0009,,
100,OR000001002073,I0012,,
100,OR000001002074,I0045,,
100,OR000001002075,I0046,,
100,OR000001002076,I0001,,
100,OR000001002077,I0002,,
100,OR000001002078,I0009,,
100,OR000001002079,I0012,,
100,OR000001002080,I0045,,
100,OR000001002081,I0046,,
100,OR000001002082,I0001,,
100,OR000001002083,I0002,,
100,OR000001002084,I0009,,
100,OR000001002085,I0012,,
100,OR000001002086,I0045,,
100,OR000001002087,I0046,,
100,OR000001002088,I0001,,
100,OR000001002089,I0002,,
100,OR000001002090,I0009,,
100,OR000001002091,I0012,,
100,OR000001002092,I0045,,
100,OR000001002093,I0046,,
100,OR000001002094,I0001,,
100,OR000001002095,I0002,,
100,OR000001002096,I0009,,
100,OR000001002097,I0012,,
100,OR000001002098,I0045,,
100,OR000001002099,I0046,,
100,OR000001002100,I0001,,
100,OR000001002101,I0002,,
100,OR000001002102,I0009,,
100,OR000001002103,I0012,,
100,OR000001002104,I0045,,
100,OR000001002105,I0046,,
100,OR000001002106,I0001,,
100,OR000001002107,I0002,,
100,OR000001002108,I0009,,
100,OR000001002109,I0012,,
100,OR000001002110,I0045,,
100,OR000001002111,I0046,,
100,OR000001002112,I0001,,
100,OR000001002113,I0002,,
100,OR000001002114,I0009,,
100,OR000001002115,I0012,,
100,OR000001002116,I0045,,
100,OR000001002117,I0046,,
100,OR000001002118,I0001,,
100,OR000001002119,I0002,,
100,OR000001002120,I0009,,
100,OR000001002121,I0012,,
100,OR000001002122,I0045,,
100,OR000001002123,I0046,,
100,OR000001002124,I0001,,
100,OR000001002125,I0002,,
100,OR000001002126,I0009,,
100,OR000001002127,I0012,,
100,OR000001002128,I0045,,
100,OR000001002129,I0046,,
100,OR000001002130,I0001,,
100,OR000001002131,I0002,,
100,OR000001002132,I0009,,
100,OR000001002133,I0012,,
100,OR000001002134,I0045,,
100,OR000001002135,I0046,,
100,OR000001002136,I0001,,
100,OR000001002137,I0002,,
100,OR000001002138,I0009,,
100,OR000001002139,I0012,,
100,OR000001002140,I0045,,
100,OR000001002141,I0046,,
100,OR000001002142,I0001,,
100,OR000001002143,I0002,,
100,OR000001002144,I0009,,
100,OR000001002145,I0012,,
100,OR000001002146,I0045,,
100,OR000001002147,I0046,,
100,OR000001002148,I0001,,
100,OR000001002149,I0002,,
100,OR000001002150,I0009,,
100,OR000001002151,I0012,,
100,OR000001002152,I0045,,
100,OR000001002153,I0046,,
100,OR000001002154,I0001,,
100,OR000001002155,I0002,,
100,OR000001002156,I0009,,
100,OR000001002157,I0012,,
100,OR000001002158,I0045,,
100,OR000001002159,I0046,,
100,OR000001002160,I0001,,
100,OR000001002161,I0002,,
100,OR000001002162,I0009,,
100,OR000001002163,I0012,,
100,OR000001002164,I0045,,
100,OR000001002165,I0046,,
100,OR000001002166,I0001,,
100,OR000001002167,I0002,,
100,OR000001002168,I0009,,
100,OR000001002169,I0012,,
100,OR000001002170,I0045,,
100,OR000001002171,I0046,,
100,OR000001002172,I0001,,
100,OR000001002173,I0002,,
100,OR000001002174,I0009,,
100,OR000001002175,I0012,,
100,OR000001002176,I0045,,
100,OR000001002177,I0046,,
100,OR000001002178,I0001,,
100,OR000001002179,I0002,,
100,OR000001002180,I0009,,
100,OR000001002181,I0012,,
100,OR000001002182,I0045,,
100,OR000001002183,I0046,,
100,OR000001002184,I0001,,
100,OR000001002185,I0002,,
100,OR000001002186,I0009,,
100,OR000001002187,I0012,,
100,OR000001002188,I0045,,
100,OR000001002189,I0046,,
100,OR000001002190,I0001,,
100,OR000001002191,I0002,,
100,OR000001002192,I0009,,
100,OR000001002193,I0012,,
100,OR000001002194,I0045,,
100,OR000001002195,I0046,,
100,OR000001002196,I0001,,
100,OR000001002197,I0002,,
100,OR000001002198,I0009,,
100,OR000001002199,I0012,,
100,OR000001002200,I0045,,
100,OR000001002201,I0046,,
100,OR000001002202,I0001,,
100,OR000001002203,I0002,,
100,OR000001002204,I0009,,
100,OR000001002205,I0012,,
100,OR000001002206,I0045,,
100,OR000001002207,I0046,,
100,OR000001002208,I0001,,
100,OR000001002209,I0002,,
100,OR000001002210,I0009,,
100,OR000001002211,I0012,,
100,OR000001002212,I0045,,
100,OR000001002213,I0046,,
100,OR000001002214,I0001,,
100,OR000001002215,I0002,,
100,OR000001002216,I0009,,
100,OR000001002217,I0012,,
100,OR000001002218,I0045,,
100,OR000001002219,I0046,,
100,OR000001002220,I0001,,
100,OR000001002221,I0002,,
100,OR000001002222,I0009,,
100,OR000001002223,I0012,,
100,OR000001002224,I0045,,
100,OR000001002225,I0046,,
100,OR000001002226,I0001,,
100,OR000001002227,I0002,,
100,OR000001002228,I0009,,
100,OR000001002229,I0012,,
100,OR000001002230,I0045,,
100,OR000001002231,I0046,,
100,OR000001002232,I0001,,
100,OR000001002233,I0002,,
100,OR000001002234,I0009,,
100,OR000001002235,I0012,,
100,OR000001002236,I0045,,
100,OR000001002237,I0046,,
100,OR000001002238,I0001,,
100,OR000001002239,I0002,,
100,OR000001002240,I0009,,
100,OR000001002241,I0012,,
100,OR000001002242,I0045,,
100,OR000001002243,I0046,,
100,OR000001002244,I0001,,
100,OR000001002245,I0002,,
100,OR000001002246,I0009,,
100,OR000001002247,I0012,,
100,OR000001002248,I0045,,
100,OR000001002249,I0046,,
100,OR000001002250,I0001,,
100,OR000001002251,I0002,,
100,OR000001002252,I0009,,
100,OR000001002253,I0012,,
100,OR000001002254,I0045,,
100,OR000001002255,I0046,,
100,OR000001002256,I0001,,
100,OR000001002257,I0002,,
100,OR000001002258,I0009,,
100,OR000001002259,I0012,,
100,OR000001002260,I0045,,
100,OR000001002261,I0046,,
100,OR000001002262,I0001,,
100,OR000001002263,I0002,,
100,OR000001002264,I0009,,
100,OR000001002265,I0012,,
100,OR000001002266,I0045,,
100,OR000001002267,I0046,,
100,OR000001002268,I0001,,
100,OR000001002269,I0002,,
100,OR000001002270,I0009,,
100,OR000001002271,I0012,,
100,OR000001002272,I0045,,
100,OR000001002273,I0046,,
100,OR000001002274,I0001,,
100,OR000001002275,I0002,,
100,OR000001002276,I0009,,
100,OR000001002277,I0012,,
100,OR000001002278,I0045,,
100,OR000001002279,I0046,,
100,OR000001002280,I0001,,
100,OR000001002281,I0002,,
100,OR000001002282,I0009,,
100,OR000001002283,I0012,,
100,OR000001002284,I0045,,
100,OR000001002285,I0046,,
100,OR000001002286,I0001,,
100,OR000001002287,I0002,,
100,OR000001002288,I0009,,
100,OR000001002289,I0012,,
100,OR000001002290,I0045,,
100,OR000001002291,I0046,,
100,OR000001002292,I0001,,
100,OR000001002293,I0002,,
100,OR000001002294,I0009,,
100,OR000001002295,I0012,,
100,OR000001002296,I0045,,
100,OR000001002297,I0046,,
100,OR000001002298,I0001,,
100,OR000001002299,I0002,,
100,OR000001002300,I0009,,
100,OR000001002301,I0012,,
100,OR000001002302,I0045,,
100,OR000001002303,I0046,,
100,OR000001002304,I0001,,
100,OR000001002305,I0002,,
100,OR000001002306,I0009,,
100,OR000001002307,I0012,,
100,OR000001002308,I0045,,
100,OR000001002309,I0046,,
100,OR000001002310,I0001,,
100,OR000001002311,I0002,,
100,OR000001002312,I0009,,
100,OR000001002313,I0012,,
100,OR000001002314,I0045,,
100,OR000001002315,I0046,,
100,OR000001002316,I0001,,
100,OR000001002317,I0002,,
100,OR000001002318,I0009,,
100,OR000001002319,I0012,,
100,OR000001002320,I0045,,
100,OR000001002321,I0046,,
100,OR000001002322,I0001,,
100,OR000001002323,I0002,,
100,OR000001002324,I0009,,
100,OR000001002325,I0012,,
100,OR000001002326,I0045,,
100,OR000001002327,I0046,,
100,OR000001002328,I0001,,
100,OR000001002329,I0002,,
100,OR000001002330,I0009,,
100,OR000001002331,I0012,,
100,OR000001002332,I0045,,
100,OR000001002333,I0046,,
100,OR000001002334,I0001,,
100,OR000001002335,I0002,,
100,OR000001002336,I0009,,
100,OR000001002337,I0012,,
100,OR000001002338,I0045,,
100,OR000001002339,I0046,,
100,OR000001002340,I0001,,
100,OR000001002341,I0002,,
100,OR000001002342,I0009,,
100,OR000001002343,I0012,,
100,OR000001002344,I0045,,
100,OR000001002345,I0046,,
100,OR000001002346,I0001,,
100,OR000001002347,I0002,,
100,OR000001002348,I0009,,
100,OR000001002349,I0012,,
100,OR000001002350,I0045,,
100,OR000001002351,I0046,,
100,OR000001002352,I0001,,
100,OR000001002353,I0002,,
100,OR000001002354,I0009,,
100,OR000001002355,I0012,,
100,OR000001002356,I0045,,
100,OR000001002357,I0046,,
100,OR000001002358,I0001,,
100,OR000001002359,I0002,,
100,OR000001002360,I0009,,
100,OR000001002361,I0012,,
100,OR000001002362,I0045,,
100,OR000001002363,I0046,,
100,OR000001002364,I0001,,
100,OR000001002365,I0002,,
100,OR000001002366,I0009,,
100,OR000001002367,I0012,,
100,OR000001002368,I0045,,
100,OR000001002369,I0046,,
100,OR000001002370,I0001,,
100,OR000001002371,I0002,,
100,OR000001002372,I0009,,
100,OR000001002373,I0012,,
100,OR000001002374,I0045,,
100,OR000001002375,I0046,,
100,OR000001002376,I0001,,
100,OR000001002377,I0002,,
100,OR000001002378,I0009,,
100,OR000001002379,I0012,,
100,OR000001002380,I0045,,
100,OR000001002381,I0046,,
100,OR000001002382,I0001,,
100,OR000001002383,I0002,,
100,OR000001002384,I0009,,
100,OR000001002385,I0012,,
100,OR000001002386,I0045,,
100,OR000001002387,I0046,,
100,OR000001002388,I0001,,
100,OR000001002389,I0002,,
100,OR000001002390,I0009,,
100,OR000001002391,I0012,,
100,OR000001002392,I0045,,
100,OR000001002393,I0046,,
100,OR000001002394,I0001,,
100,OR000001002395,I0002,,
100,OR000001002396,I0009,,
100,OR000001002397,I0012,,
100,OR000001002398,I0045,,
100,OR000001002399,I0046,,
100,OR000001002400,I0001,,
100,OR000001002401,I0002,,
100,OR000001002402,I0009,,
100,OR000001002403,I0012,,
100,OR000001002404,I0045,,
100,OR000001002405,I0046,,
100,OR000001002406,I0001,,
100,OR000001002407,I0002,,
100,OR000001002408,I0009,,
100,OR000001002409,I0012,,
100,OR000001002410,I0045,,
100,OR000001002411,I0046,,
100,OR000001002412,I0001,,
100,OR000001002413,I0002,,
100,OR000001002414,I0009,,
100,OR000001002415,I0012,,
100,OR000001002416,I0045,,
100,OR000001002417,I0046,,
100,OR000001002418,I0001,,
100,OR000001002419,I0002,,
100,OR000001002420,I0009,,
100,OR000001002421,I0012,,
100,OR000001002422,I0045,,
100,OR000001002423,I0046,,
100,OR000001002424,I0001,,
100,OR000001002425,I0002,,
100,OR000001002426,I0009,,
100,OR000001002427,I0012,,
100,OR000001002428,I0045,,
100,OR000001002429,I0046,,
100,OR000001002430,I0001,,
100,OR000001002431,I0002,,
100,OR000001002432,I0009,,
100,OR000001002433,I0012,,
100,OR000001002434,I0045,,
100,OR000001002435,I0046,,
100,OR000001002436,I0001,,
100,OR000001002437,I0002,,
100,OR000001002438,I0009,,
100,OR000001002439,I0012,,
100,OR000001002440,I0045,,
100,OR000001002441,I0046,,
100,OR000001002442,I0001,,
100,OR000001002443,I0002,,
100,OR000001002444,I0009,,
100,OR000001002445,I0012,,
100,OR000001002446,I0045,,
100,OR000001002447,I0046,,
100,OR000001002448,I0001,,
100,OR000001002449,I0002,,
100,OR000001002450,I0009,,
100,OR000001002451,I0012,,
100,OR000001002452,I0045,,
100,OR000001002453,I0046,,
100,OR000001002454,I0001,,
100,OR000001002455,I0002,,
100,OR000001002456,I0009,,
100,OR000001002457,I0012,,
100,OR000001002458,I0045,,
100,OR000001002459,I0046,,
100,OR000001002460,I0001,,
100,OR000001002461,I0002,,
100,OR000001002462,I0009,,
100,OR000001002463,I0012,,
100,OR000001002464,I0045,,
100,OR000001002465,I0046,,
100,OR000001002466,I0001,,
100,OR000001002467,I0002,,
100,OR000001002468,I0009,,
100,OR000001002469,I0012,,
100,OR000001002470,I0045,,
100,OR000001002471,I0046,,
100,OR000001002472,I0001,,
100,OR000001002473,I0002,,
100,OR000001002474,I0009,,
100,OR000001002475,I0012,,
100,OR000001002476,I0045,,
100,OR000001002477,I0046,,
100,OR000001002478,I0001,,
100,OR000001002479,I0002,,
100,OR000001002480,I0009,,
100,OR000001002481,I0012,,
100,OR000001002482,I0045,,
100,OR000001002483,I0046,,
100,OR000001002484,I0001,,
100,OR000001002485,I0002,,
100,OR000001002486,I0009,,
100,OR000001002487,I0012,,
100,OR000001002488,I0045,,
100,OR000001002489,I0046,,
100,OR000001002490,I0001,,
100,OR000001002491,I0002,,
100,OR000001002492,I0009,,
100,OR000001002493,I0012,,
100,OR000001002494,I0045,,
100,OR000001002495,I0046,,
100,OR000001002496,I0001,,
100,OR000001002497,I0002,,
100,OR000001002498,I0009,,
100,OR000001002499,I0012,,
100,OR000001002500,I0045,,
100,OR000001002501,I0046,,
100,OR000001002502,I0001,,
100,OR000001002503,I0002,,
100,OR000001002504,I0009,,
100,OR000001002505,I0012,,
100,OR000001002506,I0045,,
100,OR000001002507,I0046,,
100,OR000001002508,I0001,,
100,OR000001002509,I0002,,
100,OR000001002510,I0009,,
100,OR000001002511,I0012,,
100,OR000001002512,I0045,,
100,OR000001002513,I0046,,
100,OR000001002514,I0001,,
100,OR000001002515,I0002,,
100,OR000001002516,I0009,,
100,OR000001002517,I0012,,
100,OR000001002518,I0045,,
100,OR000001002519,I0046,,
100,OR000001002520,I0001,,
100,OR000001002521,I0002,,
100,OR000001002522,I0009,,
100,OR000001002523,I0012,,
100,OR000001002524,I0045,,
100,OR000001002525,I0046,,
100,OR000001002526,I0001,,
100,OR000001002527,I0002,,
100,OR000001002528,I0009,,
100,OR000001002529,I0012,,
100,OR000001002530,I0045,,
100,OR000001002531,I0046,,
100,OR000001002532,I0001,,
100,OR000001002533,I0002,,
100,OR000001002534,I0009,,
100,OR000001002535,I0012,,
100,OR000001002536,I0045,,
100,OR000001002537,I0046,,
100,OR000001002538,I0001,,
100,OR000001002539,I0002,,
100,OR000001002540,I0009,,
100,OR000001002541,I0012,,
100,OR000001002542,I0045,,
100,OR000001002543,I0046,,
100,OR000001002544,I0001,,
100,OR000001002545,I0002,,
100,OR000001002546,I0009,,
100,OR000001002547,I0012,,
100,OR000001002548,I0045,,
100,OR000001002549,I0046,,
100,OR000001002550,I0001,,
100,OR000001002551,I0002,,
100,OR000001002552,I0009,,
100,OR000001002553,I0012,,
100,OR000001002554,I0045,,
100,OR000001002555,I0046,,
100,OR000001002556,I0001,,
100,OR000001002557,I0002,,
100,OR000001002558,I0009,,
100,OR000001002559,I0012,,
100,OR000001002560,I0045,,
100,OR000001002561,I0046,,
100,OR000001002562,I0001,,
100,OR000001002563,I0002,,
100,OR000001002564,I0009,,
100,OR000001002565,I0012,,
100,OR000001002566,I0045,,
100,OR000001002567,I0046,,
100,OR000001002568,I0001,,
100,OR000001002569,I0002,,
100,OR000001002570,I0009,,
100,OR000001002571,I0012,,
100,OR000001002572,I0045,,
100,OR000001002573,I0046,,
100,OR000001002574,I0001,,
100,OR000001002575,I0002,,
100,OR000001002576,I0009,,
100,OR000001002577,I0012,,
100,OR000001002578,I0045,,
100,OR000001002579,I0046,,
100,OR000001002580,I0001,,
100,OR000001002581,I0002,,
100,OR000001002582,I0009,,
100,OR000001002583,I0012,,
100,OR000001002584,I0045,,
100,OR000001002585,I0046,,
100,OR000001002586,I0001,,
100,OR000001002587,I0002,,
100,OR000001002588,I0009,,
100,OR000001002589,I0012,,
100,OR000001002590,I0045,,
100,OR000001002591,I0046,,
100,OR000001002592,I0001,,
100,OR000001002593,I0002,,
100,OR000001002594,I0009,,
100,OR000001002595,I0012,,
100,OR000001002596,I0045,,
100,OR000001002597,I0046,,
100,OR000001002598,I0001,,
100,OR000001002599,I0002,,
100,OR000001002600,I0009,,
100,OR000001002601,I0012,,
100,OR000001002602,I0045,,
100,OR000001002603,I0046,,
100,OR000001002604,I0001,,
100,OR000001002605,I0002,,
100,OR000001002606,I0009,,
100,OR000001002607,I0012,,
100,OR000001002608,I0045,,
100,OR000001002609,I0046,,
100,OR000001002610,I0001,,
100,OR000001002611,I0002,,
100,OR000001002612,I0009,,
100,OR000001002613,I0012,,
100,OR000001002614,I0045,,
100,OR000001002615,I0046,,
100,OR000001002616,I0001,,
100,OR000001002617,I0002,,
100,OR000001002618,I0009,,
100,OR000001002619,I0012,,
100,OR000001002620,I0045,,
100,OR000001002621,I0046,,
100,OR000001002622,I0001,,
100,OR000001002623,I0002,,
100,OR000001002624,I0009,,
100,OR000001002625,I0012,,
100,OR000001002626,I0045,,
100,OR000001002627,I0046,,
100,OR000001002628,I0001,,
100,OR000001002629,I0002,,
100,OR000001002630,I0009,,
100,OR000001002631,I0012,,
100,OR000001002632,I0045,,
100,OR000001002633,I0046,,
100,OR000001002634,I0001,,
100,OR000001002635,I0002,,
100,OR000001002636,I0009,,
100,OR000001002637,I0012,,
100,OR000001002638,I0045,,
100,OR000001002639,I0046,,
100,OR000001002640,I0001,,
100,OR000001002641,I0002,,
100,OR000001002642,I0009,,
100,OR000001002643,I0012,,
100,OR000001002644,I0045,,
100,OR000001002645,I0046,,
100,OR000001002646,I0001,,
100,OR000001002647,I0002,,
100,OR000001002648,I0009,,
100,OR000001002649,I0012,,
100,OR000001002650,I0045,,
100,OR000001002651,I0046,,
100,OR000001002652,I0001,,
100,OR000001002653,I0002,,
100,OR000001002654,I0009,,
100,OR000001002655,I0012,,
100,OR000001002656,I0045,,
100,OR000001002657,I0046,,
100,OR000001002658,I0001,,
100,OR000001002659,I0002,,
100,OR000001002660,I0009,,
100,OR000001002661,I0012,,
100,OR000001002662,I0045,,
100,OR000001002663,I0046,,
100,OR000001002664,I0001,,
100,OR000001002665,I0002,,
100,OR000001002666,I0009,,
100,OR000001002667,I0012,,
100,OR000001002668,I0045,,
100,OR000001002669,I0046,,
100,OR000001002670,I0001,,
100,OR000001002671,I0002,,
100,OR000001002672,I0009,,
100,OR000001002673,I0012,,
100,OR000001002674,I0045,,
100,OR000001002675,I0046,,
100,OR000001002676,I0001,,
100,OR000001002677,I0002,,
100,OR000001002678,I0009,,
100,OR000001002679,I0012,,
100,OR000001002680,I0045,,
100,OR000001002681,I0046,,
100,OR000001002682,I0001,,
100,OR000001002683,I0002,,
100,OR000001002684,I0009,,
100,OR000001002685,I0012,,
100,OR000001002686,I0045,,
100,OR000001002687,I0046,,
100,OR000001002688,I0001,,
100,OR000001002689,I0002,,
100,OR000001002690,I0009,,
100,OR000001002691,I0012,,
100,OR000001002692,I0045,,
100,OR000001002693,I0046,,
100,OR000001002694,I0001,,
100,OR000001002695,I0002,,
100,OR000001002696,I0009,,
100,OR000001002697,I0012,,
100,OR000001002698,I0045,,
100,OR000001002699,I0046,,
100,OR000001002700,I0001,,
100,OR000001002701,I0002,,
100,OR000001002702,I0009,,
100,OR000001002703,I0012,,
100,OR000001002704,I0045,,
100,OR000001002705,I0046,,
100,OR000001002706,I0001,,
100,OR000001002707,I0002,,
100,OR000001002708,I0009,,
100,OR000001002709,I0012,,
100,OR000001002710,I0045,,
100,OR000001002711,I0046,,
100,OR000001002712,I0001,,
100,OR000001002713,I0002,,
100,OR000001002714,I0009,,
100,OR000001002715,I0012,,
100,OR000001002716,I0045,,
100,OR000001002717,I0046,,
100,OR000001002718,I0001,,
100,OR000001002719,I0002,,
100,OR000001002720,I0009,,
100,OR000001002721,I0012,,
100,OR000001002722,I0045,,
100,OR000001002723,I0046,,
100,OR000001002724,I0001,,
100,OR000001002725,I0002,,
100,OR000001002726,I0009,,
100,OR000001002727,I0012,,
100,OR000001002728,I0045,,
100,OR000001002729,I0046,,
100,OR000001002730,I0001,,
100,OR000001002731,I0002,,
100,OR000001002732,I0009,,
100,OR000001002733,I0012,,
100,OR000001002734,I0045,,
100,OR000001002735,I0046,,
100,OR000001002736,I0001,,
100,OR000001002737,I0002,,
100,OR000001002738,I0009,,
100,OR000001002739,I0012,,
100,OR000001002740,I0045,,
100,OR000001002741,I0046,,
100,OR000001002742,I0001,,
100,OR000001002743,I0002,,
100,OR000001002744,I0009,,
100,OR000001002745,I0012,,
100,OR000001002746,I0045,,
100,OR000001002747,I0046,,
100,OR000001002748,I0001,,
100,OR000001002749,I0002,,
100,OR000001002750,I0009,,
100,OR000001002751,I0012,,
100,OR000001002752,I0045,,
100,OR000001002753,I0046,,
100,OR000001002754,I0001,,
100,OR000001002755,I0002,,
100,OR000001002756,I0009,,
100,OR000001002757,I0012,,
100,OR000001002758,I0045,,
100,OR000001002759,I0046,,
100,OR000001002760,I0001,,
100,OR000001002761,I0002,,
100,OR000001002762,I0009,,
100,OR000001002763,I0012,,
100,OR000001002764,I0045,,
100,OR000001002765,I0046,,
100,OR000001002766,I0001,,
100,OR000001002767,I0002,,
100,OR000001002768,I0009,,
100,OR000001002769,I0012,,
100,OR000001002770,I0045,,
100,OR000001002771,I0046,,
100,OR000001002772,I0001,,
100,OR000001002773,I0002,,
100,OR000001002774,I0009,,
100,OR000001002775,I0012,,
100,OR000001002776,I0045,,
100,OR000001002777,I0046,,
100,OR000001002778,I0001,,
100,OR000001002779,I0002,,
100,OR000001002780,I0009,,
100,OR000001002781,I0012,,
100,OR000001002782,I0045,,
100,OR000001002783,I0046,,
100,OR000001002784,I0001,,
100,OR000001002785,I0002,,
100,OR000001002786,I0009,,
100,OR000001002787,I0012,,
100,OR000001002788,I0045,,
100,OR000001002789,I0046,,
100,OR000001002790,I0001,,
100,OR000001002791,I0002,,
100,OR000001002792,I0009,,
100,OR000001002793,I0012,,
100,OR000001002794,I0045,,
100,OR000001002795,I0046,,
100,OR000001002796,I0001,,
100,OR000001002797,I0002,,
100,OR000001002798,I0009,,
100,OR000001002799,I0012,,
100,OR000001002800,I0045,,
100,OR000001002801,I0046,,
100,OR000001002802,I0001,,
100,OR000001002803,I0002,,
100,OR000001002804,I0009,,
100,OR000001002805,I0012,,
100,OR000001002806,I0045,,
100,OR000001002807,I0046,,
100,OR000001002808,I0001,,
100,OR000001002809,I0002,,
100,OR000001002810,I0009,,
100,OR000001002811,I0012,,
100,OR000001002812,I0045,,
100,OR000001002813,I0046,,
100,OR000001002814,I0001,,
100,OR000001002815,I0002,,
100,OR000001002816,I0009,,
100,OR000001002817,I0012,,
100,OR000001002818,I0045,,
100,OR000001002819,I0046,,
100,OR000001002820,I0001,,
100,OR000001002821,I0002,,
100,OR000001002822,I0009,,
100,OR000001002823,I0012,,
100,OR000001002824,I0045,,
100,OR000001002825,I0046,,
100,OR000001002826,I0001,,
100,OR000001002827,I0002,,
100,OR000001002828,I0009,,
100,OR000001002829,I0012,,
100,OR000001002830,I0045,,
100,OR000001002831,I0046,,
100,OR000001002832,I0001,,
100,OR000001002833,I0002,,
100,OR000001002834,I0009,,
100,OR000001002835,I0012,,
100,OR000001002836,I0045,,
100,OR000001002837,I0046,,
100,OR000001002838,I0001,,
100,OR000001002839,I0002,,
100,OR000001002840,I0009,,
100,OR000001002841,I0012,,
100,OR000001002842,I0045,,
100,OR000001002843,I0046,,
100,OR000001002844,I0001,,
100,OR000001002845,I0002,,
100,OR000001002846,I0009,,
100,OR000001002847,I0012,,
100,OR000001002848,I0045,,
100,OR000001002849,I0046,,
100,OR000001002850,I0001,,
100,OR000001002851,I0002,,
100,OR000001002852,I0009,,
100,OR000001002853,I0012,,
100,OR000001002854,I0045,,
100,OR000001002855,I0046,,
100,OR000001002856,I0001,,
100,OR000001002857,I0002,,
100,OR000001002858,I0009,,
100,OR000001002859,I0012,,
100,OR000001002860,I0045,,
100,OR000001002861,I0046,,
100,OR000001002862,I0001,,
100,OR000001002863,I0002,,
100,OR000001002864,I0009,,
100,OR000001002865,I0012,,
100,OR000001002866,I0045,,
100,OR000001002867,I0046,,
100,OR000001002868,I0001,,
100,OR000001002869,I0002,,
100,OR000001002870,I0009,,
100,OR000001002871,I0012,,
100,OR000001002872,I0045,,
100,OR000001002873,I0046,,
100,OR000001002874,I0001,,
100,OR000001002875,I0002,,
100,OR000001002876,I0009,,
100,OR000001002877,I0012,,
100,OR000001002878,I0045,,
100,OR000001002879,I0046,,
100,OR000001002880,I0001,,
100,OR000001002881,I0002,,
100,OR000001002882,I0009,,
100,OR000001002883,I0012,,
100,OR000001002884,I0045,,
100,OR000001002885,I0046,,
100,OR000001002886,I0001,,
100,OR000001002887,I0002,,
100,OR000001002888,I0009,,
100,OR000001002889,I0012,,
100,OR000001002890,I0045,,
100,OR000001002891,I0046,,
100,OR000001002892,I0001,,
100,OR000001002893,I0002,,
100,OR000001002894,I0009,,
100,OR000001002895,I0012,,
100,OR000001002896,I0045,,
100,OR000001002897,I0046,,
100,OR000001002898,I0001,,
100,OR000001002899,I0002,,
100,OR000001002900,I0009,,
100,OR000001002901,I0012,,
100,OR000001002902,I0045,,
100,OR000001002903,I0046,,
100,OR000001002904,I0001,,
100,OR000001002905,I0002,,
100,OR000001002906,I0009,,
100,OR000001002907,I0012,,
100,OR000001002908,I0045,,
100,OR000001002909,I0046,,
100,OR000001002910,I0001,,
100,OR000001002911,I0002,,
100,OR000001002912,I0009,,
100,OR000001002913,I0012,,
100,OR000001002914,I0045,,
100,OR000001002915,I0046,,
100,OR000001002916,I0001,,
100,OR000001002917,I0002,,
100,OR000001002918,I0009,,
100,OR000001002919,I0012,,
100,OR000001002920,I0045,,
100,OR000001002921,I0046,,
100,OR000001002922,I0001,,
100,OR000001002923,I0002,,
100,OR000001002924,I0009,,
100,OR000001002925,I0012,,
100,OR000001002926,I0045,,
100,OR000001002927,I0046,,
100,OR000001002928,I0001,,
100,OR000001002929,I0002,,
100,OR000001002930,I0009,,
100,OR000001002931,I0012,,
100,OR000001002932,I0045,,
100,OR000001002933,I0046,,
100,OR000001002934,I0001,,
100,OR000001002935,I0002,,
100,OR000001002936,I0009,,
100,OR000001002937,I0012,,
100,OR000001002938,I0045,,
100,OR000001002939,I0046,,
100,OR000001002940,I0001,,
100,OR000001002941,I0002,,
100,OR000001002942,I0009,,
100,OR000001002943,I0012,,
100,OR000001002944,I0045,,
100,OR000001002945,I0046,,
100,OR000001002946,I0001,,
100,OR000001002947,I0002,,
100,OR000001002948,I0009,,
100,OR000001002949,I0012,,
100,OR000001002950,I0045,,
100,OR000001002951,I0046,,
100,OR000001002952,I0001,,
100,OR000001002953,I0002,,
100,OR000001002954,I0009,,
100,OR000001002955,I0012,,
100,OR000001002956,I0045,,
100,OR000001002957,I0046,,
100,OR000001002958,I0001,,
100,OR000001002959,I0002,,
100,OR000001002960,I0009,,
100,OR000001002961,I0012,,
100,OR000001002962,I0045,,
100,OR000001002963,I0046,,
100,OR000001002964,I0001,,
100,OR000001002965,I0002,,
100,OR000001002966,I0009,,
100,OR000001002967,I0012,,
100,OR000001002968,I0045,,
100,OR000001002969,I0046,,
100,OR000001002970,I0001,,
100,OR000001002971,I0002,,
100,OR000001002972,I0009,,
100,OR000001002973,I0012,,
100,OR000001002974,I0045,,
100,OR000001002975,I0046,,
100,OR000001002976,I0001,,
100,OR000001002977,I0002,,
100,OR000001002978,I0009,,
100,OR000001002979,I0012,,
100,OR000001002980,I0045,,
100,OR000001002981,I0046,,
100,OR000001002982,I0001,,
100,OR000001002983,I0002,,
100,OR000001002984,I0009,,
100,OR000001002985,I0012,,
100,OR000001002986,I0045,,
100,OR000001002987,I0046,,
100,OR000001002988,I0001,,
100,OR000001002989,I0002,,
100,OR000001002990,I0009,,
100,OR000001002991,I0012,,
100,OR000001002992,I0045,,
100,OR000001002993,I0046,,
100,OR000001002994,I0001,,
100,OR000001002995,I0002,,
100,OR000001002996,I0009,,
100,OR000001002997,I0012,,
100,OR000001002998,I0045,,
100,OR000001002999,I0046,,
