MANDT,LGNUM,TBNUM,TBPOS,MATNR,WERKS,ANFME,MEINS
100,001,0000000001,0001,000000000000100199,0005,22.868,KG
100,002,0000000001,0002,000000000000100301,0005,77.604,KG
100,003,0000000001,0003,000000000000100396,0007,42.157,KG
100,001,0000000002,0001,000000000000100446,0003,68.818,KG
100,002,0000000002,0002,000000000000100909,0002,25.184,KG
100,003,0000000002,0003,000000000000100376,0003,55.891,KG
100,001,0000000003,0001,000000000000100393,0009,26.502,KG
100,002,0000000003,0002,000000000000100967,0005,97.129,KG
100,003,0000000003,0003,000000000000100364,0004,27.861,KG
100,001,0000000004,0001,000000000000100952,0003,8.037,KG
100,002,0000000004,0002,000000000000100605,0004,60.317,KG
100,003,0000000004,0003,000000000000100748,0001,66.529,KG
100,001,0000000005,0001,000000000000100633,0009,18.983,KG
100,002,0000000005,0002,000000000000100671,0004,71.056,KG
100,003,0000000005,0003,000000000000100128,0002,80.434,KG
100,001,0000000006,0001,000000000000100620,0010,85.349,KG
100,002,0000000006,0002,000000000000100225,0002,49.578,KG
100,003,0000000006,0003,000000000000100792,0005,44.53,KG
100,001,0000000007,0001,000000000000100310,0004,26.214,KG
100,002,0000000007,0002,000000000000100475,0002,30.552,KG
100,003,0000000007,0003,000000000000100889,0002,86.947,KG
100,001,0000000008,0001,000000000000100687,0003,37.887,KG
100,002,0000000008,0002,000000000000100477,0007,88.121,KG
100,003,0000000008,0003,000000000000100302,0005,75.936,KG
100,001,0000000009,0001,000000000000100837,0007,90.418,KG
100,002,0000000009,0002,000000000000100209,0009,24.984,KG
100,003,0000000009,0003,000000000000100405,0004,34.533,KG
100,001,0000000010,0001,000000000000100429,0009,35.889,KG
100,002,0000000010,0002,000000000000100688,0008,15.041,KG
100,003,0000000010,0003,000000000000100816,0002,65.928,KG
100,001,0000000011,0001,000000000000100286,0007,47.021,KG
100,002,0000000011,0002,000000000000100551,0007,33.547,KG
100,003,0000000011,0003,000000000000100453,0001,22.897,KG
100,001,0000000012,0001,000000000000100145,0009,57.24,KG
100,002,0000000012,0002,000000000000100761,0009,49.968,KG
100,003,0000000012,0003,000000000000100168,0006,17.506,KG
100,001,0000000013,0001,000000000000100608,0002,62.717,KG
100,002,0000000013,0002,000000000000100457,0005,71.317,KG
100,003,0000000013,0003,000000000000100108,0005,46.592,KG
100,001,0000000014,0001,000000000000100368,0001,13.048,KG
100,002,0000000014,0002,000000000000100430,0008,7.707,KG
100,003,0000000014,0003,000000000000100655,0003,98.286,KG
100,001,0000000015,0001,000000000000100811,0004,7.593,KG
100,002,0000000015,0002,000000000000100370,0003,95.034,KG
100,003,0000000015,0003,000000000000100341,0009,68.454,KG
100,001,0000000016,0001,000000000000100580,0006,52.673,KG
100,002,0000000016,0002,000000000000100481,0002,46.615,KG
100,003,0000000016,0003,000000000000100461,0005,66.26,KG
100,001,0000000017,0001,000000000000100656,0009,71.279,KG
100,002,0000000017,0002,000000000000100899,0003,98.287,KG
100,003,0000000017,0003,000000000000100527,0007,52.33,KG
100,001,0000000018,0001,000000000000100410,0007,47.531,KG
100,002,0000000018,0002,000000000000100823,0005,3.286,KG
100,003,0000000018,0003,000000000000100899,0006,11.458,KG
100,001,0000000019,0001,000000000000100981,0004,30.366,KG
100,002,0000000019,0002,000000000000100529,0009,78.336,KG
100,003,0000000019,0003,000000000000100366,0007,40.56,KG
100,001,0000000020,0001,000000000000100065,0001,45.268,KG
100,002,0000000020,0002,000000000000100313,0007,13.362,KG
100,003,0000000020,0003,000000000000100376,0002,11.489,KG
100,001,0000000021,0001,000000000000100486,0009,53.774,KG
100,002,0000000021,0002,000000000000100137,0007,95.82,KG
100,003,0000000021,0003,000000000000100722,0004,43.131,KG
100,001,0000000022,0001,000000000000100050,0007,82.867,KG
100,002,0000000022,0002,000000000000100046,0002,89.927,KG
100,003,0000000022,0003,000000000000100407,0003,4.457,KG
100,001,0000000023,0001,000000000000100957,0010,8.889,KG
100,002,0000000023,0002,000000000000100543,0004,33.693,KG
100,003,0000000023,0003,000000000000100091,0005,54.325,KG
100,001,0000000024,0001,000000000000100575,0003,88.475,KG
100,002,0000000024,0002,000000000000100186,0005,41.695,KG
100,003,0000000024,0003,000000000000100148,0010,30.829,KG
100,001,0000000025,0001,000000000000100668,0007,47.606,KG
100,002,0000000025,0002,000000000000100524,0002,86.832,KG
100,003,0000000025,0003,000000000000100702,0008,18.846,KG
100,001,0000000026,0001,000000000000100110,0001,67.853,KG
100,002,0000000026,0002,000000000000100565,0008,44.494,KG
100,003,0000000026,0003,000000000000100271,0002,31.741,KG
100,001,0000000027,0001,000000000000100880,0009,33.516,KG
100,002,0000000027,0002,000000000000100061,0001,68.333,KG
100,003,0000000027,0003,000000000000100488,0002,24.607,KG
100,001,0000000028,0001,000000000000100844,0010,8.294,KG
100,002,0000000028,0002,000000000000100686,0001,4.486,KG
100,003,0000000028,0003,000000000000100127,0006,85.737,KG
100,001,0000000029,0001,000000000000100040,0006,80.785,KG
100,002,0000000029,0002,000000000000100981,0006,34.655,KG
100,003,0000000029,0003,000000000000100347,0006,98.009,KG
100,001,0000000030,0001,000000000000100170,0003,64.073,KG
100,002,0000000030,0002,000000000000100870,0006,91.18,KG
100,003,0000000030,0003,000000000000100153,0009,44.958,KG
100,001,0000000031,0001,000000000000100582,0003,53.935,KG
100,002,0000000031,0002,000000000000100804,0005,28.128,KG
100,003,0000000031,0003,000000000000100752,0003,52.729,KG
100,001,0000000032,0001,000000000000100292,0004,33.637,KG
100,002,0000000032,0002,000000000000100543,0010,62.428,KG
100,003,0000000032,0003,000000000000100419,0008,39.673,KG
100,001,0000000033,0001,000000000000100193,0009,37.708,KG
100,002,0000000033,0002,000000000000100649,0010,16.558,KG
100,003,0000000033,0003,000000000000100952,0004,36.828,KG
100,001,0000000034,0001,000000000000100461,0001,23.059,KG
100,002,0000000034,0002,000000000000100613,0006,98.095,KG
100,003,0000000034,0003,000000000000100466,0004,54.968,KG
100,001,0000000035,0001,000000000000100133,0005,71.724,KG
100,002,0000000035,0002,000000000000100834,0005,10.709,KG
100,003,0000000035,0003,000000000000100243,0010,42.79,KG
100,001,0000000036,0001,000000000000100294,0009,61.217,KG
100,002,0000000036,0002,000000000000100594,0009,29.834,KG
100,003,0000000036,0003,000000000000100067,0003,75.441,KG
100,001,0000000037,0001,000000000000100265,0003,20.373,KG
100,002,0000000037,0002,000000000000100995,0009,70.51,KG
100,003,0000000037,0003,000000000000100018,0004,43.938,KG
100,001,0000000038,0001,000000000000100021,0004,85.923,KG
100,002,0000000038,0002,000000000000100215,0008,54.465,KG
100,003,0000000038,0003,000000000000100755,0005,89.782,KG
100,001,0000000039,0001,000000000000100722,0007,89.018,KG
100,002,0000000039,0002,000000000000100847,0003,12.165,KG
100,003,0000000039,0003,000000000000100220,0001,15.378,KG
100,001,0000000040,0001,000000000000100095,0007,32.183,KG
100,002,0000000040,0002,000000000000100490,0001,63.921,KG
100,003,0000000040,0003,000000000000100126,0007,34.096,KG
100,001,0000000041,0001,000000000000100519,0002,76.489,KG
100,002,0000000041,0002,000000000000100414,0001,92.676,KG
100,003,0000000041,0003,000000000000100608,0004,51.258,KG
100,001,0000000042,0001,000000000000100829,0002,35.977,KG
100,002,0000000042,0002,000000000000100023,0008,72.778,KG
100,003,0000000042,0003,000000000000100882,0003,1.99,KG
100,001,0000000043,0001,000000000000100892,0004,30.1,KG
100,002,0000000043,0002,000000000000100190,0004,15.071,KG
100,003,0000000043,0003,000000000000100291,0005,62.955,KG
100,001,0000000044,0001,000000000000100668,0003,50.411,KG
100,002,0000000044,0002,000000000000100316,0008,85.39,KG
100,003,0000000044,0003,000000000000100270,0009,75.159,KG
100,001,0000000045,0001,000000000000100092,0004,29.012,KG
100,002,0000000045,0002,000000000000100567,0010,74.675,KG
100,003,0000000045,0003,000000000000100179,0005,29.969,KG
100,001,0000000046,0001,000000000000100717,0007,68.94,KG
100,002,0000000046,0002,000000000000100533,0009,89.168,KG
100,003,0000000046,0003,000000000000100763,0007,54.682,KG
100,001,0000000047,0001,000000000000100215,0002,7.23,KG
100,002,0000000047,0002,000000000000100714,0002,42.004,KG
100,003,0000000047,0003,000000000000100436,0003,11.836,KG
100,001,0000000048,0001,000000000000100040,0006,71.651,KG
100,002,0000000048,0002,000000000000100074,0002,47.596,KG
100,003,0000000048,0003,000000000000100989,0010,56.521,KG
100,001,0000000049,0001,000000000000100401,0002,41.878,KG
100,002,0000000049,0002,000000000000100165,0010,9.203,KG
100,003,0000000049,0003,000000000000100306,0008,30.714,KG
100,001,0000000050,0001,000000000000100317,0007,95.102,KG
100,002,0000000050,0002,000000000000100238,0002,98.411,KG
100,003,0000000050,0003,000000000000100823,0001,40.699,KG
100,001,0000000051,0001,000000000000100784,0009,54.777,KG
100,002,0000000051,0002,000000000000100773,0009,54.36,KG
100,003,0000000051,0003,000000000000100218,0010,80.48,KG
100,001,0000000052,0001,000000000000100020,0004,41.688,KG
100,002,0000000052,0002,000000000000100647,0002,21.03,KG
100,003,0000000052,0003,000000000000100430,0006,26.001,KG
100,001,0000000053,0001,000000000000100722,0003,13.197,KG
100,002,0000000053,0002,000000000000100116,0004,39.38,KG
100,003,0000000053,0003,000000000000100838,0003,3.582,KG
100,001,0000000054,0001,000000000000100213,0001,90.654,KG
100,002,0000000054,0002,000000000000100209,0002,96.905,KG
100,003,0000000054,0003,000000000000100689,0001,56.703,KG
100,001,0000000055,0001,000000000000100744,0004,6.401,KG
100,002,0000000055,0002,000000000000100060,0008,20.988,KG
100,003,0000000055,0003,000000000000100381,0007,44.142,KG
100,001,0000000056,0001,000000000000100728,0006,97.878,KG
100,002,0000000056,0002,000000000000100221,0003,31.501,KG
100,003,0000000056,0003,000000000000100649,0007,65.601,KG
100,001,0000000057,0001,000000000000100185,0009,64.609,KG
100,002,0000000057,0002,000000000000100084,0004,78.886,KG
100,003,0000000057,0003,000000000000100753,0008,68.931,KG
100,001,0000000058,0001,000000000000100766,0006,24.257,KG
100,002,0000000058,0002,000000000000100357,0001,5.068,KG
100,003,0000000058,0003,000000000000100066,0010,24.673,KG
100,001,0000000059,0001,000000000000100847,0002,70.742,KG
100,002,0000000059,0002,000000000000100204,0010,69.765,KG
100,003,0000000059,0003,000000000000100746,0009,39.048,KG
100,001,0000000060,0001,000000000000100121,0006,78.177,KG
100,002,0000000060,0002,000000000000100421,0006,89.926,KG
100,003,0000000060,0003,000000000000100338,0007,91.784,KG
100,001,0000000061,0001,000000000000100977,0001,56.223,KG
100,002,0000000061,0002,000000000000100765,0002,33.175,KG
100,003,0000000061,0003,000000000000100541,0008,26.05,KG
100,001,0000000062,0001,000000000000100915,0004,76.254,KG
100,002,0000000062,0002,000000000000100209,0009,87.235,KG
100,003,0000000062,0003,000000000000100110,0002,91.842,KG
100,001,0000000063,0001,000000000000100851,0007,21.674,KG
100,002,0000000063,0002,000000000000100796,0001,12.474,KG
100,003,0000000063,0003,000000000000100163,0009,91.179,KG
100,001,0000000064,0001,000000000000100632,0004,79.25,KG
100,002,0000000064,0002,000000000000100992,0005,1.952,KG
100,003,0000000064,0003,000000000000100601,0001,6.681,KG
100,001,0000000065,0001,000000000000100206,0002,8.945,KG
100,002,0000000065,0002,000000000000100520,0008,75.072,KG
100,003,0000000065,0003,000000000000100367,0008,41.273,KG
100,001,0000000066,0001,000000000000100318,0008,41.943,KG
100,002,0000000066,0002,000000000000100474,0004,29.508,KG
100,003,0000000066,0003,000000000000100454,0008,72.912,KG
100,001,0000000067,0001,000000000000100605,0002,91.816,KG
100,002,0000000067,0002,000000000000100617,0010,68.778,KG
100,003,0000000067,0003,000000000000100689,0004,17.713,KG
100,001,0000000068,0001,000000000000100756,0005,49.742,KG
100,002,0000000068,0002,000000000000100367,0007,52.172,KG
100,003,0000000068,0003,000000000000100554,0005,60.879,KG
100,001,0000000069,0001,000000000000100711,0002,3.069,KG
100,002,0000000069,0002,000000000000100966,0001,39.406,KG
100,003,0000000069,0003,000000000000100141,0005,46.74,KG
100,001,0000000070,0001,000000000000100827,0001,74.241,KG
100,002,0000000070,0002,000000000000100159,0009,50.413,KG
100,003,0000000070,0003,000000000000100622,0004,75.745,KG
100,001,0000000071,0001,000000000000100931,0008,95.956,KG
100,002,0000000071,0002,000000000000100960,0004,61.301,KG
100,003,0000000071,0003,000000000000100425,0007,46.484,KG
100,001,0000000072,0001,000000000000100311,0003,66.98,KG
100,002,0000000072,0002,000000000000100542,0001,36.082,KG
100,003,0000000072,0003,000000000000100494,0005,91.467,KG
100,001,0000000073,0001,000000000000100883,0007,98.189,KG
100,002,0000000073,0002,000000000000100205,0005,48.075,KG
100,003,0000000073,0003,000000000000100324,0005,58.461,KG
100,001,0000000074,0001,000000000000100556,0002,64.975,KG
100,002,0000000074,0002,000000000000100231,0005,81.776,KG
100,003,0000000074,0003,000000000000100976,0002,56.854,KG
100,001,0000000075,0001,000000000000100102,0007,54.48,KG
100,002,0000000075,0002,000000000000100139,0002,55.628,KG
100,003,0000000075,0003,000000000000100514,0010,33.929,KG
100,001,0000000076,0001,000000000000100984,0003,56.859,KG
100,002,0000000076,0002,000000000000100167,0002,32.98,KG
100,003,0000000076,0003,000000000000100325,0009,44.569,KG
100,001,0000000077,0001,000000000000100861,0001,31.622,KG
100,002,0000000077,0002,000000000000100027,0006,53.834,KG
100,003,0000000077,0003,000000000000100238,0010,28.686,KG
100,001,0000000078,0001,000000000000100842,0007,94.694,KG
100,002,0000000078,0002,000000000000100955,0007,99.281,KG
100,003,0000000078,0003,000000000000100926,0005,33.802,KG
100,001,0000000079,0001,000000000000100780,0008,27.35,KG
100,002,0000000079,0002,000000000000100333,0009,63.204,KG
100,003,0000000079,0003,000000000000100782,0004,53.262,KG
100,001,0000000080,0001,000000000000100967,0008,64.259,KG
100,002,0000000080,0002,000000000000100621,0010,44.813,KG
100,003,0000000080,0003,000000000000100999,0007,21.34,KG
100,001,0000000081,0001,000000000000100878,0006,5.924,KG
100,002,0000000081,0002,000000000000100088,0004,73.646,KG
100,003,0000000081,0003,000000000000100092,0005,14.056,KG
100,001,0000000082,0001,000000000000100409,0003,92.762,KG
100,002,0000000082,0002,000000000000100610,0009,70.052,KG
100,003,0000000082,0003,000000000000100703,0001,72.079,KG
100,001,0000000083,0001,000000000000100267,0008,50.705,KG
100,002,0000000083,0002,000000000000100973,0008,29.733,KG
100,003,0000000083,0003,000000000000100577,0007,50.149,KG
100,001,0000000084,0001,000000000000100859,0008,89.702,KG
100,002,0000000084,0002,000000000000100108,0010,37.451,KG
100,003,0000000084,0003,000000000000100968,0002,46.158,KG
100,001,0000000085,0001,000000000000100749,0008,56.746,KG
100,002,0000000085,0002,000000000000100737,0007,42.949,KG
100,003,0000000085,0003,000000000000100653,0008,27.813,KG
100,001,0000000086,0001,000000000000100058,0007,77.38,KG
100,002,0000000086,0002,000000000000100398,0006,48.428,KG
100,003,0000000086,0003,000000000000100821,0007,76.373,KG
100,001,0000000087,0001,000000000000100200,0004,93.462,KG
100,002,0000000087,0002,000000000000100867,0002,1.219,KG
100,003,0000000087,0003,000000000000100043,0006,60.293,KG
100,001,0000000088,0001,000000000000100876,0001,20.065,KG
100,002,0000000088,0002,000000000000100673,0006,89.036,KG
100,003,0000000088,0003,000000000000100980,0008,18.654,KG
100,001,0000000089,0001,000000000000100932,0008,62.845,KG
100,002,0000000089,0002,000000000000100720,0005,94.074,KG
100,003,0000000089,0003,000000000000100286,0008,35.128,KG
100,001,0000000090,0001,000000000000100176,0006,69.329,KG
100,002,0000000090,0002,000000000000100717,0009,20.775,KG
100,003,0000000090,0003,000000000000100801,0005,6.061,KG
100,001,0000000091,0001,000000000000100115,0001,7.929,KG
100,002,0000000091,0002,000000000000100639,0004,27.84,KG
100,003,0000000091,0003,000000000000100065,0010,80.051,KG
100,001,0000000092,0001,000000000000100322,0004,92.732,KG
100,002,0000000092,0002,000000000000100987,0001,12.547,KG
100,003,0000000092,0003,000000000000100683,0004,50.631,KG
100,001,0000000093,0001,000000000000100156,0008,21.592,KG
100,002,0000000093,0002,000000000000100808,0009,56.537,KG
100,003,0000000093,0003,000000000000100265,0004,73.675,KG
100,001,0000000094,0001,000000000000100196,0004,8.13,KG
100,002,0000000094,0002,000000000000100575,0004,28.778,KG
100,003,0000000094,0003,000000000000100731,0008,89.575,KG
100,001,0000000095,0001,000000000000100087,0007,94.245,KG
100,002,0000000095,0002,000000000000100121,0001,62.977,KG
100,003,0000000095,0003,000000000000100025,0004,32.205,KG
100,001,0000000096,0001,000000000000100309,0009,82.857,KG
100,002,0000000096,0002,000000000000100033,0001,31.437,KG
100,003,0000000096,0003,000000000000100874,0003,29.378,KG
100,001,0000000097,0001,000000000000100065,0010,67.189,KG
100,002,0000000097,0002,000000000000100314,0004,99.775,KG
100,003,0000000097,0003,000000000000100548,0007,23.849,KG
100,001,0000000098,0001,000000000000100090,0001,17.828,KG
100,002,0000000098,0002,000000000000100194,0009,79.497,KG
100,003,0000000098,0003,000000000000100112,0005,53.41,KG
100,001,0000000099,0001,000000000000100528,0009,59.896,KG
100,002,0000000099,0002,000000000000100589,0004,16.608,KG
100,003,0000000099,0003,000000000000100277,0010,46.509,KG
100,001,0000000100,0001,000000000000100734,0006,87.179,KG
100,002,0000000100,0002,000000000000100226,0010,40.975,KG
100,003,0000000100,0003,000000000000100171,0009,57.757,KG
100,001,0000000101,0001,000000000000100141,0008,3.192,KG
100,002,0000000101,0002,000000000000100720,0001,96.978,KG
100,003,0000000101,0003,000000000000100538,0002,88.26,KG
100,001,0000000102,0001,000000000000100569,0004,71.637,KG
100,002,0000000102,0002,000000000000100760,0006,19.638,KG
100,003,0000000102,0003,000000000000100805,0006,38.129,KG
100,001,0000000103,0001,000000000000100654,0004,73.87,KG
100,002,0000000103,0002,000000000000100809,0003,83.443,KG
100,003,0000000103,0003,000000000000100726,0008,3.432,KG
100,001,0000000104,0001,000000000000100162,0007,40.761,KG
100,002,0000000104,0002,000000000000100204,0010,4.037,KG
100,003,0000000104,0003,000000000000100551,0005,7.554,KG
100,001,0000000105,0001,000000000000100101,0003,85.216,KG
100,002,0000000105,0002,000000000000100826,0002,18.867,KG
100,003,0000000105,0003,000000000000100437,0005,85.436,KG
100,001,0000000106,0001,000000000000100664,0002,16.26,KG
100,002,0000000106,0002,000000000000100140,0009,54.686,KG
100,003,0000000106,0003,000000000000100093,0001,50.841,KG
100,001,0000000107,0001,000000000000100841,0010,91.356,KG
100,002,0000000107,0002,000000000000100551,0001,90.59,KG
100,003,0000000107,0003,000000000000100898,0004,3.323,KG
100,001,0000000108,0001,000000000000100455,0005,91.073,KG
100,002,0000000108,0002,000000000000100685,0005,61.417,KG
100,003,0000000108,0003,000000000000100844,0007,40.69,KG
100,001,0000000109,0001,000000000000100471,0007,95.256,KG
100,002,0000000109,0002,000000000000100581,0006,92.632,KG
100,003,0000000109,0003,000000000000100582,0008,43.897,KG
100,001,0000000110,0001,000000000000100074,0006,7.981,KG
100,002,0000000110,0002,000000000000100670,0001,5.56,KG
100,003,0000000110,0003,000000000000100603,0004,68.931,KG
100,001,0000000111,0001,000000000000100042,0010,37.405,KG
100,002,0000000111,0002,000000000000100710,0010,11.634,KG
100,003,0000000111,0003,000000000000100981,0006,63.89,KG
100,001,0000000112,0001,000000000000100711,0007,76.191,KG
100,002,0000000112,0002,000000000000100516,0007,97.115,KG
100,003,0000000112,0003,000000000000100832,0009,64.938,KG
100,001,0000000113,0001,000000000000100368,0007,82.523,KG
100,002,0000000113,0002,000000000000100931,0009,72.137,KG
100,003,0000000113,0003,000000000000100101,0001,18.445,KG
100,001,0000000114,0001,000000000000100099,0002,5.908,KG
100,002,0000000114,0002,000000000000100478,0008,32.95,KG
100,003,0000000114,0003,000000000000100332,0007,28.489,KG
100,001,0000000115,0001,000000000000100380,0007,26.656,KG
100,002,0000000115,0002,000000000000100231,0001,22.424,KG
100,003,0000000115,0003,000000000000100484,0009,36.252,KG
100,001,0000000116,0001,000000000000100514,0009,46.868,KG
100,002,0000000116,0002,000000000000100199,0008,41.861,KG
100,003,0000000116,0003,000000000000100220,0010,56.806,KG
100,001,0000000117,0001,000000000000100714,0010,96.825,KG
100,002,0000000117,0002,000000000000100823,0005,52.166,KG
100,003,0000000117,0003,000000000000100037,0007,59.438,KG
100,001,0000000118,0001,000000000000100047,0005,88.769,KG
100,002,0000000118,0002,000000000000100944,0009,30.425,KG
100,003,0000000118,0003,000000000000100458,0009,96.125,KG
100,001,0000000119,0001,000000000000100962,0001,64.735,KG
100,002,0000000119,0002,000000000000100776,0009,50.364,KG
100,003,0000000119,0003,000000000000100137,0001,85.886,KG
100,001,0000000120,0001,000000000000100344,0003,52.252,KG
100,002,0000000120,0002,000000000000100978,0001,31.761,KG
100,003,0000000120,0003,000000000000100444,0006,80.877,KG
100,001,0000000121,0001,000000000000100969,0002,87.081,KG
100,002,0000000121,0002,000000000000100377,0008,95.116,KG
100,003,0000000121,0003,000000000000100460,0002,95.342,KG
100,001,0000000122,0001,000000000000100807,0008,93.397,KG
100,002,0000000122,0002,000000000000100994,0007,39.104,KG
100,003,0000000122,0003,000000000000100630,0004,92.639,KG
100,001,0000000123,0001,000000000000100367,0007,38.138,KG
100,002,0000000123,0002,000000000000100432,0005,11.271,KG
100,003,0000000123,0003,000000000000100265,0008,65.682,KG
100,001,0000000124,0001,000000000000100791,0009,88.72,KG
100,002,0000000124,0002,000000000000100168,0005,72.234,KG
100,003,0000000124,0003,000000000000100164,0009,29.354,KG
100,001,0000000125,0001,000000000000100348,0005,55.179,KG
100,002,0000000125,0002,000000000000100440,0004,84.546,KG
100,003,0000000125,0003,000000000000100186,0002,63.642,KG
100,001,0000000126,0001,000000000000100208,0008,35.798,KG
100,002,0000000126,0002,000000000000100529,0003,88.776,KG
100,003,0000000126,0003,000000000000100204,0006,34.872,KG
100,001,0000000127,0001,000000000000100001,0010,34.515,KG
100,002,0000000127,0002,000000000000100844,0010,97.783,KG
100,003,0000000127,0003,000000000000100914,0002,22.234,KG
100,001,0000000128,0001,000000000000100637,0005,3.313,KG
100,002,0000000128,0002,000000000000100170,0003,27.033,KG
100,003,0000000128,0003,000000000000100834,0010,24.535,KG
100,001,0000000129,0001,000000000000100275,0004,86.434,KG
100,002,0000000129,0002,000000000000100931,0001,31.127,KG
100,003,0000000129,0003,000000000000100540,0007,44.447,KG
100,001,0000000130,0001,000000000000100633,0003,44.398,KG
100,002,0000000130,0002,000000000000100173,0001,5.072,KG
100,003,0000000130,0003,000000000000100459,0001,65.965,KG
100,001,0000000131,0001,000000000000100229,0006,23.469,KG
100,002,0000000131,0002,000000000000100547,0004,38.704,KG
100,003,0000000131,0003,000000000000100830,0003,23.521,KG
100,001,0000000132,0001,000000000000100497,0003,75.732,KG
100,002,0000000132,0002,000000000000100079,0002,40.507,KG
100,003,0000000132,0003,000000000000100978,0009,70.145,KG
100,001,0000000133,0001,000000000000100040,0001,38.459,KG
100,002,0000000133,0002,000000000000100364,0006,47.659,KG
100,003,0000000133,0003,000000000000100113,0008,84.977,KG
100,001,0000000134,0001,000000000000100421,0004,92.048,KG
100,002,0000000134,0002,000000000000100394,0004,6.686,KG
100,003,0000000134,0003,000000000000100337,0004,67.197,KG
100,001,0000000135,0001,000000000000100463,0003,30.615,KG
100,002,0000000135,0002,000000000000100486,0007,49.784,KG
100,003,0000000135,0003,000000000000100833,0007,66.688,KG
100,001,0000000136,0001,000000000000100431,0010,85.362,KG
100,002,0000000136,0002,000000000000100523,0010,9.393,KG
100,003,0000000136,0003,000000000000100413,0010,49.754,KG
100,001,0000000137,0001,000000000000100870,0001,62.858,KG
100,002,0000000137,0002,000000000000100346,0010,11.859,KG
100,003,0000000137,0003,000000000000100781,0003,76.513,KG
100,001,0000000138,0001,000000000000100192,0006,62.818,KG
100,002,0000000138,0002,000000000000100886,0001,44.274,KG
100,003,0000000138,0003,000000000000100474,0008,4.197,KG
100,001,0000000139,0001,000000000000100584,0010,79.581,KG
100,002,0000000139,0002,000000000000100640,0005,7.853,KG
100,003,0000000139,0003,000000000000100658,0008,93.777,KG
100,001,0000000140,0001,000000000000100374,0003,2.322,KG
100,002,0000000140,0002,000000000000100582,0009,28.714,KG
100,003,0000000140,0003,000000000000100675,0002,51.82,KG
100,001,0000000141,0001,000000000000100418,0003,40.015,KG
100,002,0000000141,0002,000000000000100886,0007,39.416,KG
100,003,0000000141,0003,000000000000100951,0008,90.152,KG
100,001,0000000142,0001,000000000000100679,0010,48.896,KG
100,002,0000000142,0002,000000000000100895,0001,2.796,KG
100,003,0000000142,0003,000000000000100700,0005,53.935,KG
100,001,0000000143,0001,000000000000100257,0006,35.855,KG
100,002,0000000143,0002,000000000000100697,0005,45.462,KG
100,003,0000000143,0003,000000000000100207,0008,58.699,KG
100,001,0000000144,0001,000000000000100002,0007,7.2,KG
100,002,0000000144,0002,000000000000100111,0006,2.001,KG
100,003,0000000144,0003,000000000000100082,0004,66.489,KG
100,001,0000000145,0001,000000000000100049,0005,67.532,KG
100,002,0000000145,0002,000000000000100844,0002,41.949,KG
100,003,0000000145,0003,000000000000100273,0003,59.461,KG
100,001,0000000146,0001,000000000000100156,0006,36.484,KG
100,002,0000000146,0002,000000000000100839,0007,29.416,KG
100,003,0000000146,0003,000000000000100824,0007,36.513,KG
100,001,0000000147,0001,000000000000100412,0009,98.526,KG
100,002,0000000147,0002,000000000000100060,0007,36.019,KG
100,003,0000000147,0003,000000000000100640,0010,69.561,KG
100,001,0000000148,0001,000000000000100617,0005,32.98,KG
100,002,0000000148,0002,000000000000100940,0002,45.443,KG
100,003,0000000148,0003,000000000000100813,0002,87.849,KG
100,001,0000000149,0001,000000000000100688,0004,37.8,KG
100,002,0000000149,0002,000000000000100386,0009,90.524,KG
100,003,0000000149,0003,000000000000100360,0002,37.449,KG
100,001,0000000150,0001,000000000000100978,0005,20.802,KG
100,002,0000000150,0002,000000000000100843,0007,1.979,KG
100,003,0000000150,0003,000000000000100388,0002,17.94,KG
100,001,0000000151,0001,000000000000100857,0009,2.923,KG
100,002,0000000151,0002,000000000000100561,0008,97.752,KG
100,003,0000000151,0003,000000000000100958,0006,9.215,KG
100,001,0000000152,0001,000000000000100927,0010,98.517,KG
100,002,0000000152,0002,000000000000100892,0003,13.765,KG
100,003,0000000152,0003,000000000000100978,0007,26.018,KG
100,001,0000000153,0001,000000000000100853,0010,2.61,KG
100,002,0000000153,0002,000000000000100849,0004,87.357,KG
100,003,0000000153,0003,000000000000100941,0001,37.543,KG
100,001,0000000154,0001,000000000000100431,0002,17.182,KG
100,002,0000000154,0002,000000000000100328,0003,18.836,KG
100,003,0000000154,0003,000000000000100096,0005,58.628,KG
100,001,0000000155,0001,000000000000100665,0004,76.207,KG
100,002,0000000155,0002,000000000000100664,0006,74.854,KG
100,003,0000000155,0003,000000000000100936,0010,13.992,KG
100,001,0000000156,0001,000000000000100706,0005,31.768,KG
100,002,0000000156,0002,000000000000100515,0004,7.757,KG
100,003,0000000156,0003,000000000000100006,0009,1.486,KG
100,001,0000000157,0001,000000000000100772,0004,83.053,KG
100,002,0000000157,0002,000000000000100307,0004,17.597,KG
100,003,0000000157,0003,000000000000100454,0007,53.966,KG
100,001,0000000158,0001,000000000000100477,0006,71.671,KG
100,002,0000000158,0002,000000000000100696,0005,83.536,KG
100,003,0000000158,0003,000000000000100674,0002,83.139,KG
100,001,0000000159,0001,000000000000100974,0002,47.64,KG
100,002,0000000159,0002,000000000000100350,0003,99.609,KG
100,003,0000000159,0003,000000000000100931,0008,66.795,KG
100,001,0000000160,0001,000000000000100701,0007,43.493,KG
100,002,0000000160,0002,000000000000100261,0001,87.348,KG
100,003,0000000160,0003,000000000000100070,0008,62.581,KG
100,001,0000000161,0001,000000000000100723,0006,92.165,KG
100,002,0000000161,0002,000000000000100589,0004,28.394,KG
100,003,0000000161,0003,000000000000100800,0007,73.267,KG
100,001,0000000162,0001,000000000000100085,0010,16.336,KG
100,002,0000000162,0002,000000000000100023,0006,34.85,KG
100,003,0000000162,0003,000000000000100595,0005,6.474,KG
100,001,0000000163,0001,000000000000100878,0001,72.458,KG
100,002,0000000163,0002,000000000000100653,0003,54.501,KG
100,003,0000000163,0003,000000000000100105,0002,96.725,KG
100,001,0000000164,0001,000000000000100676,0009,26.664,KG
100,002,0000000164,0002,000000000000100811,0002,23.138,KG
100,003,0000000164,0003,000000000000100252,0004,1.057,KG
100,001,0000000165,0001,000000000000100126,0007,37.678,KG
100,002,0000000165,0002,000000000000100342,0007,72.233,KG
100,003,0000000165,0003,000000000000100864,0001,63.679,KG
100,001,0000000166,0001,000000000000100802,0005,2.376,KG
100,002,0000000166,0002,000000000000100272,0003,84.34,KG
100,003,0000000166,0003,000000000000100508,0004,17.068,KG
100,001,0000000167,0001,000000000000100614,0007,51.966,KG
100,002,0000000167,0002,000000000000100273,0006,65.487,KG
100,003,0000000167,0003,000000000000100960,0002,11.719,KG
100,001,0000000168,0001,000000000000100055,0006,84.603,KG
100,002,0000000168,0002,000000000000100057,0010,59.5,KG
100,003,0000000168,0003,000000000000100358,0008,77.282,KG
100,001,0000000169,0001,000000000000100279,0008,32.861,KG
100,002,0000000169,0002,000000000000100505,0010,62.522,KG
100,003,0000000169,0003,000000000000100416,0001,12.192,KG
100,001,0000000170,0001,000000000000100732,0005,99.067,KG
100,002,0000000170,0002,000000000000100003,0009,17.721,KG
100,003,0000000170,0003,000000000000100026,0008,56.241,KG
100,001,0000000171,0001,000000000000100787,0004,30.979,KG
100,002,0000000171,0002,000000000000100395,0001,86.372,KG
100,003,0000000171,0003,000000000000100527,0007,92.476,KG
100,001,0000000172,0001,000000000000100571,0007,43.468,KG
100,002,0000000172,0002,000000000000100862,0001,29.556,KG
100,003,0000000172,0003,000000000000100821,0006,6.658,KG
100,001,0000000173,0001,000000000000100459,0002,56.642,KG
100,002,0000000173,0002,000000000000100690,0007,96.754,KG
100,003,0000000173,0003,000000000000100240,0005,48.645,KG
100,001,0000000174,0001,000000000000100066,0009,92.874,KG
100,002,0000000174,0002,000000000000100131,0004,61.258,KG
100,003,0000000174,0003,000000000000100054,0004,93.202,KG
100,001,0000000175,0001,000000000000100654,0006,73.189,KG
100,002,0000000175,0002,000000000000100771,0008,80.703,KG
100,003,0000000175,0003,000000000000100108,0001,33.89,KG
100,001,0000000176,0001,000000000000100856,0001,19.002,KG
100,002,0000000176,0002,000000000000100157,0008,32.491,KG
100,003,0000000176,0003,000000000000100099,0001,71.306,KG
100,001,0000000177,0001,000000000000100786,0005,48.178,KG
100,002,0000000177,0002,000000000000100889,0002,38.062,KG
100,003,0000000177,0003,000000000000100385,0009,80.527,KG
100,001,0000000178,0001,000000000000100185,0003,39.689,KG
100,002,0000000178,0002,000000000000100214,0003,3.56,KG
100,003,0000000178,0003,000000000000100983,0007,56.687,KG
100,001,0000000179,0001,000000000000100618,0007,55.117,KG
100,002,0000000179,0002,000000000000100717,0003,77.791,KG
100,003,0000000179,0003,000000000000100390,0005,95.459,KG
100,001,0000000180,0001,000000000000100156,0003,7.211,KG
100,002,0000000180,0002,000000000000100499,0009,35.028,KG
100,003,0000000180,0003,000000000000100660,0001,8.721,KG
100,001,0000000181,0001,000000000000100660,0010,8.899,KG
100,002,0000000181,0002,000000000000100861,0001,73.522,KG
100,003,0000000181,0003,000000000000100498,0002,1.67,KG
100,001,0000000182,0001,000000000000100230,0004,36.528,KG
100,002,0000000182,0002,000000000000100642,0010,45.675,KG
100,003,0000000182,0003,000000000000100414,0009,82.378,KG
100,001,0000000183,0001,000000000000100995,0001,49.941,KG
100,002,0000000183,0002,000000000000100441,0004,7.677,KG
100,003,0000000183,0003,000000000000100264,0008,80.957,KG
100,001,0000000184,0001,000000000000100098,0005,88.002,KG
100,002,0000000184,0002,000000000000100549,0005,36.687,KG
100,003,0000000184,0003,000000000000100990,0003,35.231,KG
100,001,0000000185,0001,000000000000100271,0004,6.313,KG
100,002,0000000185,0002,000000000000100657,0008,31.728,KG
100,003,0000000185,0003,000000000000100688,0010,85.359,KG
100,001,0000000186,0001,000000000000100699,0002,89.027,KG
100,002,0000000186,0002,000000000000100020,0006,63.73,KG
100,003,0000000186,0003,000000000000100157,0002,10.698,KG
100,001,0000000187,0001,000000000000100510,0010,15.126,KG
100,002,0000000187,0002,000000000000100764,0002,48.25,KG
100,003,0000000187,0003,000000000000100365,0004,98.288,KG
100,001,0000000188,0001,000000000000100657,0006,1.553,KG
100,002,0000000188,0002,000000000000100910,0006,6.305,KG
100,003,0000000188,0003,000000000000100099,0003,79.665,KG
100,001,0000000189,0001,000000000000100600,0009,41.049,KG
100,002,0000000189,0002,000000000000100146,0003,67.683,KG
100,003,0000000189,0003,000000000000100292,0009,93.304,KG
100,001,0000000190,0001,000000000000100061,0010,14.095,KG
100,002,0000000190,0002,000000000000100260,0004,2.216,KG
100,003,0000000190,0003,000000000000100172,0004,20.102,KG
100,001,0000000191,0001,000000000000100983,0007,88.202,KG
100,002,0000000191,0002,000000000000100351,0001,34.964,KG
100,003,0000000191,0003,000000000000100427,0002,58.527,KG
100,001,0000000192,0001,000000000000100184,0004,40.854,KG
100,002,0000000192,0002,000000000000100919,0004,96.414,KG
100,003,0000000192,0003,000000000000100856,0006,96.533,KG
100,001,0000000193,0001,000000000000100580,0006,42.914,KG
100,002,0000000193,0002,000000000000100116,0004,83.312,KG
100,003,0000000193,0003,000000000000100065,0008,81.564,KG
100,001,0000000194,0001,000000000000100900,0010,2.47,KG
100,002,0000000194,0002,000000000000100600,0009,37.077,KG
100,003,0000000194,0003,000000000000100402,0006,61.82,KG
100,001,0000000195,0001,000000000000100994,0004,65.013,KG
100,002,0000000195,0002,000000000000100434,0008,88.69,KG
100,003,0000000195,0003,000000000000100779,0008,89.171,KG
100,001,0000000196,0001,000000000000100535,0003,96.157,KG
100,002,0000000196,0002,000000000000100227,0004,7.897,KG
100,003,0000000196,0003,000000000000100283,0006,1.97,KG
100,001,0000000197,0001,000000000000100209,0001,68.155,KG
100,002,0000000197,0002,000000000000100902,0008,47.965,KG
100,003,0000000197,0003,000000000000100100,0009,32.368,KG
100,001,0000000198,0001,000000000000100108,0009,23.22,KG
100,002,0000000198,0002,000000000000100575,0007,17.513,KG
100,003,0000000198,0003,000000000000100180,0001,97.152,KG
100,001,0000000199,0001,000000000000100305,0001,62.191,KG
100,002,0000000199,0002,000000000000100472,0010,17.022,KG
100,003,0000000199,0003,000000000000100004,0001,13.584,KG
100,001,0000000200,0001,000000000000100381,0007,11.136,KG
100,002,0000000200,0002,000000000000100397,0006,25.481,KG
100,003,0000000200,0003,000000000000100349,0010,19.259,KG
100,001,0000000201,0001,000000000000100643,0007,97.073,KG
100,002,0000000201,0002,000000000000100189,0004,98.68,KG
100,003,0000000201,0003,000000000000100408,0005,48.943,KG
100,001,0000000202,0001,000000000000100703,0008,31.924,KG
100,002,0000000202,0002,000000000000100066,0009,18.563,KG
100,003,0000000202,0003,000000000000100405,0003,91.121,KG
100,001,0000000203,0001,000000000000100711,0001,73.562,KG
100,002,0000000203,0002,000000000000100735,0007,9.384,KG
100,003,0000000203,0003,000000000000100685,0006,68.479,KG
100,001,0000000204,0001,000000000000100131,0005,65.834,KG
100,002,0000000204,0002,000000000000100047,0003,46.028,KG
100,003,0000000204,0003,000000000000100298,0005,21.622,KG
100,001,0000000205,0001,000000000000100255,0002,64.176,KG
100,002,0000000205,0002,000000000000100417,0010,14.085,KG
100,003,0000000205,0003,000000000000100291,0009,49.522,KG
100,001,0000000206,0001,000000000000100498,0010,79.651,KG
100,002,0000000206,0002,000000000000100582,0009,83.867,KG
100,003,0000000206,0003,000000000000100572,0003,94.837,KG
100,001,0000000207,0001,000000000000100709,0010,1.392,KG
100,002,0000000207,0002,000000000000100716,0009,49.186,KG
100,003,0000000207,0003,000000000000100705,0003,42.691,KG
100,001,0000000208,0001,000000000000100279,0009,70.383,KG
100,002,0000000208,0002,000000000000100310,0002,57.447,KG
100,003,0000000208,0003,000000000000100390,0008,15.377,KG
100,001,0000000209,0001,000000000000100667,0008,88.334,KG
100,002,0000000209,0002,000000000000100485,0003,5.118,KG
100,003,0000000209,0003,000000000000100648,0009,47.842,KG
100,001,0000000210,0001,000000000000100746,0004,95.748,KG
100,002,0000000210,0002,000000000000100494,0007,99.466,KG
100,003,0000000210,0003,000000000000100365,0009,71.92,KG
100,001,0000000211,0001,000000000000100826,0008,94.451,KG
100,002,0000000211,0002,000000000000100016,0006,13.233,KG
100,003,0000000211,0003,000000000000100431,0007,92.239,KG
100,001,0000000212,0001,000000000000100092,0001,98.739,KG
100,002,0000000212,0002,000000000000100829,0005,58.875,KG
100,003,0000000212,0003,000000000000100928,0007,86.828,KG
100,001,0000000213,0001,000000000000100232,0004,50.61,KG
100,002,0000000213,0002,000000000000100649,0008,43.673,KG
100,003,0000000213,0003,000000000000100050,0009,57.019,KG
100,001,0000000214,0001,000000000000100254,0004,81.53,KG
100,002,0000000214,0002,000000000000100651,0004,72.414,KG
100,003,0000000214,0003,000000000000100320,0007,43.798,KG
100,001,0000000215,0001,000000000000100557,0004,88.068,KG
100,002,0000000215,0002,000000000000100170,0008,51.339,KG
100,003,0000000215,0003,000000000000100033,0002,29.552,KG
100,001,0000000216,0001,000000000000100092,0001,77.016,KG
100,002,0000000216,0002,000000000000100538,0008,43.719,KG
100,003,0000000216,0003,000000000000100570,0005,22.336,KG
100,001,0000000217,0001,000000000000100601,0002,73.59,KG
100,002,0000000217,0002,000000000000100415,0010,88.707,KG
100,003,0000000217,0003,000000000000100872,0006,15.311,KG
100,001,0000000218,0001,000000000000100201,0005,80.413,KG
100,002,0000000218,0002,000000000000100439,0007,1.471,KG
100,003,0000000218,0003,000000000000100922,0010,27.279,KG
100,001,0000000219,0001,000000000000100832,0004,1.81,KG
100,002,0000000219,0002,000000000000100375,0003,25.541,KG
100,003,0000000219,0003,000000000000100350,0010,59.202,KG
100,001,0000000220,0001,000000000000100073,0002,17.852,KG
100,002,0000000220,0002,000000000000100641,0004,7.412,KG
100,003,0000000220,0003,000000000000100375,0007,39.238,KG
100,001,0000000221,0001,000000000000100536,0005,7.727,KG
100,002,0000000221,0002,000000000000100404,0004,5.449,KG
100,003,0000000221,0003,000000000000100923,0002,32.113,KG
100,001,0000000222,0001,000000000000100387,0006,79.453,KG
100,002,0000000222,0002,000000000000100111,0003,54.157,KG
100,003,0000000222,0003,000000000000100387,0002,27.406,KG
100,001,0000000223,0001,000000000000100911,0007,79.747,KG
100,002,0000000223,0002,000000000000100238,0007,65.474,KG
100,003,0000000223,0003,000000000000100914,0004,83.525,KG
100,001,0000000224,0001,000000000000100660,0004,93.883,KG
100,002,0000000224,0002,000000000000100169,0008,40.392,KG
100,003,0000000224,0003,000000000000100756,0003,96.542,KG
100,001,0000000225,0001,000000000000100050,0009,92.917,KG
100,002,0000000225,0002,000000000000100688,0009,88.433,KG
100,003,0000000225,0003,000000000000100280,0001,71.63,KG
100,001,0000000226,0001,000000000000100651,0004,79.805,KG
100,002,0000000226,0002,000000000000100838,0003,2.27,KG
100,003,0000000226,0003,000000000000100346,0007,27.972,KG
100,001,0000000227,0001,000000000000100746,0007,20.891,KG
100,002,0000000227,0002,000000000000100341,0001,93.982,KG
100,003,0000000227,0003,000000000000100817,0008,79.061,KG
100,001,0000000228,0001,000000000000100906,0005,7.014,KG
100,002,0000000228,0002,000000000000100213,0008,83.583,KG
100,003,0000000228,0003,000000000000100623,0001,99.197,KG
100,001,0000000229,0001,000000000000100902,0007,1.812,KG
100,002,0000000229,0002,000000000000100195,0009,88.219,KG
100,003,0000000229,0003,000000000000100589,0008,90.626,KG
100,001,0000000230,0001,000000000000100244,0009,98.962,KG
100,002,0000000230,0002,000000000000100284,0008,47.809,KG
100,003,0000000230,0003,000000000000100592,0001,83.576,KG
100,001,0000000231,0001,000000000000100032,0007,36.706,KG
100,002,0000000231,0002,000000000000100726,0005,70.268,KG
100,003,0000000231,0003,000000000000100075,0004,42.041,KG
100,001,0000000232,0001,000000000000100829,0009,99.16,KG
100,002,0000000232,0002,000000000000100173,0002,95.682,KG
100,003,0000000232,0003,000000000000100519,0003,2.506,KG
100,001,0000000233,0001,000000000000100926,0010,78.793,KG
100,002,0000000233,0002,000000000000100885,0003,25.05,KG
100,003,0000000233,0003,000000000000100223,0009,90.84,KG
100,001,0000000234,0001,000000000000100422,0009,39.434,KG
100,002,0000000234,0002,000000000000100416,0009,73.681,KG
100,003,0000000234,0003,000000000000100599,0006,78.615,KG
100,001,0000000235,0001,000000000000100006,0004,70.899,KG
100,002,0000000235,0002,000000000000100857,0001,11.454,KG
100,003,0000000235,0003,000000000000100028,0007,10.574,KG
100,001,0000000236,0001,000000000000100973,0009,85.765,KG
100,002,0000000236,0002,000000000000100043,0005,91.313,KG
100,003,0000000236,0003,000000000000100373,0003,69.932,KG
100,001,0000000237,0001,000000000000100496,0005,5.963,KG
100,002,0000000237,0002,000000000000100451,0010,61.323,KG
100,003,0000000237,0003,000000000000100254,0006,74.824,KG
100,001,0000000238,0001,000000000000100893,0005,57.036,KG
100,002,0000000238,0002,000000000000100339,0006,85.939,KG
100,003,0000000238,0003,000000000000100247,0003,61.8,KG
100,001,0000000239,0001,000000000000100747,0003,91.558,KG
100,002,0000000239,0002,000000000000100039,0005,37.591,KG
100,003,0000000239,0003,000000000000100612,0006,60.647,KG
100,001,0000000240,0001,000000000000100432,0007,11.226,KG
100,002,0000000240,0002,000000000000100464,0009,38.011,KG
100,003,0000000240,0003,000000000000100854,0002,10.628,KG
100,001,0000000241,0001,000000000000100105,0004,49.287,KG
100,002,0000000241,0002,000000000000100455,0008,77.722,KG
100,003,0000000241,0003,000000000000100118,0003,73.66,KG
100,001,0000000242,0001,000000000000100854,0007,9.244,KG
100,002,0000000242,0002,000000000000100986,0005,15.699,KG
100,003,0000000242,0003,000000000000100438,0007,54.594,KG
100,001,0000000243,0001,000000000000100063,0010,38.119,KG
100,002,0000000243,0002,000000000000100088,0006,45.007,KG
100,003,0000000243,0003,000000000000100943,0002,51.939,KG
100,001,0000000244,0001,000000000000100195,0009,29.158,KG
100,002,0000000244,0002,000000000000100146,0003,26.808,KG
100,003,0000000244,0003,000000000000100137,0003,19.381,KG
100,001,0000000245,0001,000000000000100484,0005,29.5,KG
100,002,0000000245,0002,000000000000100354,0001,77.711,KG
100,003,0000000245,0003,000000000000100638,0008,33.183,KG
100,001,0000000246,0001,000000000000100658,0004,62.267,KG
100,002,0000000246,0002,000000000000100311,0007,85.572,KG
100,003,0000000246,0003,000000000000100581,0003,50.062,KG
100,001,0000000247,0001,000000000000100041,0010,90.538,KG
100,002,0000000247,0002,000000000000100376,0002,98.145,KG
100,003,0000000247,0003,000000000000100174,0003,55.411,KG
100,001,0000000248,0001,000000000000100539,0009,61.675,KG
100,002,0000000248,0002,000000000000100642,0010,53.542,KG
100,003,0000000248,0003,000000000000100077,0002,71.423,KG
100,001,0000000249,0001,000000000000100791,0010,90.201,KG
100,002,0000000249,0002,000000000000100832,0003,22.148,KG
100,003,0000000249,0003,000000000000100768,0009,92.614,KG
100,001,0000000250,0001,000000000000100964,0006,5.836,KG
100,002,0000000250,0002,000000000000100567,0006,83.858,KG
100,003,0000000250,0003,000000000000100859,0008,34.102,KG
100,001,0000000251,0001,000000000000100129,0003,9.301,KG
100,002,0000000251,0002,000000000000100655,0008,21.724,KG
100,003,0000000251,0003,000000000000100045,0005,44.253,KG
100,001,0000000252,0001,000000000000100853,0003,52.161,KG
100,002,0000000252,0002,000000000000100979,0009,72.568,KG
100,003,0000000252,0003,000000000000100354,0008,49.337,KG
100,001,0000000253,0001,000000000000100391,0009,9.265,KG
100,002,0000000253,0002,000000000000100116,0009,54.861,KG
100,003,0000000253,0003,000000000000100781,0005,89.989,KG
100,001,0000000254,0001,000000000000100390,0002,90.57,KG
100,002,0000000254,0002,000000000000100361,0006,33.028,KG
100,003,0000000254,0003,000000000000100057,0008,53.448,KG
100,001,0000000255,0001,000000000000100266,0003,63.686,KG
100,002,0000000255,0002,000000000000100740,0007,81.225,KG
100,003,0000000255,0003,000000000000100079,0002,83.14,KG
100,001,0000000256,0001,000000000000100920,0007,40.006,KG
100,002,0000000256,0002,000000000000100787,0002,53.999,KG
100,003,0000000256,0003,000000000000100043,0010,21.427,KG
100,001,0000000257,0001,000000000000100041,0005,87.173,KG
100,002,0000000257,0002,000000000000100192,0002,47.11,KG
100,003,0000000257,0003,000000000000100267,0004,55.908,KG
100,001,0000000258,0001,000000000000100244,0009,46.806,KG
100,002,0000000258,0002,000000000000100025,0008,5.293,KG
100,003,0000000258,0003,000000000000100214,0005,16.27,KG
100,001,0000000259,0001,000000000000100309,0003,15.462,KG
100,002,0000000259,0002,000000000000100182,0003,82.996,KG
100,003,0000000259,0003,000000000000100160,0008,89.696,KG
100,001,0000000260,0001,000000000000100524,0004,41.739,KG
100,002,0000000260,0002,000000000000100250,0006,89.78,KG
100,003,0000000260,0003,000000000000100431,0007,69.173,KG
100,001,0000000261,0001,000000000000100478,0007,41.418,KG
100,002,0000000261,0002,000000000000100077,0010,73.079,KG
100,003,0000000261,0003,000000000000100764,0006,8.617,KG
100,001,0000000262,0001,000000000000100112,0010,34.551,KG
100,002,0000000262,0002,000000000000100001,0008,7.8,KG
100,003,0000000262,0003,000000000000100479,0002,19.685,KG
100,001,0000000263,0001,000000000000100332,0010,54.384,KG
100,002,0000000263,0002,000000000000100996,0002,29.7,KG
100,003,0000000263,0003,000000000000100280,0002,2.897,KG
100,001,0000000264,0001,000000000000100283,0005,2.507,KG
100,002,0000000264,0002,000000000000100520,0007,70.654,KG
100,003,0000000264,0003,000000000000100906,0005,45.816,KG
100,001,0000000265,0001,000000000000100400,0007,89.711,KG
100,002,0000000265,0002,000000000000100661,0008,69.016,KG
100,003,0000000265,0003,000000000000100149,0009,80.135,KG
100,001,0000000266,0001,000000000000100450,0005,24.437,KG
100,002,0000000266,0002,000000000000100177,0005,70.354,KG
100,003,0000000266,0003,000000000000100087,0002,73.641,KG
100,001,0000000267,0001,000000000000100389,0009,90.715,KG
100,002,0000000267,0002,000000000000100717,0010,1.145,KG
100,003,0000000267,0003,000000000000100570,0001,23.564,KG
100,001,0000000268,0001,000000000000100287,0003,42.7,KG
100,002,0000000268,0002,000000000000100607,0007,19.91,KG
100,003,0000000268,0003,000000000000100006,0002,45.467,KG
100,001,0000000269,0001,000000000000100418,0010,59.859,KG
100,002,0000000269,0002,000000000000100815,0006,92.414,KG
100,003,0000000269,0003,000000000000100457,0005,18.976,KG
100,001,0000000270,0001,000000000000100981,0009,51.669,KG
100,002,0000000270,0002,000000000000100515,0003,75.643,KG
100,003,0000000270,0003,000000000000100874,0010,16.46,KG
100,001,0000000271,0001,000000000000100258,0006,17.458,KG
100,002,0000000271,0002,000000000000100663,0010,33.999,KG
100,003,0000000271,0003,000000000000100119,0010,56.848,KG
100,001,0000000272,0001,000000000000100865,0007,44.537,KG
100,002,0000000272,0002,000000000000100383,0001,81.166,KG
100,003,0000000272,0003,000000000000100529,0008,96.049,KG
100,001,0000000273,0001,000000000000100348,0010,16.52,KG
100,002,0000000273,0002,000000000000100333,0008,37.951,KG
100,003,0000000273,0003,000000000000100201,0008,64.323,KG
100,001,0000000274,0001,000000000000100786,0002,90.162,KG
100,002,0000000274,0002,000000000000100919,0009,1.243,KG
100,003,0000000274,0003,000000000000100927,0008,5.127,KG
100,001,0000000275,0001,000000000000100487,0010,45.876,KG
100,002,0000000275,0002,000000000000100866,0010,76.77,KG
100,003,0000000275,0003,000000000000100416,0008,69.257,KG
100,001,0000000276,0001,000000000000100294,0006,52.409,KG
100,002,0000000276,0002,000000000000100418,0007,28.368,KG
100,003,0000000276,0003,000000000000100135,0010,24.491,KG
100,001,0000000277,0001,000000000000100526,0008,7.051,KG
100,002,0000000277,0002,000000000000100768,0002,47.289,KG
100,003,0000000277,0003,000000000000100126,0009,31.91,KG
100,001,0000000278,0001,000000000000100955,0002,3.513,KG
100,002,0000000278,0002,000000000000100858,0008,34.11,KG
100,003,0000000278,0003,000000000000100801,0009,75.615,KG
100,001,0000000279,0001,000000000000100238,0010,52.511,KG
100,002,0000000279,0002,000000000000100285,0009,64.788,KG
100,003,0000000279,0003,000000000000100284,0007,62.766,KG
100,001,0000000280,0001,000000000000100823,0009,94.786,KG
100,002,0000000280,0002,000000000000100004,0004,15.564,KG
100,003,0000000280,0003,000000000000100351,0001,68.457,KG
100,001,0000000281,0001,000000000000100412,0010,29.191,KG
100,002,0000000281,0002,000000000000100260,0008,73.114,KG
100,003,0000000281,0003,000000000000100946,0004,12.178,KG
100,001,0000000282,0001,000000000000100270,0010,73.36,KG
100,002,0000000282,0002,000000000000100045,0003,72.055,KG
100,003,0000000282,0003,000000000000100076,0002,62.86,KG
100,001,0000000283,0001,000000000000100826,0006,22.354,KG
100,002,0000000283,0002,000000000000100012,0001,90.751,KG
100,003,0000000283,0003,000000000000100902,0004,50.63,KG
100,001,0000000284,0001,000000000000100014,0008,81.279,KG
100,002,0000000284,0002,000000000000100684,0008,92.624,KG
100,003,0000000284,0003,000000000000100180,0003,38.683,KG
100,001,0000000285,0001,000000000000100157,0001,83.554,KG
100,002,0000000285,0002,000000000000100681,0010,14.119,KG
100,003,0000000285,0003,000000000000100714,0003,12.998,KG
100,001,0000000286,0001,000000000000100201,0002,16.603,KG
100,002,0000000286,0002,000000000000100041,0009,21.065,KG
100,003,0000000286,0003,000000000000100444,0004,44.535,KG
100,001,0000000287,0001,000000000000100866,0002,44.525,KG
100,002,0000000287,0002,000000000000100009,0009,10.773,KG
100,003,0000000287,0003,000000000000100282,0009,36.006,KG
100,001,0000000288,0001,000000000000100736,0009,3.764,KG
100,002,0000000288,0002,000000000000100082,0003,18.751,KG
100,003,0000000288,0003,000000000000100637,0008,80.404,KG
100,001,0000000289,0001,000000000000100261,0010,99.747,KG
100,002,0000000289,0002,000000000000100430,0008,73.979,KG
100,003,0000000289,0003,000000000000100319,0009,10.775,KG
100,001,0000000290,0001,000000000000100272,0004,25.533,KG
100,002,0000000290,0002,000000000000100002,0007,64.505,KG
100,003,0000000290,0003,000000000000100967,0004,80.647,KG
100,001,0000000291,0001,000000000000100212,0009,90.869,KG
100,002,0000000291,0002,000000000000100653,0001,33.249,KG
100,003,0000000291,0003,000000000000100624,0007,68.145,KG
100,001,0000000292,0001,000000000000100400,0004,92.816,KG
100,002,0000000292,0002,000000000000100048,0007,8.537,KG
100,003,0000000292,0003,000000000000100020,0002,12.936,KG
100,001,0000000293,0001,000000000000100539,0002,67.937,KG
100,002,0000000293,0002,000000000000100797,0006,71.114,KG
100,003,0000000293,0003,000000000000100109,0008,46.534,KG
100,001,0000000294,0001,000000000000100305,0007,30.373,KG
100,002,0000000294,0002,000000000000100919,0003,44.542,KG
100,003,0000000294,0003,000000000000100550,0002,36.129,KG
100,001,0000000295,0001,000000000000100049,0006,51.521,KG
100,002,0000000295,0002,000000000000100249,0003,48.75,KG
100,003,0000000295,0003,000000000000100015,0007,78.669,KG
100,001,0000000296,0001,000000000000100067,0004,88.662,KG
100,002,0000000296,0002,000000000000100438,0003,76.89,KG
100,003,0000000296,0003,000000000000100040,0008,98.257,KG
100,001,0000000297,0001,000000000000100044,0008,71.31,KG
100,002,0000000297,0002,000000000000100590,0008,69.947,KG
100,003,0000000297,0003,000000000000100111,0001,89.295,KG
100,001,0000000298,0001,000000000000100429,0009,69.76,KG
100,002,0000000298,0002,000000000000100291,0002,23.854,KG
100,003,0000000298,0003,000000000000100698,0007,94.678,KG
100,001,0000000299,0001,000000000000100424,0002,36.737,KG
100,002,0000000299,0002,000000000000100198,0009,77.545,KG
100,003,0000000299,0003,000000000000100207,0005,89.667,KG
100,001,0000000300,0001,000000000000100403,0004,77.536,KG
100,002,0000000300,0002,000000000000100528,0004,68.206,KG
100,003,0000000300,0003,000000000000100421,0005,62.573,KG
