MANDT,MATNR,WERKS,DISMM,DISPO,BESKZ,SOBSL
100,MAT000001,1200,ND,MRP009,X,
100,MAT000001,1000,ND,MRP001,F,
100,MAT000001,1400,VB,MRP001,X,
100,MAT000002,1200,ND,MRP001,F,
100,MAT000002,1400,PD,MRP006,E,
100,MAT000003,1000,PD,MRP006,X,
100,MAT000003,1200,VB,MRP003,X,
100,MAT000003,1400,VB,MRP008,X,
100,MAT000004,1100,PD,MRP008,E,
100,MAT000005,1100,PD,MRP001,F,
100,MAT000005,1000,VB,MRP009,F,
100,MAT000006,1300,ND,MRP004,F,
100,MAT000006,1200,VB,MRP001,X,
100,MAT000006,1000,VB,MRP005,E,
100,MAT000007,1300,ND,MRP008,F,
100,MAT000007,1400,VB,MRP003,F,
100,MAT000008,1300,VB,MRP002,X,
100,MAT000008,1200,VB,MRP002,F,
100,MAT000008,1400,ND,MRP003,X,
100,MAT000009,1200,PD,MRP006,X,
100,MAT000009,1000,VB,MRP005,F,
100,MAT000010,1300,VB,MRP006,F,
100,MAT000010,1100,PD,MRP006,X,
100,MAT000010,1200,VB,MRP005,X,
100,MAT000011,1000,ND,MRP007,F,
100,MAT000012,1100,ND,MRP008,E,
100,MAT000012,1000,PD,MRP002,E,
100,MAT000012,1300,ND,MRP006,F,
100,MAT000013,1400,ND,MRP003,X,
100,MAT000013,1000,VB,MRP006,F,
100,MAT000014,1000,ND,MRP006,F,
100,MAT000014,1100,VB,MRP005,E,
100,MAT000015,1000,ND,MRP003,F,
100,MAT000016,1300,VB,MRP008,E,
100,MAT000016,1000,ND,MRP005,X,
100,MAT000016,1100,VB,MRP004,E,
100,MAT000017,1000,VB,MRP003,X,
100,MAT000018,1000,ND,MRP006,X,
100,MAT000018,1200,PD,MRP009,X,
100,MAT000019,1200,ND,MRP003,F,
100,MAT000019,1100,ND,MRP004,E,
100,MAT000020,1100,PD,MRP008,E,
100,MAT000021,1400,VB,MRP009,E,
100,MAT000021,1200,ND,MRP002,E,
100,MAT000022,1300,ND,MRP007,F,
100,MAT000022,1400,ND,MRP002,E,
100,MAT000023,1000,VB,MRP009,F,
100,MAT000023,1300,PD,MRP009,X,
100,MAT000024,1100,ND,MRP001,E,
100,MAT000024,1400,ND,MRP003,F,
100,MAT000024,1300,PD,MRP003,F,
100,MAT000025,1100,VB,MRP002,F,
100,MAT000025,1200,PD,MRP009,F,
100,MAT000025,1300,PD,MRP005,X,
100,MAT000026,1000,ND,MRP003,E,
100,MAT000026,1100,ND,MRP010,X,
100,MAT000026,1200,ND,MRP006,X,
100,MAT000027,1000,PD,MRP001,X,
100,MAT000028,1200,VB,MRP010,X,
100,MAT000028,1100,PD,MRP008,X,
100,MAT000028,1400,ND,MRP005,X,
100,MAT000029,1300,ND,MRP007,F,
100,MAT000029,1100,VB,MRP002,X,
100,MAT000030,1100,VB,MRP007,F,
100,MAT000031,1100,ND,MRP003,F,
100,MAT000031,1200,ND,MRP006,X,
100,MAT000032,1300,VB,MRP009,X,
100,MAT000032,1100,PD,MRP006,E,
100,MAT000033,1000,VB,MRP004,E,
100,MAT000033,1200,PD,MRP001,F,
100,MAT000034,1400,PD,MRP003,F,
100,MAT000034,1300,ND,MRP006,E,
100,MAT000035,1300,ND,MRP008,F,
100,MAT000036,1300,PD,MRP007,X,
100,MAT000036,1000,VB,MRP004,E,
100,MAT000037,1200,VB,MRP008,X,
100,MAT000037,1000,ND,MRP008,F,
100,MAT000037,1300,ND,MRP001,E,
100,MAT000038,1100,ND,MRP006,F,
100,MAT000038,1200,VB,MRP001,F,
100,MAT000039,1400,ND,MRP004,F,
100,MAT000040,1200,ND,MRP008,X,
100,MAT000040,1000,VB,MRP010,X,
100,MAT000040,1100,ND,MRP002,E,
100,MAT000041,1300,VB,MRP006,X,
100,MAT000042,1100,ND,MRP009,F,
100,MAT000042,1400,ND,MRP001,E,
100,MAT000043,1100,ND,MRP006,F,
100,MAT000044,1300,ND,MRP003,F,
100,MAT000044,1100,ND,MRP006,E,
100,MAT000044,1200,VB,MRP010,X,
100,MAT000045,1400,ND,MRP009,X,
100,MAT000045,1200,VB,MRP010,F,
100,MAT000046,1000,VB,MRP002,F,
100,MAT000046,1200,ND,MRP005,X,
100,MAT000047,1000,ND,MRP010,X,
100,MAT000047,1300,PD,MRP001,X,
100,MAT000047,1100,VB,MRP003,X,
100,MAT000048,1400,ND,MRP004,E,
100,MAT000048,1300,ND,MRP002,E,
100,MAT000048,1000,PD,MRP008,F,
100,MAT000049,1100,ND,MRP004,F,
100,MAT000049,1300,ND,MRP010,F,
100,MAT000050,1000,PD,MRP009,F,
100,MAT000050,1100,ND,MRP008,X,
100,MAT000050,1200,VB,MRP006,E,
100,MAT000051,1400,ND,MRP006,X,
100,MAT000051,1200,ND,MRP005,X,
100,MAT000052,1100,VB,MRP009,F,
100,MAT000052,1400,PD,MRP005,F,
100,MAT000053,1100,VB,MRP006,X,
100,MAT000053,1300,ND,MRP005,F,
100,MAT000053,1400,PD,MRP010,X,
100,MAT000054,1300,PD,MRP005,E,
100,MAT000054,1400,VB,MRP002,F,
100,MAT000054,1100,VB,MRP005,X,
100,MAT000055,1100,ND,MRP005,X,
100,MAT000055,1400,ND,MRP005,E,
100,MAT000056,1400,ND,MRP010,E,
100,MAT000057,1000,ND,MRP009,E,
100,MAT000058,1100,VB,MRP006,X,
100,MAT000058,1000,VB,MRP002,X,
100,MAT000058,1300,PD,MRP001,X,
100,MAT000059,1300,ND,MRP008,F,
100,MAT000060,1100,VB,MRP001,E,
100,MAT000060,1200,ND,MRP010,E,
100,MAT000060,1400,ND,MRP001,E,
100,MAT000061,1100,VB,MRP008,E,
100,MAT000061,1000,ND,MRP005,E,
100,MAT000062,1200,ND,MRP010,E,
100,MAT000063,1200,ND,MRP009,X,
100,MAT000063,1300,VB,MRP003,X,
100,MAT000064,1200,PD,MRP006,E,
100,MAT000064,1100,ND,MRP008,X,
100,MAT000065,1100,ND,MRP006,F,
100,MAT000065,1000,ND,MRP004,E,
100,MAT000066,1300,VB,MRP002,F,
100,MAT000066,1400,ND,MRP002,E,
100,MAT000066,1200,PD,MRP008,F,
100,MAT000067,1000,VB,MRP007,E,
100,MAT000068,1200,VB,MRP010,X,
100,MAT000068,1400,ND,MRP001,F,
100,MAT000069,1200,ND,MRP002,F,
100,MAT000069,1100,VB,MRP003,F,
100,MAT000069,1000,ND,MRP009,X,
100,MAT000070,1000,VB,MRP010,E,
100,MAT000070,1200,PD,MRP003,F,
100,MAT000071,1300,ND,MRP010,F,
100,MAT000072,1400,ND,MRP004,E,
100,MAT000072,1300,ND,MRP010,E,
100,MAT000073,1300,ND,MRP002,E,
100,MAT000073,1200,ND,MRP009,E,
100,MAT000073,1000,ND,MRP009,E,
100,MAT000074,1200,ND,MRP008,E,
100,MAT000075,1100,ND,MRP008,E,
100,MAT000075,1300,VB,MRP003,X,
100,MAT000075,1000,VB,MRP008,X,
100,MAT000076,1400,VB,MRP005,X,
100,MAT000077,1300,VB,MRP001,X,
100,MAT000078,1400,PD,MRP001,F,
100,MAT000079,1000,PD,MRP008,E,
100,MAT000079,1400,VB,MRP007,E,
100,MAT000080,1300,VB,MRP007,F,
100,MAT000081,1300,ND,MRP009,E,
100,MAT000081,1000,ND,MRP006,E,
100,MAT000082,1400,VB,MRP009,E,
100,MAT000083,1100,VB,MRP008,X,
100,MAT000083,1000,ND,MRP009,F,
100,MAT000083,1300,ND,MRP007,E,
100,MAT000084,1300,VB,MRP003,F,
100,MAT000085,1000,PD,MRP007,X,
100,MAT000086,1100,PD,MRP002,E,
100,MAT000087,1000,ND,MRP001,E,
100,MAT000087,1300,ND,MRP001,F,
100,MAT000087,1200,VB,MRP004,X,
100,MAT000088,1000,PD,MRP009,F,
100,MAT000089,1400,VB,MRP010,X,
100,MAT000090,1200,PD,MRP009,E,
100,MAT000090,1100,VB,MRP005,F,
100,MAT000090,1300,PD,MRP009,X,
100,MAT000091,1100,VB,MRP001,F,
100,MAT000091,1300,ND,MRP007,X,
100,MAT000091,1200,VB,MRP007,F,
100,MAT000092,1200,VB,MRP003,X,
100,MAT000093,1100,VB,MRP003,F,
100,MAT000093,1400,PD,MRP009,F,
100,MAT000094,1400,VB,MRP004,F,
100,MAT000094,1100,PD,MRP006,X,
100,MAT000095,1300,VB,MRP002,X,
100,MAT000096,1100,VB,MRP010,X,
100,MAT000096,1000,PD,MRP002,E,
100,MAT000096,1400,ND,MRP009,E,
100,MAT000097,1100,VB,MRP001,E,
100,MAT000097,1200,PD,MRP002,X,
100,MAT000098,1100,VB,MRP004,X,
100,MAT000098,1400,VB,MRP005,F,
100,MAT000099,1400,VB,MRP005,F,
100,MAT000099,1200,ND,MRP008,F,
100,MAT000100,1300,VB,MRP004,F,
100,MAT000101,1300,ND,MRP004,X,
100,MAT000101,1000,PD,MRP001,F,
100,MAT000102,1400,PD,MRP004,F,
100,MAT000102,1300,PD,MRP007,X,
100,MAT000102,1100,PD,MRP008,X,
100,MAT000103,1200,ND,MRP008,F,
100,MAT000103,1400,PD,MRP006,E,
100,MAT000103,1100,PD,MRP009,F,
100,MAT000104,1400,ND,MRP001,X,
100,MAT000105,1000,ND,MRP001,E,
100,MAT000106,1100,PD,MRP003,E,
100,MAT000106,1400,PD,MRP009,F,
100,MAT000107,1000,ND,MRP008,E,
100,MAT000107,1300,PD,MRP009,X,
100,MAT000108,1000,ND,MRP005,X,
100,MAT000108,1400,VB,MRP001,X,
100,MAT000109,1300,PD,MRP009,E,
100,MAT000109,1100,PD,MRP004,X,
100,MAT000109,1000,ND,MRP005,F,
100,MAT000110,1300,VB,MRP007,F,
100,MAT000110,1000,ND,MRP004,X,
100,MAT000111,1200,ND,MRP002,X,
100,MAT000112,1000,VB,MRP007,X,
100,MAT000112,1400,VB,MRP001,X,
100,MAT000112,1100,PD,MRP003,E,
100,MAT000113,1300,ND,MRP002,X,
100,MAT000113,1200,PD,MRP004,E,
100,MAT000114,1400,PD,MRP002,X,
100,MAT000114,1300,VB,MRP009,X,
100,MAT000114,1100,ND,MRP001,E,
100,MAT000115,1000,ND,MRP003,X,
100,MAT000115,1100,VB,MRP002,F,
100,MAT000116,1400,PD,MRP010,F,
100,MAT000117,1400,ND,MRP003,X,
100,MAT000117,1200,ND,MRP002,X,
100,MAT000117,1100,ND,MRP006,E,
100,MAT000118,1300,PD,MRP002,F,
100,MAT000119,1400,PD,MRP005,F,
100,MAT000119,1300,VB,MRP004,F,
100,MAT000119,1100,ND,MRP007,F,
100,MAT000120,1400,ND,MRP007,E,
100,MAT000121,1200,PD,MRP002,F,
100,MAT000121,1100,PD,MRP007,X,
100,MAT000121,1400,ND,MRP003,X,
100,MAT000122,1200,PD,MRP002,E,
100,MAT000122,1400,VB,MRP008,F,
100,MAT000123,1000,PD,MRP003,F,
100,MAT000123,1100,VB,MRP009,X,
100,MAT000124,1300,PD,MRP006,X,
100,MAT000124,1000,PD,MRP010,X,
100,MAT000124,1400,VB,MRP007,E,
100,MAT000125,1300,PD,MRP009,E,
100,MAT000125,1400,ND,MRP009,E,
100,MAT000126,1300,VB,MRP005,F,
100,MAT000126,1100,VB,MRP003,E,
100,MAT000126,1000,PD,MRP007,F,
100,MAT000127,1200,PD,MRP006,F,
100,MAT000127,1300,PD,MRP008,X,
100,MAT000128,1100,PD,MRP005,E,
100,MAT000128,1300,VB,MRP006,X,
100,MAT000128,1000,VB,MRP006,F,
100,MAT000129,1300,VB,MRP006,X,
100,MAT000129,1100,ND,MRP004,F,
100,MAT000130,1100,VB,MRP005,X,
100,MAT000130,1300,ND,MRP008,X,
100,MAT000131,1200,VB,MRP005,F,
100,MAT000132,1000,ND,MRP009,E,
100,MAT000132,1100,ND,MRP009,E,
100,MAT000133,1300,VB,MRP002,F,
100,MAT000133,1100,ND,MRP008,E,
100,MAT000133,1400,ND,MRP005,E,
100,MAT000134,1100,VB,MRP002,F,
100,MAT000134,1300,ND,MRP008,X,
100,MAT000135,1400,ND,MRP001,F,
100,MAT000135,1300,ND,MRP009,X,
100,MAT000136,1000,ND,MRP006,E,
100,MAT000136,1400,ND,MRP010,E,
100,MAT000136,1300,ND,MRP007,F,
100,MAT000137,1000,PD,MRP005,E,
100,MAT000137,1400,ND,MRP009,X,
100,MAT000138,1400,VB,MRP007,F,
100,MAT000138,1100,ND,MRP010,X,
100,MAT000138,1300,ND,MRP003,F,
100,MAT000139,1300,PD,MRP005,F,
100,MAT000140,1000,ND,MRP003,F,
100,MAT000141,1200,PD,MRP009,F,
100,MAT000141,1300,VB,MRP008,E,
100,MAT000142,1300,PD,MRP005,E,
100,MAT000142,1200,ND,MRP002,E,
100,MAT000143,1000,ND,MRP004,X,
100,MAT000143,1100,PD,MRP009,E,
100,MAT000144,1400,VB,MRP004,F,
100,MAT000144,1300,ND,MRP003,E,
100,MAT000145,1300,ND,MRP010,E,
100,MAT000145,1400,VB,MRP010,F,
100,MAT000145,1000,VB,MRP001,X,
100,MAT000146,1100,VB,MRP002,X,
100,MAT000147,1400,PD,MRP006,F,
100,MAT000148,1300,PD,MRP005,X,
100,MAT000149,1400,ND,MRP007,X,
100,MAT000149,1200,VB,MRP010,E,
100,MAT000150,1200,ND,MRP003,X,
100,MAT000150,1300,ND,MRP005,X,
100,MAT000151,1000,PD,MRP004,F,
100,MAT000151,1100,PD,MRP003,F,
100,MAT000151,1300,ND,MRP003,X,
100,MAT000152,1300,ND,MRP007,F,
100,MAT000152,1100,PD,MRP008,X,
100,MAT000153,1100,VB,MRP003,E,
100,MAT000153,1400,VB,MRP008,X,
100,MAT000153,1300,PD,MRP006,E,
100,MAT000154,1100,VB,MRP009,X,
100,MAT000154,1400,ND,MRP008,F,
100,MAT000155,1300,VB,MRP008,E,
100,MAT000155,1400,PD,MRP010,E,
100,MAT000155,1200,PD,MRP005,E,
100,MAT000156,1100,PD,MRP008,X,
100,MAT000156,1200,ND,MRP008,X,
100,MAT000157,1000,ND,MRP006,X,
100,MAT000157,1400,PD,MRP008,X,
100,MAT000157,1100,PD,MRP007,E,
100,MAT000158,1100,VB,MRP005,F,
100,MAT000158,1200,PD,MRP008,E,
100,MAT000158,1000,PD,MRP004,X,
100,MAT000159,1200,ND,MRP003,E,
100,MAT000159,1300,PD,MRP001,X,
100,MAT000159,1000,VB,MRP009,F,
100,MAT000160,1400,ND,MRP005,F,
100,MAT000160,1100,ND,MRP005,X,
100,MAT000160,1300,ND,MRP002,E,
100,MAT000161,1000,ND,MRP003,X,
100,MAT000161,1200,PD,MRP004,E,
100,MAT000162,1200,VB,MRP008,E,
100,MAT000162,1100,ND,MRP005,X,
100,MAT000162,1400,VB,MRP007,F,
100,MAT000163,1000,VB,MRP009,X,
100,MAT000164,1200,VB,MRP006,X,
100,MAT000164,1300,PD,MRP002,X,
100,MAT000165,1200,ND,MRP007,E,
100,MAT000165,1000,VB,MRP004,F,
100,MAT000166,1200,VB,MRP009,X,
100,MAT000166,1400,PD,MRP010,F,
100,MAT000167,1000,PD,MRP008,E,
100,MAT000167,1400,PD,MRP003,F,
100,MAT000168,1000,PD,MRP003,X,
100,MAT000168,1300,VB,MRP003,F,
100,MAT000169,1200,VB,MRP002,F,
100,MAT000170,1100,ND,MRP005,X,
100,MAT000170,1000,ND,MRP004,F,
100,MAT000170,1400,ND,MRP002,X,
100,MAT000171,1000,PD,MRP008,E,
100,MAT000172,1400,PD,MRP009,X,
100,MAT000173,1000,ND,MRP006,E,
100,MAT000173,1400,VB,MRP003,F,
100,MAT000174,1100,VB,MRP002,X,
100,MAT000175,1000,VB,MRP006,F,
100,MAT000176,1300,PD,MRP003,E,
100,MAT000177,1400,ND,MRP003,F,
100,MAT000177,1000,VB,MRP004,X,
100,MAT000177,1200,ND,MRP003,F,
100,MAT000178,1300,PD,MRP003,E,
100,MAT000178,1100,ND,MRP007,F,
100,MAT000178,1000,VB,MRP006,E,
100,MAT000179,1200,ND,MRP002,E,
100,MAT000180,1400,PD,MRP005,E,
100,MAT000180,1200,ND,MRP010,X,
100,MAT000180,1300,PD,MRP007,F,
100,MAT000181,1000,VB,MRP002,E,
100,MAT000181,1100,VB,MRP010,E,
100,MAT000181,1300,ND,MRP001,F,
100,MAT000182,1100,ND,MRP007,F,
100,MAT000182,1300,ND,MRP003,F,
100,MAT000183,1000,ND,MRP002,E,
100,MAT000184,1100,PD,MRP007,X,
100,MAT000184,1000,VB,MRP009,F,
100,MAT000185,1300,ND,MRP009,X,
100,MAT000185,1000,ND,MRP003,F,
100,MAT000186,1200,PD,MRP009,E,
100,MAT000187,1400,VB,MRP007,X,
100,MAT000188,1000,VB,MRP004,E,
100,MAT000188,1200,PD,MRP002,F,
100,MAT000188,1300,PD,MRP008,X,
100,MAT000189,1000,ND,MRP003,E,
100,MAT000189,1200,PD,MRP003,X,
100,MAT000189,1300,PD,MRP003,F,
100,MAT000190,1400,PD,MRP006,E,
100,MAT000190,1200,ND,MRP005,X,
100,MAT000191,1000,VB,MRP007,F,
100,MAT000192,1000,ND,MRP002,F,
100,MAT000192,1200,VB,MRP009,F,
100,MAT000192,1300,PD,MRP008,X,
100,MAT000193,1200,PD,MRP005,E,
100,MAT000194,1000,ND,MRP001,E,
100,MAT000194,1100,PD,MRP004,E,
100,MAT000194,1200,VB,MRP006,F,
100,MAT000195,1100,PD,MRP009,X,
100,MAT000196,1300,PD,MRP007,X,
100,MAT000196,1100,VB,MRP005,E,
100,MAT000196,1400,ND,MRP006,E,
100,MAT000197,1000,ND,MRP001,F,
100,MAT000197,1100,PD,MRP008,F,
100,MAT000197,1400,VB,MRP006,E,
100,MAT000198,1300,PD,MRP005,X,
100,MAT000198,1000,VB,MRP010,E,
100,MAT000198,1100,VB,MRP006,X,
100,MAT000199,1100,PD,MRP001,F,
100,MAT000199,1400,PD,MRP004,X,
100,MAT000200,1000,PD,MRP007,X,
100,MAT000200,1200,ND,MRP005,E,
100,MAT000201,1400,PD,MRP007,F,
100,MAT000202,1100,ND,MRP005,E,
100,MAT000203,1100,ND,MRP007,X,
100,MAT000204,1300,ND,MRP002,X,
100,MAT000204,1000,PD,MRP007,E,
100,MAT000205,1400,ND,MRP003,E,
100,MAT000205,1000,VB,MRP005,F,
100,MAT000205,1100,VB,MRP006,F,
100,MAT000206,1200,PD,MRP004,E,
100,MAT000206,1100,ND,MRP002,E,
100,MAT000207,1100,VB,MRP008,F,
100,MAT000208,1000,PD,MRP008,F,
100,MAT000208,1200,VB,MRP005,E,
100,MAT000209,1100,ND,MRP005,X,
100,MAT000210,1400,VB,MRP003,E,
100,MAT000210,1000,ND,MRP004,F,
100,MAT000210,1300,VB,MRP009,E,
100,MAT000211,1200,PD,MRP007,F,
100,MAT000211,1400,ND,MRP009,E,
100,MAT000211,1000,PD,MRP008,E,
100,MAT000212,1000,PD,MRP001,E,
100,MAT000213,1100,VB,MRP006,X,
100,MAT000214,1000,PD,MRP002,E,
100,MAT000214,1200,ND,MRP008,E,
100,MAT000214,1400,PD,MRP006,E,
100,MAT000215,1300,PD,MRP003,X,
100,MAT000216,1300,PD,MRP007,X,
100,MAT000216,1400,VB,MRP003,F,
100,MAT000217,1100,VB,MRP005,F,
100,MAT000218,1000,ND,MRP010,X,
100,MAT000219,1200,VB,MRP007,X,
100,MAT000220,1000,VB,MRP007,E,
100,MAT000220,1400,VB,MRP004,X,
100,MAT000221,1100,ND,MRP006,F,
100,MAT000221,1000,ND,MRP008,F,
100,MAT000221,1400,ND,MRP009,F,
100,MAT000222,1200,PD,MRP006,X,
100,MAT000222,1100,PD,MRP001,F,
100,MAT000223,1300,ND,MRP006,X,
100,MAT000224,1100,PD,MRP004,X,
100,MAT000225,1200,ND,MRP001,E,
100,MAT000226,1300,PD,MRP004,X,
100,MAT000226,1200,VB,MRP006,X,
100,MAT000226,1000,PD,MRP006,X,
100,MAT000227,1100,ND,MRP005,E,
100,MAT000227,1400,VB,MRP001,E,
100,MAT000227,1300,PD,MRP004,X,
100,MAT000228,1000,ND,MRP008,E,
100,MAT000229,1400,PD,MRP006,X,
100,MAT000229,1100,PD,MRP006,E,
100,MAT000230,1100,ND,MRP003,E,
100,MAT000231,1200,ND,MRP007,X,
100,MAT000231,1000,PD,MRP006,F,
100,MAT000231,1100,VB,MRP003,E,
100,MAT000232,1300,VB,MRP003,X,
100,MAT000232,1400,ND,MRP010,F,
100,MAT000232,1200,PD,MRP010,E,
100,MAT000233,1200,PD,MRP003,X,
100,MAT000233,1400,PD,MRP010,F,
100,MAT000234,1000,VB,MRP010,E,
100,MAT000234,1100,ND,MRP010,E,
100,MAT000234,1200,VB,MRP003,F,
100,MAT000235,1000,VB,MRP003,X,
100,MAT000235,1100,PD,MRP006,F,
100,MAT000235,1300,PD,MRP005,E,
100,MAT000236,1000,VB,MRP005,E,
100,MAT000237,1000,VB,MRP007,E,
100,MAT000237,1400,VB,MRP008,F,
100,MAT000237,1100,VB,MRP009,F,
100,MAT000238,1300,ND,MRP004,E,
100,MAT000239,1000,VB,MRP001,F,
100,MAT000239,1400,VB,MRP002,E,
100,MAT000240,1100,PD,MRP002,X,
100,MAT000240,1300,PD,MRP006,X,
100,MAT000241,1300,ND,MRP003,X,
100,MAT000241,1000,VB,MRP003,E,
100,MAT000241,1100,PD,MRP006,E,
100,MAT000242,1300,ND,MRP009,X,
100,MAT000243,1400,VB,MRP005,E,
100,MAT000243,1200,PD,MRP001,F,
100,MAT000243,1300,ND,MRP009,F,
100,MAT000244,1000,VB,MRP001,F,
100,MAT000245,1200,ND,MRP010,F,
100,MAT000246,1000,PD,MRP004,E,
100,MAT000247,1200,PD,MRP005,F,
100,MAT000247,1000,VB,MRP008,X,
100,MAT000247,1100,VB,MRP002,X,
100,MAT000248,1300,VB,MRP006,E,
100,MAT000248,1100,VB,MRP001,F,
100,MAT000248,1400,VB,MRP008,F,
100,MAT000249,1200,ND,MRP001,E,
100,MAT000250,1000,VB,MRP009,F,
100,MAT000250,1400,ND,MRP004,X,
100,MAT000250,1200,PD,MRP007,X,
100,MAT000251,1400,ND,MRP004,F,
100,MAT000251,1300,VB,MRP002,F,
100,MAT000252,1000,VB,MRP003,E,
100,MAT000252,1100,PD,MRP004,E,
100,MAT000252,1400,PD,MRP007,E,
100,MAT000253,1300,PD,MRP010,F,
100,MAT000253,1100,VB,MRP002,E,
100,MAT000253,1200,VB,MRP009,F,
100,MAT000254,1200,VB,MRP001,X,
100,MAT000254,1400,ND,MRP010,X,
100,MAT000254,1300,VB,MRP002,F,
100,MAT000255,1100,ND,MRP010,X,
100,MAT000256,1000,ND,MRP002,F,
100,MAT000257,1200,VB,MRP008,X,
100,MAT000257,1300,ND,MRP008,E,
100,MAT000257,1100,PD,MRP005,F,
100,MAT000258,1400,ND,MRP007,E,
100,MAT000259,1200,PD,MRP008,F,
100,MAT000259,1100,VB,MRP001,F,
100,MAT000260,1200,VB,MRP002,E,
100,MAT000260,1400,PD,MRP005,X,
100,MAT000261,1200,ND,MRP007,X,
100,MAT000261,1400,ND,MRP002,E,
100,MAT000262,1100,ND,MRP008,X,
100,MAT000262,1300,VB,MRP001,X,
100,MAT000263,1000,VB,MRP009,F,
100,MAT000264,1400,ND,MRP001,E,
100,MAT000265,1100,PD,MRP004,E,
100,MAT000266,1000,ND,MRP004,F,
100,MAT000266,1200,VB,MRP008,X,
100,MAT000267,1000,PD,MRP006,F,
100,MAT000267,1400,ND,MRP008,E,
100,MAT000268,1400,VB,MRP003,F,
100,MAT000268,1200,ND,MRP002,F,
100,MAT000269,1300,PD,MRP003,X,
100,MAT000270,1100,ND,MRP004,X,
100,MAT000271,1200,ND,MRP007,X,
100,MAT000272,1000,VB,MRP003,X,
100,MAT000273,1400,PD,MRP004,F,
100,MAT000274,1200,VB,MRP006,F,
100,MAT000274,1400,VB,MRP004,F,
100,MAT000274,1100,VB,MRP009,X,
100,MAT000275,1400,PD,MRP009,X,
100,MAT000275,1000,VB,MRP009,X,
100,MAT000276,1400,ND,MRP002,F,
100,MAT000276,1200,PD,MRP006,F,
100,MAT000276,1100,ND,MRP006,F,
100,MAT000277,1200,PD,MRP009,E,
100,MAT000277,1100,PD,MRP010,F,
100,MAT000278,1200,PD,MRP008,F,
100,MAT000278,1100,VB,MRP007,F,
100,MAT000278,1400,VB,MRP001,X,
100,MAT000279,1400,ND,MRP004,X,
100,MAT000279,1100,ND,MRP008,X,
100,MAT000279,1300,VB,MRP009,F,
100,MAT000280,1400,PD,MRP005,E,
100,MAT000281,1100,ND,MRP009,E,
100,MAT000281,1200,ND,MRP006,X,
100,MAT000282,1100,VB,MRP004,X,
100,MAT000283,1300,VB,MRP005,X,
100,MAT000283,1200,VB,MRP008,E,
100,MAT000284,1000,VB,MRP004,X,
100,MAT000284,1400,PD,MRP007,X,
100,MAT000285,1300,PD,MRP003,E,
100,MAT000285,1000,VB,MRP007,X,
100,MAT000286,1100,ND,MRP003,E,
100,MAT000286,1200,VB,MRP006,X,
100,MAT000287,1200,ND,MRP001,E,
100,MAT000288,1200,PD,MRP010,E,
100,MAT000288,1100,VB,MRP002,E,
100,MAT000289,1300,VB,MRP008,F,
100,MAT000289,1400,PD,MRP001,X,
100,MAT000289,1100,PD,MRP006,E,
100,MAT000290,1400,PD,MRP001,X,
100,MAT000290,1100,ND,MRP004,E,
100,MAT000291,1200,PD,MRP007,X,
100,MAT000291,1400,ND,MRP005,E,
100,MAT000291,1000,PD,MRP001,F,
100,MAT000292,1300,VB,MRP003,F,
100,MAT000292,1200,VB,MRP006,E,
100,MAT000293,1300,PD,MRP004,E,
100,MAT000294,1100,PD,MRP010,X,
100,MAT000294,1400,PD,MRP002,F,
100,MAT000294,1200,ND,MRP001,F,
100,MAT000295,1200,PD,MRP002,X,
100,MAT000295,1000,PD,MRP001,X,
100,MAT000295,1400,PD,MRP007,F,
100,MAT000296,1000,VB,MRP003,E,
100,MAT000296,1200,ND,MRP001,F,
100,MAT000297,1000,ND,MRP010,X,
100,MAT000297,1200,PD,MRP007,E,
100,MAT000298,1400,PD,MRP002,F,
100,MAT000298,1000,PD,MRP010,E,
100,MAT000298,1100,VB,MRP009,E,
100,MAT000299,1300,PD,MRP001,X,
100,MAT000299,1200,VB,MRP004,X,
100,MAT000300,1200,PD,MRP001,X,
100,MAT000300,1100,PD,MRP002,X,
100,MAT000301,1300,ND,MRP002,X,
100,MAT000301,1100,ND,MRP002,F,
100,MAT000301,1000,ND,MRP004,F,
100,MAT000302,1200,PD,MRP002,E,
100,MAT000302,1300,PD,MRP005,F,
100,MAT000303,1200,PD,MRP002,E,
100,MAT000303,1300,PD,MRP003,X,
100,MAT000303,1400,ND,MRP003,F,
100,MAT000304,1300,ND,MRP002,F,
100,MAT000304,1200,VB,MRP003,E,
100,MAT000305,1300,VB,MRP007,X,
100,MAT000305,1400,VB,MRP007,X,
100,MAT000306,1000,PD,MRP001,E,
100,MAT000307,1300,ND,MRP008,X,
100,MAT000308,1300,VB,MRP006,X,
100,MAT000308,1100,PD,MRP003,F,
100,MAT000308,1200,VB,MRP002,F,
100,MAT000309,1000,VB,MRP006,E,
100,MAT000309,1400,ND,MRP009,X,
100,MAT000310,1400,VB,MRP009,X,
100,MAT000310,1100,ND,MRP010,E,
100,MAT000310,1200,VB,MRP004,F,
100,MAT000311,1300,ND,MRP010,E,
100,MAT000311,1100,PD,MRP003,X,
100,MAT000312,1300,PD,MRP008,F,
100,MAT000312,1100,PD,MRP006,F,
100,MAT000313,1400,PD,MRP009,X,
100,MAT000314,1300,PD,MRP008,F,
100,MAT000314,1100,ND,MRP008,E,
100,MAT000315,1300,PD,MRP008,X,
100,MAT000315,1200,ND,MRP001,E,
100,MAT000316,1300,ND,MRP009,E,
100,MAT000316,1000,PD,MRP010,X,
100,MAT000317,1200,ND,MRP008,F,
100,MAT000317,1100,VB,MRP001,E,
100,MAT000317,1400,VB,MRP006,X,
100,MAT000318,1400,ND,MRP006,X,
100,MAT000318,1300,VB,MRP002,E,
100,MAT000318,1200,ND,MRP004,E,
100,MAT000319,1200,ND,MRP009,F,
100,MAT000319,1400,ND,MRP002,E,
100,MAT000320,1300,PD,MRP007,E,
100,MAT000321,1400,PD,MRP002,F,
100,MAT000321,1100,PD,MRP008,E,
100,MAT000322,1200,PD,MRP010,E,
100,MAT000322,1000,VB,MRP008,X,
100,MAT000322,1100,ND,MRP009,E,
100,MAT000323,1000,ND,MRP007,X,
100,MAT000323,1400,VB,MRP009,E,
100,MAT000324,1400,PD,MRP002,F,
100,MAT000324,1100,ND,MRP010,X,
100,MAT000324,1200,VB,MRP009,F,
100,MAT000325,1400,VB,MRP007,F,
100,MAT000325,1100,VB,MRP008,E,
100,MAT000326,1300,ND,MRP009,F,
100,MAT000327,1400,ND,MRP009,X,
100,MAT000327,1200,PD,MRP004,E,
100,MAT000327,1300,ND,MRP005,X,
100,MAT000328,1100,ND,MRP009,X,
100,MAT000328,1400,ND,MRP006,X,
100,MAT000329,1200,ND,MRP008,X,
100,MAT000330,1300,PD,MRP009,E,
100,MAT000330,1200,PD,MRP007,E,
100,MAT000330,1100,PD,MRP001,E,
100,MAT000331,1100,ND,MRP005,E,
100,MAT000331,1200,PD,MRP005,E,
100,MAT000332,1000,PD,MRP010,X,
100,MAT000332,1200,ND,MRP009,E,
100,MAT000332,1100,ND,MRP009,F,
100,MAT000333,1400,ND,MRP005,X,
100,MAT000334,1000,VB,MRP006,X,
100,MAT000334,1300,PD,MRP001,X,
100,MAT000334,1100,VB,MRP004,X,
100,MAT000335,1100,ND,MRP009,X,
100,MAT000335,1200,ND,MRP004,X,
100,MAT000336,1200,VB,MRP003,X,
100,MAT000337,1100,PD,MRP009,E,
100,MAT000338,1000,VB,MRP009,F,
100,MAT000338,1300,PD,MRP003,X,
100,MAT000339,1000,VB,MRP003,E,
100,MAT000339,1200,PD,MRP006,X,
100,MAT000340,1400,ND,MRP005,F,
100,MAT000341,1400,ND,MRP006,X,
100,MAT000341,1200,PD,MRP003,X,
100,MAT000341,1000,PD,MRP009,E,
100,MAT000342,1400,PD,MRP006,E,
100,MAT000342,1300,PD,MRP006,F,
100,MAT000343,1200,ND,MRP009,F,
100,MAT000343,1100,ND,MRP001,E,
100,MAT000344,1200,ND,MRP010,X,
100,MAT000344,1300,PD,MRP001,X,
100,MAT000344,1000,VB,MRP007,E,
100,MAT000345,1200,PD,MRP009,F,
100,MAT000345,1400,ND,MRP009,F,
100,MAT000346,1000,ND,MRP004,F,
100,MAT000346,1200,ND,MRP002,E,
100,MAT000347,1400,ND,MRP001,X,
100,MAT000348,1100,ND,MRP004,X,
100,MAT000349,1000,ND,MRP007,X,
100,MAT000349,1100,PD,MRP003,E,
100,MAT000350,1200,PD,MRP002,E,
100,MAT000350,1000,PD,MRP005,X,
100,MAT000351,1400,PD,MRP005,F,
100,MAT000352,1300,VB,MRP006,E,
100,MAT000352,1400,VB,MRP002,X,
100,MAT000353,1400,PD,MRP010,E,
100,MAT000354,1000,PD,MRP005,X,
100,MAT000354,1200,VB,MRP010,E,
100,MAT000354,1300,VB,MRP008,F,
100,MAT000355,1000,PD,MRP009,E,
100,MAT000355,1300,PD,MRP007,X,
100,MAT000356,1100,ND,MRP006,E,
100,MAT000356,1200,ND,MRP009,E,
100,MAT000357,1000,PD,MRP010,X,
100,MAT000358,1400,VB,MRP004,X,
100,MAT000358,1000,ND,MRP006,E,
100,MAT000359,1400,PD,MRP003,E,
100,MAT000359,1100,ND,MRP005,E,
100,MAT000360,1100,ND,MRP010,E,
100,MAT000361,1300,ND,MRP002,F,
100,MAT000361,1000,PD,MRP004,X,
100,MAT000361,1100,ND,MRP008,F,
100,MAT000362,1100,PD,MRP005,X,
100,MAT000362,1400,PD,MRP004,F,
100,MAT000363,1300,ND,MRP005,X,
100,MAT000363,1200,ND,MRP003,X,
100,MAT000364,1200,PD,MRP001,F,
100,MAT000364,1400,PD,MRP004,X,
100,MAT000364,1100,ND,MRP007,F,
100,MAT000365,1100,VB,MRP008,F,
100,MAT000365,1200,VB,MRP005,F,
100,MAT000366,1000,ND,MRP002,F,
100,MAT000366,1100,PD,MRP009,E,
100,MAT000366,1200,VB,MRP002,X,
100,MAT000367,1000,ND,MRP001,X,
100,MAT000368,1300,ND,MRP005,X,
100,MAT000368,1100,ND,MRP008,X,
100,MAT000368,1000,PD,MRP006,F,
100,MAT000369,1400,ND,MRP005,E,
100,MAT000370,1400,VB,MRP006,X,
100,MAT000370,1000,PD,MRP004,X,
100,MAT000371,1100,PD,MRP003,X,
100,MAT000371,1400,ND,MRP003,X,
100,MAT000371,1300,ND,MRP008,F,
100,MAT000372,1100,VB,MRP004,E,
100,MAT000373,1200,PD,MRP004,X,
100,MAT000373,1100,VB,MRP007,F,
100,MAT000374,1000,ND,MRP006,E,
100,MAT000374,1400,ND,MRP009,X,
100,MAT000375,1200,VB,MRP007,F,
100,MAT000375,1100,ND,MRP002,X,
100,MAT000376,1300,ND,MRP007,F,
100,MAT000376,1100,VB,MRP008,F,
100,MAT000377,1000,PD,MRP004,E,
100,MAT000377,1100,ND,MRP005,E,
100,MAT000377,1300,PD,MRP003,E,
100,MAT000378,1400,ND,MRP004,F,
100,MAT000378,1000,VB,MRP002,F,
100,MAT000379,1300,ND,MRP003,X,
100,MAT000379,1400,VB,MRP001,E,
100,MAT000379,1000,PD,MRP003,X,
100,MAT000380,1100,ND,MRP001,X,
100,MAT000380,1400,PD,MRP001,E,
100,MAT000380,1200,VB,MRP003,X,
100,MAT000381,1400,ND,MRP005,E,
100,MAT000381,1000,PD,MRP008,X,
100,MAT000382,1300,PD,MRP007,X,
100,MAT000382,1100,PD,MRP010,E,
100,MAT000383,1400,ND,MRP006,F,
100,MAT000383,1200,ND,MRP010,E,
100,MAT000383,1000,PD,MRP007,F,
100,MAT000384,1000,PD,MRP004,X,
100,MAT000385,1300,PD,MRP003,F,
100,MAT000385,1100,ND,MRP010,E,
100,MAT000385,1200,ND,MRP009,E,
100,MAT000386,1300,ND,MRP003,X,
100,MAT000387,1000,VB,MRP006,E,
100,MAT000387,1300,ND,MRP009,F,
100,MAT000387,1200,PD,MRP008,F,
100,MAT000388,1400,VB,MRP003,F,
100,MAT000388,1000,VB,MRP004,E,
100,MAT000389,1400,VB,MRP004,E,
100,MAT000389,1300,ND,MRP001,X,
100,MAT000390,1000,ND,MRP004,X,
100,MAT000390,1400,VB,MRP007,F,
100,MAT000390,1100,PD,MRP003,F,
100,MAT000391,1400,ND,MRP007,X,
100,MAT000391,1200,VB,MRP010,F,
100,MAT000391,1100,ND,MRP007,E,
100,MAT000392,1400,PD,MRP006,X,
100,MAT000392,1300,ND,MRP008,F,
100,MAT000393,1400,ND,MRP007,X,
100,MAT000393,1200,PD,MRP002,X,
100,MAT000394,1300,ND,MRP003,E,
100,MAT000395,1400,VB,MRP006,X,
100,MAT000396,1000,ND,MRP001,E,
100,MAT000396,1100,PD,MRP008,X,
100,MAT000396,1300,VB,MRP002,E,
100,MAT000397,1100,PD,MRP010,E,
100,MAT000397,1200,ND,MRP007,F,
100,MAT000398,1400,ND,MRP001,E,
100,MAT000398,1200,ND,MRP008,F,
100,MAT000398,1300,PD,MRP004,X,
100,MAT000399,1200,ND,MRP009,X,
100,MAT000399,1100,ND,MRP004,X,
100,MAT000399,1000,PD,MRP001,F,
100,MAT000400,1000,PD,MRP002,F,
100,MAT000401,1200,VB,MRP010,E,
100,MAT000401,1300,ND,MRP001,X,
100,MAT000402,1000,VB,MRP009,X,
100,MAT000402,1400,VB,MRP006,F,
100,MAT000402,1200,PD,MRP010,E,
100,MAT000403,1300,VB,MRP003,F,
100,MAT000403,1000,ND,MRP002,X,
100,MAT000404,1400,VB,MRP006,E,
100,MAT000405,1200,VB,MRP007,X,
100,MAT000405,1400,VB,MRP004,F,
100,MAT000405,1300,VB,MRP008,X,
100,MAT000406,1300,PD,MRP005,E,
100,MAT000407,1100,VB,MRP007,F,
100,MAT000407,1400,ND,MRP009,E,
100,MAT000408,1200,PD,MRP007,X,
100,MAT000408,1100,ND,MRP006,E,
100,MAT000408,1300,ND,MRP003,F,
100,MAT000409,1200,ND,MRP005,E,
100,MAT000409,1100,ND,MRP004,F,
100,MAT000410,1100,PD,MRP005,E,
100,MAT000410,1400,PD,MRP004,E,
100,MAT000410,1200,ND,MRP006,E,
100,MAT000411,1000,PD,MRP008,X,
100,MAT000412,1400,PD,MRP008,F,
100,MAT000413,1200,VB,MRP008,E,
100,MAT000413,1300,ND,MRP005,F,
100,MAT000413,1400,PD,MRP010,E,
100,MAT000414,1400,VB,MRP008,X,
100,MAT000415,1400,VB,MRP007,X,
100,MAT000416,1300,PD,MRP009,F,
100,MAT000417,1000,ND,MRP004,F,
100,MAT000417,1400,ND,MRP002,F,
100,MAT000418,1400,PD,MRP009,F,
100,MAT000418,1200,PD,MRP005,F,
100,MAT000419,1200,VB,MRP007,E,
100,MAT000419,1400,VB,MRP006,F,
100,MAT000419,1000,VB,MRP005,F,
100,MAT000420,1400,PD,MRP010,X,
100,MAT000421,1000,ND,MRP005,E,
100,MAT000422,1300,PD,MRP003,F,
100,MAT000422,1400,PD,MRP003,F,
100,MAT000422,1000,VB,MRP003,X,
100,MAT000423,1400,VB,MRP005,X,
100,MAT000423,1200,ND,MRP001,F,
100,MAT000423,1100,PD,MRP003,E,
100,MAT000424,1200,VB,MRP002,F,
100,MAT000425,1200,VB,MRP009,X,
100,MAT000425,1400,VB,MRP006,E,
100,MAT000425,1100,VB,MRP002,F,
100,MAT000426,1400,ND,MRP009,E,
100,MAT000426,1100,VB,MRP006,F,
100,MAT000426,1200,ND,MRP009,F,
100,MAT000427,1300,ND,MRP005,F,
100,MAT000427,1000,ND,MRP003,E,
100,MAT000427,1100,ND,MRP006,F,
100,MAT000428,1400,PD,MRP003,F,
100,MAT000428,1300,PD,MRP006,F,
100,MAT000428,1000,ND,MRP005,X,
100,MAT000429,1400,VB,MRP008,F,
100,MAT000429,1300,ND,MRP010,X,
100,MAT000430,1300,PD,MRP001,E,
100,MAT000430,1100,ND,MRP004,X,
100,MAT000431,1000,PD,MRP007,E,
100,MAT000431,1100,PD,MRP002,F,
100,MAT000432,1000,ND,MRP002,E,
100,MAT000432,1400,VB,MRP010,E,
100,MAT000432,1100,PD,MRP007,F,
100,MAT000433,1100,ND,MRP005,F,
100,MAT000434,1100,PD,MRP001,E,
100,MAT000434,1400,ND,MRP006,F,
100,MAT000434,1200,VB,MRP008,X,
100,MAT000435,1400,PD,MRP009,E,
100,MAT000435,1300,ND,MRP010,F,
100,MAT000436,1400,ND,MRP009,F,
100,MAT000436,1300,VB,MRP008,X,
100,MAT000436,1200,PD,MRP002,F,
100,MAT000437,1200,VB,MRP003,F,
100,MAT000437,1300,PD,MRP001,X,
100,MAT000438,1200,VB,MRP008,X,
100,MAT000439,1300,VB,MRP005,E,
100,MAT000440,1200,PD,MRP009,F,
100,MAT000440,1100,PD,MRP007,X,
100,MAT000441,1300,PD,MRP007,F,
100,MAT000441,1100,PD,MRP005,E,
100,MAT000442,1100,VB,MRP009,F,
100,MAT000442,1200,VB,MRP004,E,
100,MAT000443,1100,VB,MRP002,X,
100,MAT000444,1400,VB,MRP010,F,
100,MAT000444,1300,PD,MRP006,E,
100,MAT000445,1000,ND,MRP001,E,
100,MAT000446,1200,VB,MRP003,X,
100,MAT000447,1000,PD,MRP003,E,
100,MAT000447,1100,VB,MRP004,F,
100,MAT000448,1200,VB,MRP008,X,
100,MAT000448,1300,PD,MRP006,E,
100,MAT000449,1000,VB,MRP007,E,
100,MAT000450,1300,VB,MRP007,E,
100,MAT000450,1100,PD,MRP004,F,
100,MAT000450,1000,VB,MRP004,X,
100,MAT000451,1100,VB,MRP002,X,
100,MAT000452,1100,ND,MRP005,F,
100,MAT000452,1300,PD,MRP001,X,
100,MAT000452,1400,ND,MRP009,E,
100,MAT000453,1300,PD,MRP006,E,
100,MAT000453,1200,ND,MRP004,E,
100,MAT000454,1300,VB,MRP001,E,
100,MAT000455,1400,VB,MRP004,E,
100,MAT000455,1000,PD,MRP010,X,
100,MAT000456,1400,VB,MRP002,E,
100,MAT000456,1100,PD,MRP008,E,
100,MAT000457,1400,PD,MRP001,F,
100,MAT000457,1200,ND,MRP003,X,
100,MAT000457,1300,ND,MRP002,E,
100,MAT000458,1100,ND,MRP006,F,
100,MAT000458,1200,ND,MRP004,E,
100,MAT000459,1300,PD,MRP005,E,
100,MAT000459,1200,VB,MRP008,X,
100,MAT000459,1400,VB,MRP009,X,
100,MAT000460,1100,ND,MRP006,F,
100,MAT000460,1400,ND,MRP008,F,
100,MAT000461,1400,ND,MRP003,F,
100,MAT000461,1100,VB,MRP005,X,
100,MAT000461,1000,VB,MRP008,E,
100,MAT000462,1400,PD,MRP001,X,
100,MAT000462,1300,VB,MRP010,E,
100,MAT000462,1200,VB,MRP002,X,
100,MAT000463,1300,ND,MRP008,X,
100,MAT000463,1100,PD,MRP010,F,
100,MAT000463,1200,VB,MRP007,X,
100,MAT000464,1000,ND,MRP002,E,
100,MAT000464,1400,PD,MRP003,E,
100,MAT000465,1000,VB,MRP004,E,
100,MAT000466,1400,ND,MRP007,X,
100,MAT000467,1400,PD,MRP006,E,
100,MAT000467,1200,ND,MRP002,E,
100,MAT000468,1300,PD,MRP008,X,
100,MAT000469,1200,ND,MRP007,F,
100,MAT000470,1000,PD,MRP002,F,
100,MAT000470,1200,PD,MRP004,X,
100,MAT000470,1300,PD,MRP002,X,
100,MAT000471,1400,VB,MRP004,E,
100,MAT000472,1100,ND,MRP009,F,
100,MAT000472,1400,ND,MRP002,X,
100,MAT000472,1200,ND,MRP006,X,
100,MAT000473,1300,PD,MRP003,X,
100,MAT000473,1000,VB,MRP009,F,
100,MAT000474,1100,VB,MRP009,F,
100,MAT000474,1300,VB,MRP007,X,
100,MAT000474,1400,VB,MRP006,X,
100,MAT000475,1400,ND,MRP004,F,
100,MAT000476,1200,VB,MRP007,E,
100,MAT000476,1400,ND,MRP001,F,
100,MAT000476,1100,ND,MRP001,X,
100,MAT000477,1200,PD,MRP005,E,
100,MAT000478,1200,PD,MRP005,X,
100,MAT000479,1400,PD,MRP008,F,
100,MAT000479,1100,PD,MRP003,F,
100,MAT000479,1000,VB,MRP010,E,
100,MAT000480,1200,VB,MRP002,X,
100,MAT000481,1400,ND,MRP002,X,
100,MAT000481,1100,VB,MRP008,E,
100,MAT000482,1400,ND,MRP005,E,
100,MAT000482,1000,ND,MRP010,F,
100,MAT000483,1000,VB,MRP006,F,
100,MAT000484,1000,ND,MRP010,E,
100,MAT000484,1100,ND,MRP007,E,
100,MAT000485,1400,VB,MRP009,X,
100,MAT000485,1000,PD,MRP006,X,
100,MAT000486,1100,ND,MRP007,F,
100,MAT000486,1400,ND,MRP010,X,
100,MAT000486,1000,PD,MRP004,F,
100,MAT000487,1300,PD,MRP006,E,
100,MAT000487,1100,VB,MRP010,X,
100,MAT000488,1400,VB,MRP005,E,
100,MAT000489,1400,ND,MRP003,E,
100,MAT000489,1300,VB,MRP009,E,
100,MAT000490,1300,ND,MRP010,X,
100,MAT000490,1100,ND,MRP004,E,
100,MAT000491,1200,VB,MRP006,X,
100,MAT000492,1000,VB,MRP007,F,
100,MAT000492,1400,VB,MRP004,F,
100,MAT000492,1200,VB,MRP010,X,
100,MAT000493,1200,PD,MRP006,X,
100,MAT000494,1400,VB,MRP001,E,
100,MAT000494,1100,PD,MRP006,E,
100,MAT000495,1000,PD,MRP004,X,
100,MAT000495,1400,PD,MRP005,E,
100,MAT000495,1200,VB,MRP002,F,
100,MAT000496,1300,VB,MRP004,X,
100,MAT000496,1000,ND,MRP004,E,
100,MAT000497,1400,VB,MRP010,X,
100,MAT000497,1200,PD,MRP001,F,
100,MAT000497,1300,ND,MRP009,E,
100,MAT000498,1100,VB,MRP004,X,
100,MAT000498,1000,ND,MRP005,E,
100,MAT000499,1000,VB,MRP005,X,
100,MAT000499,1400,ND,MRP006,E,
100,MAT000500,1200,ND,MRP007,E,
