MANDT,PERNR,ENDDA,BEGDA,SUBTY,STDAZ
100,00000550,20241115,20220319,0002,2.5
100,00000977,20220209,20231227,0001,1.53
100,00001449,20220507,20221112,0002,10.0
100,00000396,20240425,20231216,0005,1.7
100,00001981,20240911,20230718,0001,9.17
100,00000527,20230806,20230317,0003,7.69
100,00001339,20240317,20230408,0005,10.96
100,00000695,20230801,20240217,0004,7.86
100,00001785,20220523,20240212,0005,4.79
100,00000787,20240815,20231125,0001,8.36
100,00000797,20241018,20240509,0001,7.51
100,00001961,20230427,20230310,0001,9.35
100,00001572,20230221,20220814,0003,3.95
100,00000039,20221128,20220801,0005,8.07
100,00001290,20240326,20240514,0002,6.88
100,00000909,20231114,20230127,0002,1.12
100,00000077,20240801,20240307,0003,7.17
100,00000965,20230331,20241011,0004,1.15
100,00001599,20220121,20240817,0005,4.3
100,00000023,20240713,20230901,0001,8.27
100,00000649,20221117,20240401,0002,11.63
100,00000780,20240511,20241009,0003,3.71
100,00000676,20240101,20230112,0004,10.41
100,00001044,20240630,20240507,0003,11.06
100,00000578,20241114,20240810,0004,3.56
100,00001697,20230613,20241229,0001,9.51
100,00000364,20230628,20230304,0002,2.16
100,00001850,20230326,20220915,0001,2.5
100,00001688,20240814,20220614,0002,9.6
100,00000448,20220306,20221222,0005,5.45
100,00001717,20230205,20241230,0005,7.21
100,00001917,20240819,20220504,0003,1.91
100,00000803,20241224,20240318,0004,2.16
100,00001920,20240725,20230617,0004,11.14
100,00001420,20240913,20241001,0004,7.01
100,00001422,20220706,20230915,0004,4.27
100,00001758,20230919,20220909,0002,5.1
100,00000126,20220206,20231212,0003,3.69
100,00000658,20241205,20221225,0004,11.84
100,00000633,20231025,20221201,0002,11.51
100,00000924,20220402,20221204,0001,7.1
100,00000758,20241001,20220322,0001,10.89
100,00000659,20230520,20220320,0003,6.8
100,00001537,20220914,20240915,0002,6.94
100,00001813,20220515,20230907,0001,4.71
100,00001566,20220328,20220821,0001,5.49
100,00001022,20230803,20240108,0003,5.53
100,00000195,20220701,20240606,0003,10.36
100,00000215,20240626,20220117,0004,2.62
100,00001596,20230327,20240128,0004,8.71
100,00001476,20230920,20220308,0002,7.47
100,00001763,20230811,20240408,0002,8.94
100,00000720,20230424,20221218,0004,7.21
100,00001672,20240824,20240121,0002,6.84
100,00000755,20220910,20240718,0001,9.2
100,00001574,20240417,20240311,0004,3.02
100,00001651,20230628,20231115,0005,7.47
100,00001807,20231129,20231112,0005,11.48
100,00001611,20240421,20230411,0002,3.69
100,00001159,20230425,20220511,0001,9.27
100,00000736,20230122,20240929,0001,2.56
100,00001286,20220818,20240426,0001,7.38
100,00001733,20240401,20240806,0002,7.77
100,00000354,20220408,20240707,0005,4.46
100,00001864,20221004,20220906,0003,3.98
100,00000482,20230204,20220530,0001,7.69
100,00001868,20220206,20240330,0004,7.7
100,00000865,20220226,20241102,0002,8.75
100,00000274,20240930,20220301,0005,7.77
100,00001412,20230727,20230301,0001,5.97
100,00000484,20240927,20241205,0004,3.85
100,00001401,20230220,20230416,0005,5.05
100,00000413,20241005,20240621,0003,5.73
100,00000692,20220802,20230924,0005,9.41
100,00000758,20220921,20220427,0002,3.69
100,00000051,20231207,20231017,0004,9.25
100,00000866,20230612,20220407,0003,3.7
100,00000258,20220815,20240929,0002,8.29
100,00000209,20240102,20241122,0003,3.6
100,00000377,20230416,20240226,0004,10.22
100,00001458,20240425,20220904,0005,5.95
100,00001517,20220311,20240325,0004,3.93
100,00001714,20220105,20230804,0005,5.84
100,00001576,20230423,20231108,0002,10.74
100,00000164,20221121,20220202,0003,6.45
100,00000050,20240117,20230713,0002,6.28
100,00000926,20230409,20240809,0002,11.52
100,00001799,20220827,20241231,0005,3.38
100,00001001,20220218,20240906,0004,3.05
100,00000184,20230221,20220118,0004,11.62
100,00000648,20221112,20240309,0005,6.67
100,00000360,20240520,20230818,0002,1.31
100,00001830,20230423,20230515,0001,4.22
100,00001968,20240211,20240922,0005,2.44
100,00001925,20220518,20240318,0004,9.16
100,00000725,20240912,20220306,0005,10.27
100,00001179,20220324,20220126,0002,7.11
100,00000696,20220928,20241024,0005,10.94
100,00001346,20231119,20221108,0004,3.94
100,00000253,20241010,20240104,0004,4.13
100,00000027,20220417,20220301,0002,9.55
100,00000842,20220219,20221005,0004,2.69
100,00001613,20230928,20240414,0004,6.77
100,00001283,20230825,20220530,0002,11.54
100,00000579,20221224,20220703,0001,4.41
100,00001165,20240317,20240716,0002,7.5
100,00001828,20220529,20241027,0003,6.69
100,00000443,20221129,20221014,0005,7.91
100,00001433,20230214,20241213,0003,3.26
100,00000243,20220506,20221017,0001,7.04
100,00001875,20230324,20230710,0002,4.76
100,00000612,20240219,20240927,0005,11.44
100,00001042,20230827,20240711,0005,3.78
100,00000055,20231012,20241122,0003,5.17
100,00000006,20220928,20220929,0004,2.38
100,00001165,20240328,20220726,0003,11.23
100,00000878,20231217,20241019,0002,5.05
100,00001986,20241205,20240228,0003,7.48
100,00000184,20220624,20230222,0002,3.71
100,00000405,20230224,20221010,0003,9.99
100,00000249,20231216,20220313,0003,9.54
100,00000151,20221204,20231231,0002,8.53
100,00000849,20240912,20220708,0003,5.27
100,00001317,20241001,20221103,0002,2.86
100,00000077,20240329,20240418,0005,5.25
100,00001069,20241112,20220929,0001,5.67
100,00000648,20230321,20220719,0004,5.47
100,00000507,20230824,20231204,0005,4.92
100,00000321,20240321,20220817,0003,2.63
100,00001876,20220921,20240312,0002,2.3
100,00001828,20220514,20241110,0001,3.18
100,00001529,20220918,20241124,0004,9.59
100,00000552,20220503,20241209,0004,10.92
100,00000684,20230307,20240224,0003,4.06
100,00000205,20220923,20220310,0001,7.43
100,00000990,20221209,20230611,0005,9.57
100,00001568,20240207,20230812,0003,10.49
100,00001296,20241124,20220425,0001,7.69
100,00001102,20240123,20240719,0001,6.24
100,00001352,20230309,20230114,0001,6.64
100,00000228,20220520,20241225,0002,2.25
100,00001282,20230429,20221020,0003,4.02
100,00000958,20240731,20240301,0002,11.58
100,00000378,20220430,20220428,0004,6.37
100,00000397,20221130,20241202,0005,5.53
100,00000928,20241230,20230521,0003,9.62
100,00001804,20220718,20220224,0004,11.87
100,00000323,20240119,20240825,0001,8.23
100,00000496,20231204,20231030,0005,6.41
100,00001543,20230311,20230906,0005,7.02
100,00001523,20220125,20230606,0004,11.22
100,00001845,20230804,20241222,0001,3.68
100,00000878,20240331,20240728,0002,8.48
100,00000838,20240506,20230917,0002,4.68
100,00001920,20230205,20240525,0001,5.15
100,00001732,20220829,20220805,0003,4.34
100,00001316,20240206,20230206,0002,7.75
100,00001010,20220902,20220216,0004,3.73
100,00000444,20240308,20220917,0005,8.25
100,00000716,20221014,20240109,0002,8.45
100,00001233,20220515,20221016,0004,8.57
100,00001786,20240319,20220828,0003,9.41
100,00000234,20231102,20241219,0001,7.97
100,00000457,20220604,20230426,0005,9.35
100,00001892,20241102,20220607,0004,6.93
100,00000148,20220717,20241021,0002,1.32
100,00000980,20220717,20241110,0001,5.18
100,00000856,20220114,20220825,0004,10.18
100,00000294,20221224,20220505,0005,3.92
100,00001318,20240116,20220729,0003,4.81
100,00001254,20230814,20221205,0005,11.84
100,00000251,20230527,20220615,0001,2.19
100,00001819,20220419,20230917,0004,7.83
100,00000536,20230802,20240521,0003,6.03
100,00000346,20240728,20240718,0004,10.0
100,00000583,20220809,20221001,0002,2.79
100,00001523,20220902,20240323,0003,10.74
100,00001288,20240304,20240131,0004,8.55
100,00001562,20240805,20230505,0002,4.69
100,00000488,20240415,20240126,0001,9.09
100,00000724,20220607,20220210,0003,2.27
100,00001934,20221030,20230325,0004,8.76
100,00000620,20240608,20220407,0002,2.82
100,00001370,20221213,20231105,0002,9.92
100,00001827,20230117,20230719,0001,10.73
100,00001692,20220326,20230729,0001,10.12
100,00000627,20220327,20241218,0001,5.76
100,00000150,20230304,20221121,0005,9.35
100,00000087,20221208,20221219,0001,6.58
100,00000210,20231128,20240811,0005,11.81
100,00000278,20230111,20231215,0003,10.49
100,00001616,20220522,20220808,0002,4.3
100,00001075,20230316,20220709,0001,11.73
100,00001399,20230813,20241005,0001,11.11
100,00001399,20230117,20230313,0003,11.53
100,00001978,20231104,20230606,0004,3.64
100,00001896,20221229,20240302,0003,7.93
100,00000834,20220608,20241216,0003,10.94
100,00001979,20240610,20221004,0002,11.89
100,00001753,20230101,20220322,0001,11.67
100,00001537,20220612,20241205,0004,2.19
100,00000135,20230126,20220201,0002,4.42
100,00001616,20230914,20221111,0004,4.29
100,00001166,20240426,20231129,0002,5.79
100,00001525,20240121,20220502,0003,11.58
100,00000651,20240418,20221223,0002,5.04
100,00001425,20230325,20230428,0002,1.82
100,00001710,20220408,20241127,0003,11.79
100,00000631,20231126,20240407,0002,8.84
100,00000012,20220413,20220207,0005,8.68
100,00000835,20240119,20241204,0004,10.5
100,00000658,20230112,20240727,0005,10.07
100,00001423,20230904,20220304,0003,2.95
100,00001823,20240925,20220128,0001,11.3
100,00001163,20240817,20230716,0005,7.02
100,00000591,20220621,20240428,0003,8.45
100,00000536,20241021,20230105,0003,1.38
100,00001588,20231220,20240401,0004,10.22
100,00001092,20240917,20231120,0002,9.74
100,00000686,20230906,20240430,0002,3.81
100,00000370,20220717,20220620,0001,7.72
100,00001100,20241214,20220619,0002,8.37
100,00001669,20221026,20231124,0003,5.94
100,00000444,20230208,20240125,0001,6.9
100,00001521,20220104,20220120,0004,11.11
100,00001112,20220227,20240628,0002,5.29
100,00000707,20230729,20240826,0001,9.38
100,00001183,20230703,20230713,0002,11.93
100,00000144,20241017,20220627,0004,7.18
100,00000135,20220309,20240708,0003,10.29
100,00000619,20241201,20230130,0001,10.39
100,00000768,20230803,20230303,0003,7.86
100,00000959,20230131,20240111,0005,1.1
100,00001876,20230809,20220718,0005,9.07
100,00000268,20231002,20240125,0005,10.22
100,00000197,20221215,20231019,0004,8.92
100,00001206,20220319,20230612,0004,10.88
100,00001217,20220629,20240821,0003,6.51
100,00000316,20220702,20240807,0004,7.47
100,00000872,20240608,20230109,0001,2.29
100,00000849,20230331,20230627,0002,1.82
100,00000806,20241116,20240913,0002,4.79
100,00001857,20231230,20230331,0001,9.09
100,00000872,20230409,20230916,0001,8.42
100,00001995,20240613,20220911,0002,2.74
100,00001185,20240127,20240207,0002,3.09
100,00000110,20220813,20220325,0003,1.64
100,00000789,20240217,20240620,0002,9.56
100,00000548,20220603,20220121,0004,1.89
100,00000861,20241031,20220318,0005,5.21
100,00000141,20241112,20220802,0003,9.09
100,00001269,20240908,20240725,0005,9.87
100,00000767,20230928,20230621,0003,7.13
100,00001916,20221115,20221102,0004,7.58
100,00000101,20231215,20241218,0001,7.18
100,00000994,20240713,20240314,0001,2.21
100,00001099,20230418,20230717,0002,4.09
100,00000159,20230526,20220411,0001,3.48
100,00000165,20231118,20220214,0003,6.96
100,00000596,20220703,20220518,0003,7.74
100,00000843,20230428,20241106,0001,3.41
100,00001424,20230529,20220923,0002,8.28
100,00001218,20220606,20221024,0004,9.64
100,00000051,20220602,20221021,0003,2.17
100,00000616,20240312,20220921,0004,5.52
100,00001140,20241203,20230929,0004,11.26
100,00000455,20241003,20230430,0004,11.34
100,00000452,20240820,20240321,0005,2.23
100,00000286,20230109,20230207,0003,3.04
100,00000881,20230310,20230524,0003,6.68
100,00000438,20230307,20220715,0001,5.19
100,00000653,20240629,20220222,0005,6.86
100,00001655,20230615,20220119,0002,8.39
100,00000817,20240921,20230210,0003,3.03
100,00000644,20240708,20230509,0001,2.79
100,00001770,20220215,20221018,0003,8.5
100,00000218,20220922,20230821,0001,7.87
100,00000783,20220129,20220629,0001,8.33
100,00000962,20220111,20241127,0004,5.85
100,00001709,20230611,20240107,0004,1.2
100,00000849,20240217,20240721,0002,2.54
100,00001616,20220116,20230327,0001,5.28
100,00000727,20220904,20240120,0005,11.25
100,00000236,20221003,20231028,0002,5.63
100,00000082,20240206,20240911,0005,6.68
100,00000575,20240425,20230118,0002,8.26
100,00001613,20240301,20220909,0003,5.71
100,00001554,20230722,20230912,0003,3.57
100,00001787,20230510,20240714,0002,5.01
100,00000453,20230822,20230708,0003,1.52
100,00000786,20230325,20230706,0004,8.97
100,00000556,20220710,20241113,0005,11.74
100,00000733,20220108,20231114,0002,3.24
100,00000973,20220829,20241215,0002,6.69
100,00001635,20240721,20221213,0002,2.33
100,00000432,20220516,20220423,0005,2.99
100,00001149,20220424,20220909,0002,2.24
100,00000294,20241029,20241215,0002,7.1
100,00001204,20231018,20220101,0005,10.3
100,00001964,20220611,20220121,0004,3.97
100,00000564,20221224,20220807,0002,6.61
100,00000634,20241110,20220119,0004,6.3
100,00000236,20220311,20230611,0001,7.73
100,00001129,20220701,20230205,0001,10.05
100,00001743,20240316,20241217,0002,3.78
100,00001060,20230824,20230706,0001,6.99
100,00000667,20220224,20230328,0004,9.23
100,00001397,20230509,20220731,0004,4.25
100,00001697,20240828,20230709,0003,9.0
100,00001523,20220825,20240110,0001,5.51
100,00000525,20220115,20240813,0003,5.71
100,00000599,20240731,20240913,0003,8.13
100,00001706,20230920,20240105,0003,7.74
100,00000670,20230107,20240529,0005,7.4
100,00001589,20220106,20230301,0003,4.44
100,00000327,20231226,20221108,0002,10.89
100,00001049,20220609,20220414,0001,1.4
100,00000318,20220606,20221029,0001,8.28
100,00001225,20230213,20240527,0005,8.68
100,00000564,20221209,20240418,0003,11.11
100,00000916,20240427,20220710,0001,1.23
100,00001477,20240206,20241208,0004,4.65
100,00000791,20220327,20230410,0002,8.03
100,00001909,20231104,20240303,0002,6.82
100,00000256,20220601,20231005,0002,1.5
100,00001135,20220829,20230523,0004,6.99
100,00000673,20220325,20230828,0003,9.03
100,00001563,20240528,20240111,0005,9.71
100,00001153,20241104,20240810,0004,10.14
100,00000946,20220424,20230509,0004,6.25
100,00001281,20220816,20221029,0003,1.81
100,00000515,20230213,20230620,0005,3.09
100,00001976,20230803,20231007,0001,2.81
100,00001319,20230726,20230725,0004,4.43
100,00001138,20220926,20240529,0002,5.5
100,00000730,20240409,20220718,0004,9.03
100,00001237,20230730,20240326,0001,10.81
100,00001864,20230728,20231023,0001,10.69
100,00000854,20240114,20240207,0003,9.21
100,00001166,20240208,20241101,0002,6.83
100,00001130,20220217,20240829,0001,3.33
100,00001496,20231208,20240522,0001,3.77
100,00001455,20220123,20230904,0004,4.32
100,00000024,20231218,20220516,0004,7.6
100,00000215,20231001,20220314,0005,6.78
100,00000846,20230421,20220501,0005,9.15
100,00000395,20230712,20220224,0001,3.57
100,00000883,20240403,20220430,0005,9.78
100,00000026,20230416,20220224,0001,8.48
100,00001720,20221201,20230705,0005,2.42
100,00000279,20240818,20220522,0001,4.95
100,00000317,20230518,20231028,0004,7.86
100,00000003,20220825,20230206,0003,6.55
100,00000010,20240901,20240203,0003,6.68
100,00000113,20230903,20240304,0002,9.6
100,00000477,20231104,20221106,0002,3.49
100,00001454,20220731,20241023,0003,10.13
100,00000002,20241223,20230518,0002,2.12
100,00000324,20221220,20220608,0004,4.2
100,00000541,20241230,20230719,0002,11.44
100,00001637,20240119,20241118,0004,5.37
100,00001693,20230420,20221021,0002,3.46
100,00001421,20230129,20220509,0004,2.73
100,00001985,20220707,20241121,0001,4.08
100,00001790,20220815,20230922,0005,6.8
100,00001862,20240324,20220228,0005,9.78
100,00000479,20230819,20230430,0001,4.45
100,00001176,20240824,20240531,0005,10.94
100,00000215,20230228,20230204,0005,10.22
100,00001089,20221027,20240925,0005,6.23
100,00001262,20221016,20221214,0004,11.93
100,00000009,20231101,20220618,0004,2.97
100,00001899,20240424,20240116,0005,8.53
100,00001756,20240802,20241228,0005,1.43
100,00001811,20230504,20240515,0004,10.98
100,00000764,20221104,20221105,0001,6.31
100,00000512,20240727,20240822,0001,6.47
100,00001030,20230903,20220727,0002,11.84
100,00000568,20221123,20220421,0002,3.87
100,00000937,20220626,20220913,0003,6.82
100,00001705,20230518,20231220,0001,11.19
100,00000800,20220702,20220706,0004,7.35
100,00001627,20240220,20230620,0005,1.07
100,00001690,20240613,20221120,0002,9.7
100,00000261,20221115,20241219,0003,11.63
100,00001080,20240711,20240614,0001,8.56
100,00000071,20231108,20230109,0004,9.03
100,00001352,20230307,20220403,0002,8.43
100,00001762,20220501,20221004,0002,11.32
100,00000511,20240915,20231216,0002,4.41
100,00001144,20220110,20220112,0003,4.31
100,00001578,20240425,20220207,0002,6.68
100,00000590,20240123,20240228,0002,2.14
100,00001252,20220723,20241005,0003,1.22
100,00000034,20230927,20230222,0004,3.54
100,00000620,20221103,20230801,0004,2.97
100,00000020,20230216,20240921,0005,10.61
100,00001191,20231102,20231212,0002,1.14
100,00000885,20230207,20230101,0003,11.72
100,00001647,20231204,20220625,0001,6.26
100,00001505,20220713,20220508,0001,8.7
100,00001207,20221022,20240628,0005,2.88
100,00001267,20220525,20240731,0005,9.3
100,00001159,20220128,20220816,0003,8.72
100,00000669,20220813,20220303,0005,11.78
100,00001979,20220112,20231017,0005,3.35
100,00001822,20220205,20231213,0005,5.87
100,00001064,20240704,20220123,0001,4.73
100,00000164,20220816,20220410,0005,7.03
100,00001152,20240502,20221031,0004,6.26
100,00001927,20220121,20220816,0004,3.39
100,00001306,20240506,20240818,0004,3.66
100,00000643,20240218,20240204,0005,6.11
100,00000387,20231209,20241108,0004,8.81
100,00001659,20241020,20220320,0003,8.12
100,00000866,20220901,20220915,0005,7.83
100,00001769,20230309,20240316,0004,7.96
100,00001808,20220617,20230419,0005,2.34
100,00001076,20220215,20240306,0001,4.46
100,00001417,20241105,20240213,0005,9.49
100,00000853,20240304,20230616,0004,7.18
100,00001088,20230809,20241014,0004,2.52
100,00000112,20220119,20220820,0003,8.93
100,00000473,20221129,20240812,0001,4.42
100,00001068,20221201,20240913,0001,6.16
100,00000946,20220321,20241214,0003,11.53
100,00000601,20220522,20230904,0001,5.11
100,00001778,20230525,20221209,0005,3.11
100,00001587,20221117,20230527,0001,7.63
100,00000242,20230321,20220806,0003,7.98
100,00001860,20240928,20230902,0002,1.95
100,00000018,20230708,20220821,0005,10.6
100,00001577,20221101,20221212,0005,7.6
100,00000670,20221224,20230512,0002,4.29
100,00000309,20230213,20241002,0001,10.24
100,00001580,20240115,20230526,0002,2.83
100,00001272,20230719,20240819,0004,3.73
100,00000440,20220821,20230910,0003,1.97
100,00001501,20230206,20240617,0005,9.86
100,00000117,20240607,20220814,0003,3.44
100,00001798,20240113,20221102,0001,11.06
100,00000924,20241214,20231218,0005,9.77
100,00000156,20220112,20230829,0003,7.11
100,00000477,20221118,20241018,0002,10.78
100,00000336,20230719,20220705,0002,1.64
100,00001598,20230505,20220218,0004,9.47
100,00001604,20220210,20231214,0002,3.7
100,00001355,20230403,20221026,0003,5.1
100,00000166,20240220,20220716,0005,8.49
100,00000438,20240521,20220322,0004,4.08
100,00000025,20220729,20240724,0003,7.46
100,00000110,20240505,20241003,0005,3.32
100,00001211,20230904,20220314,0005,6.05
100,00001450,20241021,20220312,0002,1.68
100,00000684,20221219,20240815,0003,6.81
100,00000180,20240305,20240825,0001,5.7
100,00001895,20230209,20240222,0002,4.52
100,00001137,20230430,20220209,0003,7.64
100,00001440,20230223,20241021,0001,7.26
100,00001773,20240607,20220901,0005,3.82
100,00000196,20240723,20220901,0002,10.05
100,00000433,20221012,20230221,0002,10.81
100,00001255,20220402,20240329,0005,10.95
100,00001045,20220308,20230413,0005,1.18
100,00000986,20221206,20230929,0003,11.59
100,00000527,20221202,20241012,0004,5.76
100,00001945,20240130,20241211,0003,2.33
100,00000733,20220813,20231116,0001,1.57
100,00000295,20220531,20240605,0002,1.56
100,00000480,20241014,20240512,0004,4.26
100,00000689,20230716,20230204,0005,11.1
100,00001056,20240113,20240808,0005,4.9
100,00000025,20230113,20230518,0005,2.48
100,00001946,20231224,20230223,0001,10.95
100,00000478,20240601,20231108,0005,9.26
100,00000989,20230907,20230116,0005,3.22
100,00000542,20241223,20240302,0004,1.29
100,00000150,20221215,20231021,0005,5.43
100,00001822,20240612,20221101,0002,11.22
100,00001339,20240521,20221122,0002,8.46
100,00001406,20231112,20241024,0005,1.82
100,00000056,20231013,20240616,0003,4.41
100,00000658,20241003,20230812,0005,4.15
100,00001686,20230730,20231208,0004,3.92
100,00000576,20230310,20240303,0003,9.93
100,00000493,20231026,20231123,0003,9.08
100,00001333,20231231,20230812,0005,10.1
100,00000882,20220412,20241227,0004,1.91
100,00001667,20221017,20240525,0002,5.93
100,00000278,20220228,20220926,0004,6.38
100,00000315,20220308,20241229,0005,11.42
100,00001131,20230628,20220224,0001,3.84
100,00001847,20231224,20240120,0001,7.34
100,00000769,20230702,20221207,0004,1.89
100,00001665,20220503,20220804,0004,6.17
100,00000624,20221007,20220512,0003,9.96
100,00000212,20230809,20221104,0003,8.14
100,00001581,20240214,20241219,0001,10.33
100,00000439,20240115,20220708,0002,6.86
100,00000084,20231123,20220303,0003,3.6
100,00000448,20220407,20231117,0004,1.39
100,00001348,20240605,20240430,0005,6.61
100,00001924,20241202,20220815,0003,10.14
100,00000110,20220327,20231104,0003,4.71
100,00001779,20241028,20220810,0002,9.11
100,00001683,20230106,20221228,0001,5.39
100,00000911,20240516,20240919,0005,6.95
100,00001739,20220507,20231028,0002,6.98
100,00000671,20240422,20230205,0004,4.1
100,00001569,20241123,20221028,0002,5.43
100,00000708,20220903,20220711,0005,6.26
100,00001739,20240324,20221120,0004,5.06
100,00001611,20221024,20220904,0004,8.65
100,00001899,20220903,20221015,0003,1.73
100,00001656,20231223,20220529,0003,1.98
100,00000287,20230602,20221202,0004,10.57
100,00001200,20231117,20240129,0001,10.36
100,00001511,20240831,20220721,0004,6.52
100,00001500,20230225,20231230,0002,10.17
100,00000706,20240417,20230810,0004,7.19
100,00001455,20220505,20230509,0003,9.6
100,00001175,20220902,20220504,0005,5.65
100,00001851,20240423,20221208,0002,10.8
100,00001056,20220418,20230810,0002,11.66
100,00000475,20241124,20220329,0005,4.71
100,00000162,20220103,20240806,0005,1.92
100,00001986,20231130,20240810,0003,10.42
100,00000985,20230327,20230908,0001,9.09
100,00001709,20230510,20220616,0001,7.17
100,00001791,20231114,20231227,0001,7.79
100,00001722,20241012,20230406,0005,5.26
100,00000862,20240913,20240729,0001,6.52
100,00000306,20230526,20240602,0003,11.45
100,00001722,20221112,20220808,0005,3.56
100,00001421,20231129,20241015,0001,5.66
100,00000113,20240803,20230721,0002,11.32
100,00001310,20221230,20230607,0004,2.57
100,00000617,20241129,20220719,0004,7.01
100,00001625,20220809,20241202,0003,7.35
100,00001900,20221122,20240822,0002,4.33
100,00001297,20231213,20230627,0002,6.22
100,00001157,20221230,20230908,0003,3.94
100,00000048,20230714,20240805,0004,3.98
100,00000809,20220524,20230422,0003,10.86
100,00001283,20240320,20230106,0003,8.81
100,00000352,20230811,20241019,0005,9.45
100,00001642,20230820,20241216,0003,8.06
100,00000011,20220102,20240129,0001,11.13
100,00000204,20220409,20240603,0003,6.93
100,00001859,20231117,20220208,0004,6.53
100,00000594,20230601,20240825,0005,8.04
100,00001822,20230220,20230728,0001,5.82
100,00000394,20230309,20240203,0005,5.53
100,00001863,20240110,20220729,0004,4.45
100,00000822,20240903,20230903,0001,1.31
100,00001718,20240525,20240807,0004,10.24
100,00001001,20221229,20221228,0002,4.5
100,00000732,20230701,20230527,0001,11.51
100,00000478,20230906,20240325,0005,4.98
100,00000830,20240205,20240916,0001,4.45
100,00001938,20221010,20230720,0003,9.14
100,00001463,20220720,20240804,0001,10.74
100,00000517,20230402,20240604,0005,4.76
100,00001693,20231222,20221216,0005,10.1
100,00000638,20220820,20230410,0005,4.53
100,00001166,20221205,20230430,0003,1.17
100,00000911,20241216,20240427,0002,4.14
100,00001985,20220113,20220125,0003,5.77
100,00000028,20240302,20230413,0002,4.55
100,00001764,20220416,20230309,0001,4.67
100,00001806,20241210,20240225,0001,5.85
100,00001405,20230206,20230414,0004,6.38
100,00000941,20230427,20220216,0002,5.32
100,00001748,20240111,20230909,0005,5.43
100,00001347,20230704,20240801,0004,9.83
100,00001203,20230715,20220724,0005,3.03
100,00000397,20240121,20240904,0005,5.14
100,00000605,20240407,20240721,0005,3.38
100,00000348,20220911,20220925,0004,5.66
100,00001606,20230628,20230406,0004,7.53
100,00000504,20240927,20240411,0004,1.55
100,00000745,20230324,20231025,0005,3.66
100,00000594,20220106,20240513,0003,10.97
100,00001318,20240906,20220823,0002,2.08
100,00001521,20230301,20240921,0001,11.32
100,00001988,20241106,20220429,0001,1.08
100,00001698,20220711,20240223,0002,5.71
100,00001622,20241203,20230712,0004,1.35
100,00001723,20221115,20230312,0002,3.31
100,00000184,20230501,20231023,0003,10.98
100,00000041,20220325,20231108,0005,4.08
100,00001529,20230303,20231111,0001,9.31
100,00000729,20220513,20220803,0005,7.91
100,00000838,20230911,20230521,0003,4.11
100,00000607,20230613,20230302,0003,1.93
100,00001386,20230712,20220319,0001,5.97
100,00000337,20230531,20231221,0004,6.41
100,00001433,20230422,20241016,0004,11.98
100,00000556,20220108,20240428,0001,5.57
100,00001188,20240529,20231018,0001,3.14
100,00001871,20241226,20240907,0001,7.72
100,00001992,20240811,20221027,0005,11.13
100,00000574,20240325,20220927,0002,10.03
100,00001984,20220419,20231224,0005,2.05
100,00000209,20231103,20240203,0004,11.72
100,00001769,20240514,20231215,0002,11.57
100,00001133,20240703,20220331,0004,7.18
100,00001303,20240706,20220326,0003,9.09
100,00000120,20241012,20220211,0003,9.87
100,00000813,20230803,20240118,0001,7.31
100,00001091,20230417,20241001,0003,4.14
100,00000631,20241201,20230913,0003,4.67
100,00001018,20231020,20230215,0003,10.16
100,00000522,20221129,20221025,0001,2.06
100,00001579,20230730,20230616,0005,4.18
100,00000571,20220712,20230509,0003,5.07
100,00000991,20240816,20220802,0001,7.57
100,00000637,20240101,20240810,0004,7.13
100,00001919,20220704,20220109,0004,5.58
100,00001222,20220523,20220301,0003,1.47
100,00001555,20221212,20220405,0005,4.35
100,00000175,20240306,20220122,0002,10.17
100,00000113,20231123,20230308,0005,7.53
100,00001674,20240716,20230324,0005,3.44
100,00001986,20241112,20220208,0004,8.68
100,00000189,20220525,20241014,0003,11.45
100,00000964,20220115,20230828,0001,7.7
100,00001353,20220805,20221110,0004,6.26
100,00000739,20220803,20221128,0002,3.68
100,00000649,20240427,20241024,0005,9.35
100,00000050,20231216,20240527,0004,2.17
100,00001150,20230310,20220622,0001,3.51
100,00000285,20240210,20220707,0004,9.57
100,00001651,20240926,20241228,0005,8.3
100,00001745,20231228,20220130,0004,3.95
100,00000897,20230627,20220105,0004,4.44
100,00001551,20231021,20221029,0003,5.38
100,00001113,20240828,20230421,0004,5.58
100,00000383,20240622,20220315,0001,5.55
100,00000230,20221218,20240908,0001,9.14
100,00001472,20220706,20230519,0003,9.4
100,00001517,20240304,20240529,0005,8.66
100,00001095,20230828,20231024,0004,8.01
100,00000324,20220723,20241025,0001,6.12
100,00000634,20230405,20240723,0001,8.19
100,00001500,20220425,20230128,0005,2.29
100,00000352,20240318,20221128,0005,6.54
100,00001701,20240607,20241224,0002,2.93
100,00001129,20240908,20240329,0001,5.81
100,00001078,20220225,20220510,0003,6.36
100,00000379,20231202,20240327,0002,2.64
100,00001406,20230221,20220427,0001,7.7
100,00001422,20230215,20220716,0002,10.73
100,00000288,20240427,20221114,0003,2.32
100,00001669,20241231,20220731,0004,1.76
100,00000132,20220630,20220325,0003,4.25
100,00000912,20221028,20230811,0003,6.76
100,00001654,20240619,20240308,0002,2.6
100,00001916,20230126,20231029,0001,5.25
100,00001000,20220619,20241107,0002,4.39
100,00001220,20230528,20220407,0002,10.93
100,00001632,20220811,20221222,0002,11.5
100,00000936,20240426,20230113,0004,10.27
100,00000450,20230615,20230317,0003,5.48
100,00001491,20230201,20220622,0002,11.12
100,00000603,20220117,20220906,0005,3.32
100,00000225,20240605,20220517,0001,9.05
100,00001101,20240308,20240120,0001,7.03
100,00001067,20220412,20220312,0004,11.38
100,00001333,20220207,20230318,0001,1.31
100,00001628,20230505,20230110,0004,8.47
100,00001208,20220223,20230927,0001,8.25
100,00001274,20230117,20240601,0005,1.81
100,00001183,20230421,20241230,0005,8.53
100,00000736,20230827,20240405,0002,3.52
100,00000866,20240623,20230826,0004,5.31
100,00000585,20220116,20230518,0003,2.27
100,00000266,20220222,20241101,0005,2.19
100,00001108,20220603,20240621,0002,6.18
100,00000496,20220325,20240415,0002,3.09
100,00001922,20231013,20240825,0005,10.37
100,00001843,20240415,20230211,0002,6.1
100,00000497,20240810,20241120,0005,1.48
100,00000082,20241005,20230102,0002,4.36
100,00001641,20230120,20240716,0002,3.35
100,00000324,20231213,20230302,0005,2.34
100,00001310,20220702,20221002,0002,8.04
100,00000120,20240222,20240826,0002,3.81
100,00001665,20220729,20231017,0004,3.35
100,00001472,20220701,20240505,0003,6.7
100,00000712,20230524,20230611,0001,9.75
100,00000666,20240706,20240519,0005,5.86
100,00000121,20241018,20240720,0005,10.76
100,00000093,20220706,20230827,0004,11.51
100,00000697,20231201,20240224,0005,9.2
100,00001605,20230202,20240714,0004,6.89
100,00000330,20220623,20220611,0002,9.72
100,00001878,20230108,20221119,0004,5.31
100,00001268,20230318,20230622,0004,6.32
100,00001483,20221208,20230823,0004,6.26
100,00001418,20221222,20220626,0004,6.03
100,00000552,20230723,20220605,0001,6.53
100,00000849,20220821,20241118,0005,5.0
100,00000353,20240116,20240701,0001,9.23
100,00000725,20220715,20240516,0005,10.25
100,00000039,20221127,20241115,0002,1.97
100,00000170,20240723,20240919,0004,8.71
100,00000578,20220306,20230331,0002,7.35
100,00001676,20240311,20240522,0003,7.98
100,00000018,20240628,20230523,0004,2.82
100,00000039,20231002,20230621,0005,6.82
100,00001920,20240104,20230522,0002,1.54
100,00000626,20241208,20241101,0002,6.49
100,00000428,20220314,20241231,0004,1.64
100,00001992,20220916,20221218,0004,1.63
100,00001341,20240210,20221120,0002,11.13
100,00000440,20230319,20221230,0005,3.57
100,00001066,20230929,20221231,0005,3.55
100,00001915,20220501,20230920,0004,7.99
100,00001779,20220708,20220910,0005,8.61
100,00000786,20240114,20240727,0005,10.76
100,00001067,20230106,20220410,0004,2.2
100,00001517,20220530,20240909,0005,2.48
100,00000523,20240114,20220202,0004,1.49
100,00000105,20230810,20240518,0001,3.35
100,00000542,20220227,20220402,0002,9.92
100,00000509,20220910,20220105,0004,11.68
100,00001758,20231101,20241012,0001,5.85
100,00000192,20240319,20221122,0005,6.4
100,00001757,20230901,20220805,0002,3.56
100,00001107,20240415,20230101,0001,2.4
100,00001696,20240318,20230417,0001,2.77
100,00000798,20240811,20241231,0001,10.12
100,00001985,20220728,20231219,0002,11.12
100,00001496,20240523,20220124,0001,11.38
100,00000129,20220518,20240925,0005,9.56
100,00001669,20230911,20220206,0005,3.65
100,00000375,20220325,20231126,0002,5.24
100,00001376,20230930,20230222,0003,3.09
100,00000397,20220307,20221018,0003,2.01
100,00000657,20240418,20221217,0004,6.84
100,00000331,20220512,20240420,0004,10.01
100,00001765,20231006,20240106,0004,7.33
100,00001531,20241018,20220910,0005,5.22
100,00000420,20220830,20241228,0001,10.71
100,00000771,20240219,20220701,0003,2.72
100,00001735,20240513,20230129,0004,6.45
100,00000513,20240225,20220811,0002,9.87
100,00001218,20230202,20240504,0001,9.1
100,00000379,20241004,20230910,0003,8.06
100,00001440,20220830,20221202,0004,9.62
100,00001430,20230617,20220409,0005,8.08
100,00001082,20231228,20220428,0002,8.11
100,00001413,20241231,20220713,0003,8.1
100,00000984,20220202,20240702,0005,2.83
100,00000130,20220506,20220709,0004,8.98
100,00000270,20240404,20231106,0002,1.57
100,00001528,20240322,20221109,0001,11.94
100,00000779,20220127,20240711,0005,8.0
100,00000741,20220717,20220926,0003,7.2
100,00000777,20221227,20220127,0004,8.15
100,00001597,20220709,20230610,0005,7.21
100,00000914,20230214,20230624,0001,2.02
100,00000829,20221206,20220717,0002,6.99
100,00000316,20240608,20240804,0002,3.38
100,00001617,20220810,20221129,0003,5.1
100,00001848,20231030,20230114,0002,5.56
100,00000313,20220918,20241028,0004,11.05
100,00000198,20230508,20220227,0004,3.61
100,00001743,20220406,20220619,0002,9.68
100,00001928,20240313,20240901,0005,8.23
100,00000187,20230528,20231016,0003,6.05
100,00001863,20231202,20240903,0001,5.6
100,00000857,20231116,20220428,0005,6.03
100,00001311,20240529,20220324,0003,2.38
100,00000992,20230123,20221219,0004,2.27
100,00000556,20220404,20240507,0002,5.77
100,00000425,20240224,20230710,0003,1.39
100,00000801,20231023,20240916,0001,4.77
100,00001254,20241030,20241104,0001,3.45
100,00000275,20221116,20240616,0003,2.37
100,00000551,20220910,20230807,0002,9.21
100,00000321,20220915,20241019,0004,5.74
100,00001392,20231004,20220808,0001,9.11
100,00000354,20240204,20230325,0001,8.46
100,00000523,20240326,20221120,0002,9.39
100,00001288,20230129,20230127,0004,1.38
100,00000365,20231207,20241128,0001,9.86
100,00000528,20220509,20230423,0001,9.27
100,00000742,20220709,20231030,0001,9.26
100,00001404,20220902,20241216,0001,7.78
100,00000973,20240705,20220101,0003,9.81
100,00001848,20220225,20240706,0003,6.83
100,00000432,20230109,20231217,0004,9.77
100,00001952,20241124,20231206,0002,6.86
100,00001283,20230304,20240513,0004,9.25
100,00000143,20241107,20230506,0003,5.79
100,00001128,20221022,20240604,0004,3.56
100,00000823,20241116,20220221,0002,6.45
100,00000846,20221220,20231031,0003,11.76
100,00000971,20230728,20220320,0002,6.06
100,00000559,20240513,20220519,0005,1.87
100,00000817,20240906,20241105,0004,4.58
100,00000131,20220326,20240825,0005,8.8
100,00000907,20241206,20241112,0003,6.41
100,00001873,20241120,20230521,0005,11.14
100,00001612,20231021,20240604,0002,10.97
100,00001037,20230220,20220529,0004,8.86
100,00001678,20230527,20230410,0003,7.54
100,00001687,20240514,20230110,0003,7.06
100,00001722,20240422,20220710,0005,3.84
100,00000753,20220414,20241020,0004,8.53
100,00000734,20220729,20241201,0002,3.8
100,00001251,20220912,20230816,0003,4.47
100,00001382,20230508,20221104,0002,6.43
100,00000788,20230911,20240331,0003,5.62
100,00000161,20230824,20240928,0002,5.34
100,00000269,20220101,20230711,0002,7.78
100,00001677,20220308,20220822,0003,1.69
100,00001126,20230529,20230721,0005,7.31
100,00000679,20241106,20220326,0003,9.41
100,00001757,20220907,20240625,0005,4.5
100,00001652,20220619,20240925,0001,2.74
100,00000226,20230720,20220616,0003,5.69
100,00001610,20230118,20240725,0001,5.5
100,00000223,20240512,20230224,0005,1.44
100,00000328,20230205,20231227,0005,2.68
100,00001151,20230330,20231217,0003,5.33
100,00000647,20221105,20240409,0004,7.86
100,00001247,20220814,20230903,0004,6.91
100,00000256,20240913,20221025,0002,11.94
100,00001467,20240625,20220707,0002,7.21
100,00001545,20230425,20220914,0005,4.89
100,00000879,20240203,20231023,0004,6.32
100,00001933,20240326,20230321,0003,1.19
100,00001185,20221110,20240517,0002,11.06
100,00000595,20230117,20240811,0003,4.94
100,00001119,20241011,20231019,0001,1.54
100,00001843,20220505,20241211,0004,2.96
100,00000397,20221213,20230223,0003,11.31
100,00001004,20220105,20220723,0003,8.21
100,00000692,20241029,20220413,0001,6.2
100,00001818,20220111,20240824,0002,3.65
100,00000568,20220817,20230420,0005,7.9
100,00001701,20241122,20230216,0003,11.17
100,00000383,20220628,20231125,0002,10.25
100,00001416,20230217,20231012,0005,5.72
100,00000287,20241212,20220608,0001,8.35
100,00001717,20221014,20240821,0005,4.47
100,00001442,20240326,20230826,0003,6.61
100,00001585,20230405,20221221,0001,11.98
100,00001947,20230222,20240922,0004,11.03
100,00000581,20230615,20240124,0004,2.12
100,00000361,20241206,20231225,0003,6.33
100,00001213,20221225,20241206,0001,6.48
100,00001760,20230905,20220315,0004,8.38
100,00000930,20240411,20240814,0004,4.9
100,00001628,20241024,20240122,0001,6.93
100,00000397,20220625,20230425,0005,5.95
100,00000993,20231107,20230731,0003,1.29
100,00001012,20220820,20220526,0002,8.49
100,00001244,20230719,20220122,0003,1.64
100,00000634,20240103,20220201,0003,2.19
100,00001719,20221126,20240721,0001,1.37
100,00001099,20221107,20240608,0004,10.07
100,00000305,20240530,20230309,0004,8.43
100,00001981,20230702,20220124,0004,11.24
100,00000850,20220411,20230228,0003,9.0
100,00000784,20240413,20240303,0004,4.4
100,00000825,20221019,20240304,0005,5.2
100,00001865,20240804,20240929,0002,4.6
100,00001902,20220928,20240717,0001,2.22
100,00000537,20231215,20240308,0002,6.28
100,00000568,20220825,20240925,0003,6.72
100,00001209,20221205,20230408,0003,8.13
100,00000597,20220128,20240824,0001,8.47
100,00001009,20221019,20221014,0001,11.18
100,00001122,20241005,20230712,0003,7.89
100,00000105,20221121,20220819,0004,7.21
100,00001503,20231210,20220819,0004,8.37
100,00001226,20230310,20240208,0004,1.25
100,00001590,20220128,20220726,0001,11.99
100,00000416,20220618,20231109,0003,10.45
100,00000704,20230908,20240429,0003,6.31
100,00000283,20220224,20221021,0002,5.67
100,00000574,20221108,20241028,0004,11.2
100,00000511,20230311,20230312,0002,7.74
100,00000019,20240929,20220526,0003,7.69
100,00001769,20220506,20220526,0002,8.74
100,00001175,20230829,20221031,0002,2.3
100,00001300,20220302,20240827,0001,8.14
100,00000320,20230906,20240206,0001,7.25
100,00000508,20230301,20230103,0001,4.06
100,00001054,20230303,20240407,0004,2.53
100,00001624,20230804,20240629,0003,3.43
100,00001634,20230219,20240409,0002,8.3
100,00000689,20220610,20230211,0002,11.09
100,00000345,20220311,20240420,0001,5.51
100,00000038,20240318,20230606,0004,11.81
100,00000334,20231001,20240103,0002,2.43
100,00001614,20230831,20240417,0004,5.84
100,00001912,20220814,20231019,0001,5.1
100,00000288,20240207,20220527,0001,5.53
100,00000904,20231217,20220318,0005,3.97
100,00000986,20230818,20220408,0003,9.08
100,00000900,20220908,20230227,0005,6.73
100,00000424,20240706,20230224,0002,10.15
100,00001386,20241108,20221113,0005,3.88
100,00001951,20221226,20231005,0001,9.99
100,00000992,20230917,20230529,0001,3.89
100,00001544,20220510,20240513,0004,6.92
100,00000476,20241206,20240226,0005,8.45
100,00000596,20240618,20240816,0002,9.58
100,00001847,20231019,20220726,0004,8.38
100,00001162,20240207,20240606,0002,3.51
100,00001812,20240721,20220320,0004,9.17
100,00000792,20231017,20231111,0003,2.99
100,00001486,20240117,20230415,0003,1.87
100,00000109,20230912,20241008,0001,7.88
100,00000463,20220721,20221015,0004,6.77
100,00001432,20220803,20220815,0004,5.17
100,00000910,20230422,20241230,0001,2.66
100,00000573,20231214,20240215,0002,1.19
100,00001125,20220317,20220501,0003,6.35
100,00000110,20220417,20221220,0003,9.66
100,00000681,20240219,20240212,0005,6.1
100,00001578,20220623,20230308,0002,1.6
100,00001190,20240820,20231113,0001,10.06
100,00001717,20241007,20241218,0003,5.4
100,00000655,20220321,20220204,0003,2.99
100,00000497,20240819,20241020,0005,4.25
100,00001246,20220324,20230510,0001,9.1
100,00001065,20220502,20241221,0005,5.0
100,00000149,20230411,20240104,0002,8.26
100,00000262,20240229,20241128,0002,6.72
100,00001821,20230815,20220505,0002,11.29
100,00000874,20241029,20230702,0001,6.91
100,00000842,20241109,20240630,0004,3.59
100,00001160,20220510,20240824,0005,5.75
100,00001172,20240528,20220112,0003,6.39
100,00000060,20240317,20230605,0004,1.34
100,00000723,20220110,20220522,0003,1.98
100,00001268,20221126,20220710,0003,8.78
100,00001251,20231202,20230323,0005,8.45
100,00001775,20240907,20240107,0002,8.53
100,00001644,20240107,20220421,0003,3.4
100,00001726,20220204,20231021,0005,5.99
100,00000559,20240301,20230824,0005,7.17
100,00001950,20231001,20230814,0001,10.96
100,00000836,20231229,20221227,0005,5.96
100,00000895,20230106,20240905,0003,7.0
100,00000933,20240825,20221223,0003,5.22
100,00000111,20241005,20221024,0002,5.78
100,00001331,20221208,20241106,0005,1.66
100,00000812,20241109,20231020,0004,5.4
100,00001547,20221204,20220805,0003,9.58
100,00001628,20220418,20230127,0003,5.6
100,00000998,20240827,20220215,0001,9.34
100,00001071,20230731,20230309,0003,9.36
100,00001935,20230807,20240111,0001,1.29
100,00001590,20230920,20220627,0001,6.87
100,00000937,20220828,20240731,0005,11.5
100,00000490,20220715,20220426,0002,6.87
100,00000043,20241031,20240917,0004,1.06
100,00001117,20220903,20220314,0004,7.36
100,00000186,20220507,20220508,0004,7.83
100,00001805,20230309,20230605,0003,5.46
100,00000791,20240626,20240927,0003,6.43
100,00000134,20220421,20240710,0002,6.82
100,00001304,20220924,20231111,0005,4.98
100,00000292,20241212,20231013,0004,4.85
100,00001746,20230822,20240329,0004,1.86
100,00000118,20230506,20230711,0005,6.63
100,00001561,20220402,20230721,0003,9.23
100,00000655,20220904,20240601,0004,3.73
100,00001677,20221211,20220515,0001,7.57
100,00001445,20220925,20230923,0005,9.82
100,00001003,20220126,20230915,0005,1.31
100,00000709,20220407,20230726,0003,11.66
100,00001472,20230520,20231030,0001,11.08
100,00001172,20230526,20240308,0004,9.7
100,00000580,20221008,20230312,0001,4.66
100,00001834,20220423,20231227,0004,10.33
100,00001261,20230602,20221226,0001,9.71
100,00000245,20240412,20230828,0005,2.7
100,00001429,20240217,20220918,0002,6.92
100,00000983,20221205,20240501,0001,4.23
100,00001797,20221109,20241022,0004,2.83
100,00000243,20240726,20240902,0002,11.22
100,00000711,20230104,20230724,0002,7.58
100,00001864,20230125,20240410,0001,10.12
100,00000467,20240630,20230731,0002,1.18
100,00000145,20221119,20240118,0001,5.93
100,00000687,20231103,20220131,0001,10.38
100,00000717,20220118,20230507,0002,5.74
100,00000666,20240131,20240114,0001,5.35
100,00001184,20220316,20230308,0002,10.61
100,00000300,20220118,20240513,0004,6.59
100,00000379,20240105,20241204,0003,10.54
100,00001083,20240510,20240118,0003,8.49
100,00000310,20231117,20221013,0005,10.71
100,00001176,20230701,20220111,0005,1.17
100,00001302,20231006,20241008,0003,11.28
100,00001402,20220519,20231024,0002,2.76
100,00001542,20230120,20240120,0001,2.89
100,00001499,20240604,20230404,0004,10.19
100,00001811,20220811,20240709,0001,2.25
100,00000942,20230505,20241102,0004,9.16
100,00000211,20240906,20220214,0002,11.59
100,00001250,20240407,20240810,0005,3.9
100,00000677,20230502,20230602,0002,7.26
100,00001019,20230515,20231101,0001,2.16
100,00001475,20220417,20220108,0004,9.15
100,00001275,20221105,20230219,0002,2.92
100,00000106,20220411,20231116,0003,4.97
100,00000553,20240831,20230324,0001,8.42
100,00001850,20220613,20221109,0005,4.54
100,00000071,20220504,20241014,0005,10.21
100,00000705,20240616,20241114,0002,5.6
100,00001535,20221021,20230420,0005,6.15
100,00001462,20221112,20220616,0002,1.85
100,00000399,20241211,20231004,0005,2.7
100,00000931,20231006,20220227,0001,7.9
100,00001723,20231222,20220512,0004,5.07
100,00001354,20220402,20230825,0002,8.83
100,00000566,20220611,20240924,0004,11.83
100,00001529,20220408,20230320,0001,5.3
100,00000529,20220904,20230223,0003,11.18
100,00000068,20230624,20240201,0005,6.29
100,00000956,20240918,20230204,0005,10.72
100,00001506,20220209,20240719,0001,1.84
100,00000717,20240515,20230826,0001,6.79
100,00001939,20230208,20231229,0003,2.15
100,00001121,20220904,20220208,0004,9.33
100,00000117,20240813,20241216,0003,1.44
100,00001129,20241101,20220924,0004,7.22
100,00001215,20221221,20230216,0004,7.14
100,00001261,20230609,20241109,0001,8.74
100,00001843,20231102,20230207,0004,10.87
100,00001679,20231107,20230522,0001,7.98
100,00001583,20240903,20240604,0001,11.05
100,00000543,20231110,20221111,0005,9.97
100,00000778,20220911,20230811,0003,4.28
100,00001907,20230621,20230910,0004,2.71
100,00000872,20220629,20230219,0003,10.8
100,00000096,20230526,20230524,0005,5.59
100,00001500,20240330,20221011,0001,8.78
100,00001606,20240321,20231222,0003,6.56
100,00001527,20231030,20220201,0005,1.54
100,00001640,20230421,20240817,0001,10.7
100,00001306,20220215,20221221,0005,6.49
100,00001161,20230112,20230902,0003,6.36
100,00000027,20220927,20240119,0005,3.27
100,00000610,20231122,20220805,0004,8.77
100,00001933,20241002,20240731,0003,5.65
100,00000703,20230824,20221019,0005,6.79
100,00001713,20240415,20241105,0003,5.45
100,00000035,20240607,20240418,0003,8.37
100,00000441,20230613,20240627,0002,9.61
100,00001761,20230112,20230824,0001,11.56
100,00001301,20240901,20240709,0005,11.11
100,00000165,20220320,20230317,0003,10.89
100,00000412,20240323,20231226,0005,5.09
100,00000507,20220809,20220707,0005,7.0
100,00001087,20220407,20240425,0002,9.52
100,00000815,20241210,20220904,0001,7.05
100,00000359,20230319,20230309,0002,2.27
100,00001175,20230825,20220429,0002,6.74
100,00000507,20230908,20220323,0004,7.89
100,00001597,20240322,20241018,0001,6.46
100,00000094,20230516,20240802,0002,8.35
100,00001815,20240601,20230711,0001,9.46
100,00000748,20220306,20230711,0003,7.62
100,00000264,20240713,20240215,0003,5.48
100,00001300,20240813,20240614,0002,7.14
100,00000366,20240826,20240907,0004,10.76
100,00000522,20231027,20220618,0002,10.23
100,00000617,20230626,20241029,0001,4.38
100,00001977,20240925,20241212,0001,4.21
100,00001092,20230713,20221104,0004,8.22
100,00000766,20220325,20221006,0001,11.36
100,00001859,20230708,20230304,0002,10.87
100,00000606,20240801,20220717,0002,7.26
100,00001388,20220117,20240715,0001,9.38
100,00000232,20240124,20240306,0004,4.09
100,00000748,20220731,20220106,0004,7.4
100,00001512,20220412,20230215,0005,9.87
100,00000566,20220609,20220412,0005,6.82
100,00000234,20230116,20230314,0002,4.97
100,00001744,20230325,20220424,0003,3.84
100,00001860,20220222,20230817,0004,8.97
100,00000917,20231124,20240528,0005,3.82
100,00001965,20220130,20220511,0001,11.4
100,00000184,20220129,20241218,0002,9.7
100,00001490,20230319,20240120,0005,3.86
100,00001379,20230608,20230627,0003,1.4
100,00001125,20240607,20221010,0004,5.94
100,00001405,20221227,20240326,0003,3.1
100,00000151,20220403,20240808,0003,7.78
100,00000925,20240707,20221219,0003,7.49
100,00001984,20220424,20240323,0004,3.77
100,00001886,20220530,20221008,0004,10.42
100,00001204,20241021,20240112,0001,8.12
100,00001094,20240609,20220521,0005,2.09
100,00000946,20240119,20220617,0002,9.92
100,00000627,20220215,20220523,0001,4.95
100,00000157,20230817,20240101,0002,1.53
100,00001552,20220522,20221010,0005,6.9
100,00000521,20230404,20230727,0005,5.42
100,00000701,20240426,20220417,0004,4.71
100,00001018,20230104,20230410,0001,6.48
100,00000632,20240509,20241021,0004,6.13
100,00000824,20230130,20220818,0002,5.25
100,00000198,20220204,20230615,0004,7.82
100,00000621,20220809,20230710,0005,1.42
100,00001393,20230129,20240904,0005,5.28
100,00001126,20231105,20230914,0001,2.44
100,00001860,20241224,20221010,0004,11.56
100,00000230,20240125,20220613,0004,1.72
100,00001890,20240310,20240810,0005,11.08
100,00000221,20241231,20240427,0004,8.65
100,00001093,20221006,20231030,0001,2.33
100,00001040,20240216,20220504,0003,6.08
100,00000184,20230325,20220611,0004,9.74
100,00000464,20221114,20230810,0003,8.94
100,00000317,20230126,20230706,0004,7.52
100,00000325,20221027,20221105,0002,9.48
100,00001959,20220526,20240202,0004,8.91
100,00001688,20240805,20220721,0002,11.47
100,00001214,20240409,20220330,0001,10.28
100,00000758,20231017,20230726,0005,4.99
100,00001555,20241015,20241205,0004,2.68
100,00001340,20240523,20240514,0005,11.03
100,00000437,20221117,20240910,0003,2.14
100,00000802,20221111,20241116,0002,11.7
100,00000080,20230930,20240919,0003,11.88
100,00001478,20220121,20221102,0001,5.64
100,00001328,20240818,20240819,0004,1.49
100,00000378,20231206,20240423,0005,7.65
100,00001810,20220504,20241227,0004,7.6
100,00000912,20220807,20240516,0003,10.23
100,00000767,20240612,20230210,0002,2.12
100,00001548,20230812,20240523,0002,6.29
100,00001629,20220818,20220403,0003,6.06
100,00000755,20230113,20240316,0003,3.48
100,00000038,20231004,20240518,0001,6.18
100,00000659,20240722,20240705,0005,10.87
100,00000225,20221118,20221012,0005,7.12
100,00001395,20220801,20240911,0001,3.42
100,00001628,20240102,20231214,0005,7.4
100,00000643,20230204,20220429,0003,6.74
100,00000799,20240426,20231114,0001,11.75
100,00000056,20230519,20230921,0004,2.71
100,00000130,20220716,20220406,0003,9.0
100,00001517,20230325,20240726,0003,4.67
100,00000836,20230323,20230417,0004,2.56
100,00001326,20240212,20231124,0001,10.8
100,00000580,20221023,20230728,0002,5.45
100,00000750,20240412,20240214,0003,1.91
100,00000522,20230429,20230701,0001,3.18
100,00001064,20230813,20220711,0005,1.31
100,00000577,20231230,20231228,0003,7.98
100,00000496,20220723,20220412,0005,11.97
100,00000493,20240923,20240117,0004,7.5
100,00000079,20220603,20241213,0004,11.21
100,00000772,20221006,20220120,0001,9.1
100,00000802,20230314,20240211,0001,11.26
100,00001646,20230825,20230410,0001,9.86
100,00000038,20220718,20220512,0004,5.31
100,00001341,20230624,20230818,0002,2.0
100,00000587,20240629,20230206,0001,6.27
100,00000173,20240323,20220609,0004,9.43
100,00001282,20240802,20230412,0004,9.42
100,00001841,20231019,20240101,0004,4.73
100,00000953,20221209,20241103,0002,1.14
100,00000004,20240803,20221108,0001,11.85
100,00000778,20240229,20231106,0003,10.88
100,00001675,20240706,20240820,0005,2.39
100,00000770,20240421,20220616,0003,10.19
100,00000457,20221029,20220215,0001,9.95
100,00000069,20230220,20230506,0004,10.94
100,00000914,20230126,20221010,0004,1.18
100,00000442,20240108,20240720,0001,4.57
100,00001533,20240511,20231212,0003,4.89
100,00001509,20240601,20240819,0002,8.29
100,00001608,20241226,20230710,0003,8.48
100,00000498,20230104,20230223,0005,10.83
100,00001058,20240106,20220305,0003,5.78
100,00001406,20240420,20240323,0001,7.39
100,00000552,20240309,20240816,0002,7.23
100,00000838,20240926,20230814,0003,7.4
100,00001403,20240530,20220423,0004,9.71
100,00000134,20221025,20240406,0002,1.35
100,00000717,20241213,20220615,0001,7.07
100,00000921,20231203,20230908,0004,6.73
100,00001266,20241226,20241223,0002,9.86
100,00000231,20231025,20240831,0005,8.74
100,00000299,20240904,20240501,0002,4.09
100,00000083,20221021,20221122,0003,7.27
100,00000321,20240601,20240505,0005,9.75
100,00001363,20220401,20230522,0001,6.17
100,00000877,20230603,20230918,0005,9.23
100,00000006,20220206,20220524,0005,6.86
100,00001052,20240227,20220429,0004,6.93
100,00001374,20240312,20220729,0005,9.76
100,00001202,20220824,20220224,0005,3.33
100,00000890,20220423,20220614,0002,3.07
100,00000500,20241215,20230818,0001,1.28
100,00000868,20220524,20240405,0003,4.8
100,00001911,20230805,20231006,0001,6.99
100,00001876,20220211,20220501,0004,9.52
100,00000127,20230112,20221230,0002,7.69
100,00000129,20231022,20240611,0004,3.33
100,00000701,20230417,20231121,0001,8.56
100,00000945,20240301,20221015,0003,4.03
100,00000801,20220723,20220103,0005,9.29
100,00000606,20230920,20240430,0002,11.45
100,00001184,20221225,20240406,0003,4.02
100,00001492,20221027,20230122,0004,1.06
100,00001458,20240127,20221003,0001,6.01
100,00001749,20240825,20230411,0005,4.0
100,00000350,20230210,20230711,0005,9.57
100,00001652,20220923,20240930,0001,3.9
100,00000152,20221008,20230117,0005,3.81
100,00001028,20220221,20230721,0004,1.14
100,00001208,20241119,20221230,0002,8.13
100,00001353,20230614,20240907,0004,9.84
100,00001189,20240828,20221129,0003,7.31
100,00000172,20230504,20230124,0002,5.98
100,00001101,20230201,20230914,0002,7.89
100,00001736,20230630,20230312,0005,10.02
100,00000938,20221206,20230124,0003,10.23
100,00000557,20240920,20231116,0005,7.4
100,00001880,20240525,20240329,0005,4.82
100,00001913,20220214,20220720,0005,11.71
100,00000872,20240618,20240420,0002,8.88
100,00001448,20231021,20241028,0004,10.28
100,00001885,20231005,20230730,0003,4.21
100,00000036,20230823,20240914,0004,5.47
100,00000283,20240204,20220508,0001,8.6
100,00001524,20230927,20230919,0001,5.25
100,00001873,20240913,20240530,0002,8.93
100,00000003,20230628,20220102,0002,9.79
100,00001968,20221212,20220906,0002,10.77
100,00001816,20240304,20220827,0005,2.45
100,00001431,20240323,20240310,0004,5.65
100,00000290,20240513,20230812,0003,11.11
100,00000993,20240524,20220708,0001,6.56
100,00000378,20240724,20220210,0002,3.99
100,00000361,20230725,20220120,0001,6.0
100,00000270,20221023,20221121,0005,7.76
100,00000555,20230711,20240201,0003,9.36
100,00000465,20220429,20221213,0002,7.82
100,00001044,20240921,20220829,0004,2.17
100,00001678,20220906,20241216,0002,1.87
100,00001537,20220412,20241103,0001,3.62
100,00000954,20220625,20240223,0004,11.96
100,00000170,20240329,20220605,0005,9.96
100,00000872,20230619,20221005,0004,1.6
100,00001047,20241123,20240907,0002,9.03
100,00001097,20231110,20240814,0002,10.84
100,00000459,20220623,20221230,0002,4.84
100,00001026,20220318,20230924,0004,9.52
100,00001506,20220430,20230706,0001,3.6
100,00000229,20220920,20230302,0001,8.17
100,00001147,20240704,20220320,0001,5.79
100,00000367,20240407,20240109,0005,5.43
100,00000001,20220919,20230503,0005,6.54
100,00000078,20240729,20240609,0001,5.16
100,00000340,20220209,20230815,0002,5.01
100,00001548,20231223,20240522,0001,5.16
100,00001496,20220429,20230907,0005,3.33
100,00001960,20240509,20220511,0002,11.47
100,00001257,20230108,20220801,0005,11.84
100,00001559,20240926,20220902,0005,10.11
100,00001756,20241126,20230317,0005,2.64
100,00000884,20221021,20220726,0004,3.08
100,00001724,20240630,20221010,0001,8.77
100,00001672,20240213,20230109,0004,6.26
100,00001888,20230310,20230919,0004,11.44
100,00001236,20240825,20230713,0002,5.47
100,00001356,20220222,20220330,0001,8.71
100,00000772,20231224,20221217,0005,6.99
100,00000516,20230308,20241024,0003,2.45
100,00001419,20220212,20240310,0005,2.82
100,00000542,20230429,20241113,0004,6.17
100,00001048,20241015,20240425,0004,3.49
100,00000323,20240712,20240517,0003,2.14
100,00001142,20220309,20240415,0003,3.01
100,00001437,20240906,20240226,0005,2.27
100,00000931,20240105,20220806,0003,11.51
100,00001243,20230830,20231219,0005,1.72
100,00001985,20230201,20220926,0001,11.67
100,00000177,20230916,20240125,0001,11.23
100,00000286,20220724,20240716,0002,10.32
100,00001612,20240122,20230617,0003,7.91
100,00001854,20230510,20241022,0001,3.27
100,00001273,20230816,20240131,0002,11.97
100,00001894,20240915,20220131,0001,11.67
100,00000749,20230814,20230408,0001,3.98
100,00000522,20231208,20221205,0002,8.53
100,00001466,20241019,20220821,0002,8.88
100,00000799,20230715,20221108,0003,3.98
100,00001309,20220204,20230416,0002,11.35
100,00000769,20221213,20240601,0003,7.9
100,00001323,20240409,20220208,0002,6.57
100,00000345,20221003,20240715,0005,1.17
100,00000202,20240730,20230930,0005,11.3
100,00001427,20230715,20220526,0001,8.91
100,00001648,20230120,20220206,0004,11.38
100,00000823,20220330,20221215,0002,5.07
100,00001116,20230526,20230607,0005,9.98
100,00001345,20220402,20240712,0003,9.91
100,00001174,20230309,20231025,0002,1.07
100,00000725,20221025,20220409,0001,11.64
100,00001320,20240114,20230609,0003,4.76
100,00001195,20240622,20231031,0004,8.87
100,00000921,20220518,20240425,0004,5.03
100,00001351,20240909,20240808,0003,1.36
100,00001715,20230912,20221223,0002,6.05
100,00001882,20240917,20240111,0001,11.03
100,00000191,20220907,20221031,0004,11.52
100,00000689,20230811,20221120,0004,3.83
100,00000958,20220531,20220116,0002,2.1
100,00000869,20230204,20221003,0005,5.78
100,00000278,20230219,20240711,0003,2.09
100,00000073,20220330,20241008,0002,2.36
100,00000631,20230110,20241128,0003,6.38
100,00000106,20220102,20241004,0002,2.54
100,00001890,20230209,20230908,0001,5.96
100,00000747,20230404,20230824,0002,2.62
100,00000201,20230605,20220314,0001,9.65
100,00000613,20221114,20240930,0001,10.34
100,00001523,20240112,20221212,0002,8.91
100,00000059,20220928,20220727,0004,11.74
100,00000258,20220914,20221125,0002,11.23
100,00001505,20240114,20231028,0001,2.41
100,00001934,20241010,20231209,0003,4.69
100,00001194,20240509,20230613,0003,8.28
100,00000346,20221022,20220215,0001,2.42
100,00001489,20230307,20230320,0003,1.38
100,00000126,20220110,20220110,0002,11.66
100,00001413,20220226,20220825,0001,7.37
100,00000834,20221103,20230618,0002,4.71
100,00000881,20221226,20240908,0001,2.91
100,00001471,20230925,20231020,0002,7.12
100,00001207,20230502,20221222,0005,8.7
100,00000850,20240702,20220929,0005,3.0
100,00001040,20230512,20220404,0001,5.87
100,00000129,20231231,20240419,0002,2.63
100,00001866,20240530,20220713,0005,6.81
100,00001735,20230807,20221009,0005,9.39
100,00000109,20241031,20231204,0001,3.75
100,00000722,20230214,20220107,0004,9.4
100,00000938,20220323,20241220,0002,7.07
100,00000281,20240709,20231020,0004,4.61
100,00000376,20231230,20220531,0005,8.96
100,00001365,20240130,20220706,0001,1.43
100,00000295,20240830,20221101,0005,10.88
100,00000907,20220611,20230818,0004,6.06
100,00000750,20241114,20240902,0004,10.1
100,00001645,20240729,20220119,0002,7.95
100,00000481,20240603,20221017,0001,11.44
100,00001711,20230502,20240319,0004,1.77
100,00000652,20240520,20240309,0003,7.32
100,00000743,20230523,20230205,0005,1.9
100,00001078,20231107,20230713,0003,7.09
100,00001021,20230427,20240820,0001,6.92
100,00001695,20220807,20240817,0003,6.21
100,00000981,20230701,20220919,0001,3.21
100,00000337,20240326,20240623,0004,11.54
100,00001979,20221225,20220818,0001,8.16
100,00001777,20220302,20241225,0003,9.29
100,00000719,20240120,20220517,0005,9.78
100,00000938,20240908,20240911,0001,2.77
100,00001027,20220909,20230919,0003,6.42
100,00001886,20220228,20241218,0005,1.03
100,00000059,20240917,20220528,0005,9.88
100,00001074,20220302,20220818,0003,7.41
100,00000298,20220702,20220818,0002,10.76
100,00001933,20240213,20220607,0004,8.33
100,00000232,20220627,20230228,0003,10.83
100,00001478,20220728,20231018,0005,6.4
100,00001550,20240625,20220218,0001,11.48
100,00001857,20230813,20220114,0004,2.03
100,00000102,20220524,20230301,0005,9.7
100,00000453,20240723,20241006,0005,8.75
100,00000053,20220122,20220419,0001,9.0
100,00000642,20231014,20220114,0004,8.8
100,00001175,20230510,20230705,0001,5.95
100,00001826,20240305,20220618,0001,5.98
100,00001767,20240325,20230407,0002,1.96
100,00000511,20230322,20220221,0004,3.27
100,00001673,20231120,20240112,0001,4.88
100,00001783,20240831,20231214,0005,8.27
100,00001936,20230204,20230129,0004,3.27
100,00001383,20230328,20220301,0001,8.56
100,00000621,20240402,20240929,0001,7.53
100,00001223,20220228,20240318,0002,1.91
100,00000477,20230128,20220701,0004,10.34
100,00001151,20240526,20230225,0001,7.11
100,00001312,20220110,20241108,0002,6.02
100,00001054,20220802,20230204,0003,11.85
100,00001335,20220327,20241109,0002,2.81
100,00000467,20230114,20221129,0001,1.58
100,00001895,20221130,20240412,0001,10.66
100,00001837,20230922,20220523,0001,11.24
100,00001446,20230613,20220715,0004,9.59
100,00001876,20240909,20240725,0003,5.33
100,00000300,20240512,20220712,0005,1.36
100,00000400,20240814,20220326,0004,1.31
100,00001958,20220826,20230422,0001,4.53
100,00000390,20220531,20220524,0005,8.92
100,00000782,20231118,20230726,0002,10.69
100,00000602,20230621,20240818,0002,8.81
100,00001138,20230422,20220121,0002,9.17
100,00001546,20220815,20220522,0005,6.66
100,00001675,20221118,20241012,0001,10.23
100,00001238,20221001,20230110,0005,5.63
100,00000622,20220909,20240106,0001,5.99
100,00000178,20230618,20231112,0004,9.92
100,00000699,20230306,20230607,0001,9.97
100,00000577,20220410,20230909,0003,6.9
100,00000051,20240929,20221207,0004,4.88
100,00001588,20240605,20230301,0004,4.98
100,00000202,20230205,20241021,0004,3.32
100,00000106,20240208,20220724,0004,1.74
100,00001024,20231017,20221130,0002,6.51
100,00001470,20220110,20230905,0005,10.63
100,00000434,20240918,20220101,0002,4.72
100,00001355,20241124,20220207,0003,6.07
100,00001776,20240902,20230126,0001,4.44
100,00000966,20220420,20230215,0005,1.93
100,00000372,20220819,20230322,0005,10.84
100,00000371,20230221,20221116,0002,7.59
100,00001512,20240510,20230806,0004,2.68
100,00001290,20230414,20230725,0002,8.39
100,00000341,20220804,20241009,0004,9.27
100,00000575,20241217,20221103,0001,4.01
100,00001518,20220224,20231119,0001,2.08
100,00001371,20230411,20220214,0003,9.72
100,00000703,20230712,20221210,0005,5.8
100,00001260,20240604,20221006,0005,6.58
100,00000328,20231010,20240624,0003,5.88
100,00001268,20221127,20230430,0004,2.33
100,00000727,20220827,20241201,0003,3.65
100,00001310,20220416,20230523,0005,11.18
100,00000373,20241209,20240805,0002,2.04
100,00001599,20240208,20230904,0004,8.58
100,00001367,20240429,20231126,0001,5.64
100,00000916,20241129,20220526,0005,11.81
100,00001578,20230302,20230904,0002,5.63
100,00001822,20240905,20220720,0002,4.11
100,00001896,20240617,20220827,0001,9.91
100,00001313,20220316,20241223,0004,9.8
100,00001946,20230504,20240225,0005,6.85
100,00000263,20240604,20220903,0002,9.94
100,00000347,20221001,20231201,0002,9.45
100,00001751,20221130,20220615,0002,6.77
100,00000416,20230329,20240510,0002,6.64
100,00000884,20231207,20230224,0002,6.25
100,00000940,20220720,20240314,0004,3.36
100,00000436,20230527,20240309,0002,2.36
100,00000523,20220328,20230306,0001,3.9
100,00000114,20230329,20230712,0005,9.0
100,00001843,20240704,20241029,0002,7.11
100,00000450,20220807,20230617,0003,2.46
100,00000406,20241022,20240522,0003,10.49
100,00001470,20220318,20231230,0004,1.34
100,00001175,20220531,20241010,0002,7.34
100,00000089,20241011,20230830,0004,9.18
100,00001281,20220619,20220114,0003,9.84
100,00001721,20220408,20230112,0002,6.47
100,00000752,20231202,20231005,0005,7.58
100,00001129,20221210,20220529,0002,8.38
100,00000304,20240410,20240122,0004,2.83
100,00001421,20231119,20240716,0003,7.97
100,00001055,20231126,20240705,0002,3.73
100,00001790,20240115,20220820,0001,8.37
100,00000837,20240229,20231003,0003,8.11
100,00000966,20241204,20220226,0002,4.31
100,00001959,20241029,20230809,0002,11.9
100,00001611,20240601,20241118,0001,10.22
100,00001448,20241121,20220611,0002,1.16
100,00000880,20220712,20230919,0002,9.35
100,00001740,20240820,20240605,0003,3.72
100,00001016,20241225,20240519,0005,11.61
100,00001116,20241205,20240706,0005,5.67
100,00001146,20240602,20241019,0002,4.52
100,00001654,20221208,20220311,0001,11.4
100,00001601,20240104,20221225,0002,2.49
100,00000941,20230114,20241008,0001,11.21
100,00000293,20220129,20221014,0003,7.63
100,00001982,20241210,20231005,0002,9.6
100,00000831,20221005,20230609,0002,5.82
100,00001523,20220223,20220216,0001,10.99
100,00001311,20220214,20220520,0001,7.9
100,00001570,20220408,20230530,0003,9.61
100,00000673,20230504,20240718,0002,4.92
100,00000408,20221207,20240506,0004,8.84
100,00000619,20230401,20241223,0004,3.4
100,00001184,20220212,20220322,0005,9.22
100,00000211,20230429,20240204,0002,8.64
100,00001063,20230207,20230220,0003,9.38
100,00000997,20241017,20240806,0001,2.14
100,00000905,20220722,20240113,0005,2.91
100,00001491,20220311,20220401,0003,1.32
100,00000624,20221013,20240222,0001,7.58
100,00000330,20240926,20240728,0001,9.72
100,00001686,20230712,20240909,0004,9.98
100,00001132,20230425,20220303,0005,10.98
100,00000668,20230817,20230604,0003,10.9
100,00001446,20230218,20230716,0001,5.13
100,00001168,20231011,20240829,0004,1.94
100,00000219,20240210,20221229,0005,7.07
100,00001437,20240130,20221011,0005,11.63
100,00001588,20220914,20240219,0003,6.52
100,00001672,20230821,20240902,0003,7.48
100,00000389,20220116,20230328,0005,1.04
100,00000281,20230314,20220929,0005,7.82
100,00000767,20220805,20230623,0005,11.25
100,00000415,20220214,20230825,0004,2.48
100,00001469,20231218,20240128,0001,11.89
100,00001006,20230901,20230315,0001,10.39
100,00001302,20221124,20240505,0001,4.2
100,00000304,20220519,20221017,0002,6.78
100,00000124,20240801,20241108,0003,5.69
100,00000060,20220226,20230422,0005,5.33
100,00000456,20240801,20220617,0005,4.88
100,00001955,20241108,20220131,0005,3.89
100,00000400,20230406,20221130,0002,4.39
100,00000349,20240309,20240309,0005,4.41
100,00000182,20220411,20230615,0005,1.08
100,00001499,20230423,20230116,0001,4.82
100,00001756,20240704,20230823,0002,8.78
100,00001288,20220106,20240321,0003,4.22
100,00001313,20241206,20231223,0005,6.74
100,00000560,20230906,20221205,0002,5.78
100,00001859,20241025,20220908,0004,5.39
100,00001038,20220331,20231217,0001,5.99
100,00000975,20221114,20220725,0004,11.84
100,00000934,20230103,20241117,0002,10.28
100,00000833,20220415,20240324,0005,11.86
100,00001421,20240525,20240813,0004,4.39
100,00000607,20241012,20230320,0003,6.7
100,00000108,20240411,20220523,0005,10.06
100,00001454,20240715,20230703,0003,6.61
100,00001475,20231225,20230804,0001,8.57
100,00001340,20230922,20230914,0002,3.41
100,00001435,20240614,20241119,0002,8.64
100,00000496,20221117,20220117,0001,8.26
100,00001514,20240229,20240628,0004,9.21
100,00001548,20231102,20230328,0002,6.05
100,00001575,20231213,20230807,0003,7.98
100,00000248,20230502,20220527,0002,9.83
100,00000452,20221030,20240501,0005,2.11
100,00001808,20230304,20230919,0005,1.58
100,00001837,20230527,20240616,0001,5.16
100,00000386,20220922,20230719,0003,4.37
100,00001883,20240227,20230619,0003,3.13
100,00000222,20221104,20240511,0005,9.7
100,00001976,20240528,20240219,0002,3.99
100,00001673,20240709,20220401,0001,4.11
100,00000967,20230929,20230725,0001,8.8
100,00000750,20231027,20240702,0004,7.61
100,00000240,20240602,20230513,0004,1.75
100,00000843,20230402,20240420,0002,3.15
100,00000391,20240728,20240501,0003,5.03
100,00000361,20220802,20231112,0001,9.97
100,00001980,20231014,20240703,0002,3.68
100,00000259,20221107,20231008,0003,2.94
100,00001500,20240205,20220413,0001,6.68
100,00001546,20220610,20230815,0001,5.71
100,00001013,20230821,20241101,0004,11.17
100,00001107,20230526,20220924,0001,4.17
100,00000654,20230619,20241030,0005,11.1
100,00001031,20220225,20221127,0002,11.1
100,00001325,20241211,20240301,0004,4.06
100,00000828,20241117,20220713,0005,10.49
100,00000213,20220921,20221118,0002,4.43
100,00000940,20230325,20241009,0003,4.99
100,00001083,20220210,20221012,0003,8.29
100,00000137,20220131,20220207,0003,4.97
100,00001098,20240115,20220921,0004,8.74
100,00001734,20240616,20240108,0005,10.28
100,00000580,20231222,20220830,0005,9.98
100,00000894,20220505,20221210,0005,11.5
100,00001659,20220218,20220708,0005,8.2
100,00000715,20230201,20230303,0005,2.97
100,00001710,20241214,20241116,0002,7.23
100,00000185,20221210,20241116,0005,3.68
100,00000688,20230219,20231219,0003,2.34
100,00000883,20220718,20220828,0002,6.91
100,00000464,20240202,20241206,0004,8.65
100,00001095,20240215,20220615,0003,8.33
100,00001694,20230429,20240914,0005,6.46
100,00001666,20240424,20230309,0005,10.39
100,00000754,20230610,20220925,0005,1.24
100,00000303,20220429,20241103,0002,2.04
100,00000810,20231225,20220418,0002,1.16
100,00001058,20240208,20241203,0002,8.81
100,00001844,20220929,20241126,0002,3.53
100,00001169,20230413,20241225,0001,1.53
100,00001308,20230401,20231219,0003,6.22
100,00001254,20220121,20220610,0001,5.71
100,00001329,20240706,20240223,0005,2.51
100,00000529,20220913,20221129,0004,4.4
100,00001615,20220302,20241111,0003,6.89
100,00000129,20231013,20221203,0001,3.61
100,00000036,20220423,20241028,0001,3.1
100,00001577,20230220,20240906,0001,5.02
100,00001395,20240308,20221208,0004,7.87
100,00000958,20230703,20241006,0002,2.52
100,00000520,20221101,20220424,0003,10.28
100,00001382,20240116,20231120,0003,9.42
100,00000196,20220724,20220423,0003,11.68
100,00001699,20220402,20240224,0003,6.09
100,00000119,20230826,20220105,0004,5.86
100,00000240,20221005,20230708,0002,10.78
100,00000446,20240427,20240415,0005,11.4
100,00001662,20221218,20240214,0002,9.65
100,00001769,20240324,20241201,0003,8.49
100,00000716,20220527,20220802,0004,3.05
100,00000677,20220919,20241102,0005,8.97
100,00000576,20231108,20231103,0005,10.74
100,00001397,20220523,20240313,0005,4.9
100,00000164,20230913,20240510,0002,8.46
100,00000751,20230826,20230302,0004,8.89
100,00001112,20220105,20240228,0003,4.32
100,00000575,20230228,20220429,0002,5.82
100,00000853,20240620,20240125,0004,5.38
100,00001379,20221207,20241212,0002,11.07
100,00001795,20220327,20230325,0004,7.83
100,00000863,20220203,20220604,0004,4.32
100,00001736,20230101,20231103,0003,2.45
100,00000752,20220305,20220824,0002,8.66
100,00000144,20230309,20230314,0005,11.93
100,00001851,20221220,20231127,0004,6.47
100,00001408,20241216,20231219,0004,6.08
100,00001872,20240906,20240923,0002,10.92
100,00001694,20231211,20240618,0001,3.78
100,00000182,20240116,20220113,0002,2.1
100,00001486,20220707,20241114,0005,11.57
100,00001466,20240329,20240805,0005,7.32
100,00001496,20220729,20241126,0003,11.56
100,00000273,20220817,20230331,0001,9.19
100,00000203,20240830,20230727,0003,1.99
100,00000975,20230101,20230413,0004,2.26
100,00000712,20230709,20240515,0005,8.76
100,00001320,20240527,20221110,0003,5.93
100,00000469,20220905,20240827,0005,1.21
100,00001864,20220108,20220219,0004,5.41
100,00001059,20231120,20220818,0001,2.76
100,00000283,20230109,20231114,0003,5.88
100,00000453,20230423,20231219,0005,9.77
100,00000706,20241015,20220420,0001,1.03
100,00001893,20231205,20231203,0005,4.47
100,00000051,20220816,20221217,0001,2.86
100,00001633,20220603,20230622,0002,1.86
100,00000118,20220530,20241220,0001,7.29
100,00001747,20220817,20230113,0001,8.46
100,00001461,20220609,20231104,0005,2.26
100,00001676,20241005,20230429,0001,1.14
100,00001814,20230625,20230110,0005,9.44
100,00001925,20241012,20241226,0003,9.21
100,00000398,20240424,20220629,0004,1.99
100,00001873,20230107,20220622,0002,7.97
100,00001721,20230714,20230514,0003,10.65
100,00001237,20240407,20240713,0004,9.28
100,00000860,20221118,20240104,0003,9.44
100,00001342,20220528,20230405,0001,5.62
100,00001140,20230207,20240502,0001,2.14
100,00001314,20220915,20221230,0004,5.48
100,00000920,20241107,20241214,0003,10.28
100,00000848,20220812,20220627,0003,7.91
100,00000427,20230218,20241115,0002,2.21
100,00000954,20230414,20230415,0004,5.17
100,00000488,20230423,20240421,0002,7.38
100,00000487,20240310,20230204,0004,1.45
100,00001664,20220331,20220718,0005,9.99
100,00001352,20230816,20230408,0003,2.02
100,00001734,20230529,20241108,0002,6.81
100,00001952,20240627,20230720,0005,9.4
100,00001776,20220104,20240312,0002,3.15
100,00000525,20240708,20230501,0001,8.19
100,00001118,20220919,20221124,0005,3.84
100,00001194,20230528,20231130,0001,5.25
100,00000112,20230726,20230217,0001,4.76
100,00001753,20220929,20230513,0002,6.18
100,00000765,20240924,20220712,0005,11.06
100,00000679,20240317,20220307,0005,2.67
100,00001966,20241115,20230327,0003,1.42
100,00001228,20240116,20240907,0002,3.7
100,00000448,20221205,20230110,0001,6.03
100,00000708,20240831,20240408,0002,11.67
100,00001845,20230713,20220420,0002,6.79
100,00000241,20241106,20220306,0005,4.1
100,00000615,20230912,20231201,0001,8.36
100,00001503,20240227,20240421,0004,4.92
100,00000686,20220526,20240831,0001,1.72
100,00000763,20230720,20220628,0001,6.59
100,00001558,20220323,20231111,0002,7.48
100,00001083,20230302,20230410,0002,3.77
100,00001082,20230806,20220817,0001,5.56
100,00000625,20220617,20240329,0005,6.72
100,00001783,20220717,20240202,0005,4.64
100,00000075,20230424,20220823,0003,7.88
100,00001607,20231021,20240928,0004,9.02
100,00001153,20231226,20240102,0001,6.13
100,00000706,20231027,20220125,0004,9.54
100,00000372,20220806,20220206,0001,4.49
100,00000440,20231210,20221101,0005,5.21
100,00001270,20240208,20220828,0002,4.31
100,00001098,20230402,20241225,0001,2.15
100,00000099,20220805,20240721,0002,1.54
100,00001354,20231027,20220126,0003,4.08
100,00001892,20230710,20220908,0002,7.22
100,00000944,20220911,20220218,0004,10.65
100,00001181,20220703,20220322,0003,2.97
100,00000734,20230829,20221014,0005,9.51
100,00000399,20220712,20240418,0001,7.98
100,00001102,20230304,20221116,0002,4.87
100,00001965,20220228,20230120,0001,3.54
100,00001810,20240517,20220316,0002,6.31
100,00000631,20220116,20221225,0001,4.07
100,00001121,20240817,20220516,0002,8.43
100,00000880,20240714,20220710,0005,5.48
100,00001407,20221226,20220228,0003,5.22
100,00000401,20221106,20231101,0004,11.02
100,00000243,20241121,20241026,0004,3.13
100,00000498,20230915,20240608,0001,9.74
100,00000459,20220912,20230105,0001,7.94
100,00000215,20240512,20240929,0005,6.81
100,00000793,20220621,20221228,0005,10.54
100,00000216,20240408,20240530,0005,4.65
100,00000201,20220419,20221002,0005,11.67
100,00001341,20241105,20230804,0005,6.0
100,00000420,20240525,20230308,0005,9.13
100,00001174,20220818,20240329,0005,7.95
100,00000156,20231021,20220714,0003,7.16
100,00001210,20220831,20220716,0001,11.94
100,00000277,20220525,20220914,0004,6.47
100,00001773,20230823,20221101,0005,5.76
100,00000007,20220818,20221227,0001,9.21
100,00001018,20241005,20220824,0001,10.61
100,00000492,20221202,20220907,0002,11.24
100,00001976,20220129,20220718,0004,11.21
100,00000862,20230616,20231009,0003,3.42
100,00000709,20240517,20230321,0003,9.65
100,00001928,20230928,20240711,0002,9.74
100,00000409,20231010,20220226,0001,6.61
100,00001465,20231118,20230517,0003,2.2
100,00001559,20221118,20240707,0003,8.47
100,00000019,20220308,20221026,0005,2.43
100,00000351,20220328,20231205,0004,9.22
100,00001698,20220805,20230129,0002,3.39
100,00001935,20240119,20220729,0005,4.55
100,00000565,20241026,20240217,0004,7.46
100,00001569,20241102,20220829,0002,3.06
100,00001308,20241130,20230825,0002,1.01
100,00000870,20230816,20230322,0004,4.91
100,00001782,20230707,20240805,0005,10.25
100,00001097,20220805,20220324,0005,2.46
100,00000788,20220125,20220615,0003,8.18
100,00000961,20221018,20221016,0002,6.02
100,00000620,20241008,20230917,0003,6.11
100,00001975,20240513,20240621,0004,3.76
100,00001202,20240626,20241210,0005,10.84
100,00000569,20231119,20230912,0004,9.06
100,00001115,20220830,20220817,0001,4.01
100,00000083,20220930,20220226,0002,10.55
100,00001414,20231115,20230218,0002,4.16
100,00001061,20240702,20220125,0002,7.2
100,00001111,20241026,20240211,0004,10.33
100,00001873,20230129,20230926,0003,2.93
100,00001695,20240627,20220716,0002,4.52
100,00001332,20220530,20241127,0002,9.34
100,00000077,20241018,20230824,0002,10.63
100,00000369,20221114,20230125,0004,8.77
100,00000831,20240326,20231006,0002,4.8
100,00001177,20221207,20220103,0002,4.75
100,00001456,20220106,20240123,0003,1.85
100,00001040,20241102,20240710,0005,11.6
100,00000743,20221013,20240206,0004,10.05
100,00001320,20220629,20221123,0003,9.23
100,00000759,20220909,20240426,0002,6.57
100,00001999,20240125,20241129,0003,11.23
100,00001723,20220530,20220131,0003,4.15
100,00001625,20240402,20240609,0001,1.52
100,00001394,20230220,20220729,0004,10.87
100,00001296,20220407,20220411,0004,10.74
100,00000508,20220303,20220216,0005,8.08
100,00000979,20230118,20220723,0004,10.42
100,00000724,20231128,20240220,0003,1.05
100,00001739,20220810,20241128,0004,6.54
100,00001448,20240722,20241230,0003,3.76
100,00001382,20241103,20240915,0002,11.32
100,00000119,20220402,20240318,0004,1.15
100,00001047,20220707,20240515,0005,8.36
100,00001976,20230407,20220508,0003,2.24
100,00001968,20230110,20220916,0005,1.23
100,00001038,20220612,20230906,0001,1.64
100,00001864,20220502,20230625,0002,10.78
100,00000566,20240521,20230201,0005,10.44
100,00000775,20220420,20231001,0005,10.3
100,00001594,20230710,20221227,0004,1.46
100,00001465,20231105,20230329,0004,6.96
100,00001233,20220805,20230408,0002,3.84
100,00001385,20241221,20241107,0004,3.98
100,00000112,20230306,20220330,0003,6.85
100,00000794,20230719,20230320,0004,5.21
100,00001311,20220311,20231015,0001,1.28
100,00001798,20220612,20240704,0002,5.68
100,00000234,20220709,20220823,0004,2.39
100,00001063,20240528,20220905,0002,3.26
100,00000022,20240221,20220128,0002,10.43
100,00000705,20240605,20240109,0001,5.57
100,00001967,20241101,20230207,0005,11.96
100,00000962,20240525,20220225,0005,8.25
100,00001341,20220210,20220824,0002,10.7
100,00001153,20221116,20240416,0004,6.55
100,00001241,20230310,20220305,0002,9.32
100,00000696,20240906,20240227,0001,5.44
100,00001653,20220530,20220731,0001,7.93
100,00001817,20220410,20220525,0005,5.22
100,00001891,20221110,20220720,0003,3.47
100,00000481,20230604,20231206,0001,7.62
100,00000929,20241120,20240616,0005,6.59
100,00000274,20230623,20220601,0001,8.05
100,00001066,20231220,20230810,0005,5.46
100,00000034,20240515,20241009,0005,9.2
100,00001377,20220917,20230422,0003,4.62
100,00000741,20220822,20230521,0001,9.35
100,00000878,20220724,20230810,0001,3.7
100,00000353,20240715,20240913,0005,6.13
100,00001405,20240421,20220410,0001,7.23
100,00001073,20240928,20221102,0004,1.08
100,00000026,20220607,20220402,0001,11.08
100,00001046,20230121,20220316,0002,8.07
100,00000589,20220123,20220425,0001,2.55
100,00001627,20230727,20240107,0001,9.39
100,00001655,20221120,20241113,0001,4.74
100,00000655,20240503,20221215,0001,6.59
100,00001541,20241011,20220924,0004,7.93
100,00001810,20240907,20230118,0003,11.06
100,00000569,20221023,20220708,0003,10.88
100,00000948,20220812,20230128,0003,4.15
100,00000261,20240208,20220415,0002,5.86
100,00000437,20220727,20220515,0004,3.26
100,00001738,20240620,20230325,0002,1.96
100,00000274,20241117,20221217,0003,5.73
100,00001501,20240504,20220305,0003,9.09
100,00000844,20241213,20240728,0002,4.39
100,00001658,20231223,20241026,0003,6.3
100,00001646,20230723,20240428,0004,1.32
100,00000454,20231129,20221122,0005,7.54
100,00000613,20220920,20230512,0002,4.75
100,00000738,20240613,20220120,0002,5.33
100,00001683,20230419,20230526,0004,2.06
100,00000691,20240403,20241020,0002,10.65
100,00001892,20231012,20230525,0005,11.89
100,00001852,20240124,20230816,0003,5.61
100,00000615,20230427,20220120,0002,8.86
100,00001626,20241010,20220728,0001,8.37
100,00001399,20241009,20220531,0005,6.67
100,00001947,20241228,20241011,0005,6.16
100,00001842,20230619,20230402,0002,1.74
100,00000961,20231222,20230117,0001,3.01
100,00001009,20230622,20231106,0001,1.68
100,00000781,20220301,20240509,0005,6.36
100,00000125,20220910,20220402,0002,10.83
100,00000237,20241111,20230916,0001,3.73
100,00000354,20230224,20220930,0005,4.88
100,00001691,20240913,20221011,0002,4.62
100,00001076,20240116,20241029,0002,1.65
100,00001774,20220902,20241030,0003,9.94
100,00001989,20230928,20220507,0005,3.94
100,00001291,20240417,20240513,0005,3.15
100,00001499,20220724,20220809,0005,8.64
100,00000978,20220224,20220713,0005,5.8
100,00000297,20230119,20240329,0002,11.22
100,00001932,20220628,20221022,0005,4.03
100,00000359,20241201,20230912,0002,3.17
100,00000749,20221213,20230105,0003,10.74
100,00000018,20220214,20220728,0002,10.05
100,00000099,20240423,20240402,0002,11.98
100,00001183,20230404,20240510,0002,6.89
100,00001687,20221230,20240104,0004,11.85
100,00000797,20220411,20240130,0002,5.94
100,00001722,20240504,20240903,0004,1.44
100,00000863,20230217,20230420,0003,9.52
100,00001551,20221128,20241230,0002,7.36
100,00000828,20230408,20220114,0002,3.14
100,00000534,20230828,20240729,0002,5.67
100,00001593,20221109,20240807,0002,1.72
100,00001274,20240430,20220206,0003,4.37
100,00000752,20231220,20220419,0004,10.17
100,00000208,20220511,20240411,0001,4.17
100,00001562,20240823,20240919,0002,5.25
100,00000623,20220712,20240327,0003,2.3
100,00001953,20230507,20220414,0002,4.75
100,00000638,20230625,20230330,0001,9.19
100,00001100,20240313,20240708,0004,10.85
100,00000011,20231129,20220604,0005,4.65
100,00000717,20240204,20241207,0003,5.07
100,00001934,20240922,20230309,0004,8.63
100,00001226,20220506,20240807,0001,7.92
100,00001907,20230412,20220925,0003,7.13
100,00001522,20241217,20230209,0003,1.56
100,00000579,20220809,20230708,0001,2.13
100,00001998,20231210,20220105,0001,5.05
100,00000848,20220116,20241030,0001,4.53
100,00001624,20240525,20221103,0004,2.64
100,00001470,20230515,20240710,0001,3.23
100,00001549,20231214,20220426,0001,11.76
100,00001898,20240527,20230912,0003,3.79
100,00001107,20240603,20220729,0001,11.51
100,00001153,20230709,20220523,0005,7.54
100,00000212,20240110,20221210,0003,7.95
100,00001701,20230922,20220701,0003,7.39
100,00000662,20221119,20220813,0003,6.32
100,00000071,20220525,20220802,0001,3.23
100,00000640,20230203,20230122,0004,4.75
100,00001722,20241019,20230606,0002,4.67
100,00001951,20240703,20241030,0005,2.74
100,00000076,20230404,20220611,0005,4.48
100,00000459,20231023,20220801,0001,10.37
100,00000303,20220616,20230606,0003,6.27
100,00001576,20240629,20220929,0004,4.44
100,00000552,20220326,20230731,0005,1.05
100,00000321,20220402,20230208,0002,5.96
100,00000665,20240210,20220410,0002,1.84
100,00000782,20230227,20241219,0002,11.01
100,00000506,20220606,20220313,0005,9.21
100,00001848,20230902,20221020,0001,11.09
100,00001589,20240315,20240925,0003,1.17
100,00000844,20230418,20240903,0003,8.32
100,00000412,20221122,20240730,0001,3.85
100,00000916,20220528,20220816,0002,5.44
100,00000900,20220510,20231113,0002,10.36
100,00000658,20220309,20230924,0001,6.69
100,00000564,20230422,20230319,0002,10.87
100,00000958,20221116,20240909,0001,7.23
100,00001182,20220911,20230305,0001,9.11
100,00000893,20220408,20230821,0005,6.52
100,00000748,20231207,20240715,0005,9.97
100,00000270,20231213,20240821,0005,3.46
100,00000322,20230822,20230706,0004,7.47
100,00001194,20240111,20230930,0001,10.4
100,00001105,20240319,20230624,0002,6.24
100,00000534,20220117,20240126,0004,4.92
100,00001762,20241220,20240226,0004,8.6
100,00001857,20220530,20220609,0002,7.71
100,00000717,20240517,20240714,0004,8.33
100,00001873,20230118,20221111,0001,2.0
100,00000081,20240216,20230824,0005,9.06
100,00000060,20220119,20240916,0002,10.22
100,00001508,20220413,20240722,0002,5.06
100,00000788,20231013,20231016,0005,8.02
100,00001420,20231111,20221130,0004,8.6
100,00001788,20231230,20231231,0001,11.73
100,00000071,20221007,20230905,0004,5.74
100,00001786,20240612,20230102,0004,8.98
100,00000434,20240614,20220326,0001,3.5
100,00000146,20231006,20240330,0003,1.55
100,00000048,20230407,20231006,0005,4.27
100,00001230,20221110,20240301,0001,9.9
100,00001277,20240404,20241119,0003,7.91
100,00000637,20220906,20231113,0004,2.38
100,00001615,20220627,20240929,0004,3.03
100,00001236,20221105,20241108,0001,2.05
100,00001182,20241127,20230814,0005,2.05
100,00001888,20240525,20231119,0002,2.73
100,00001827,20230925,20231002,0004,10.27
100,00000543,20220116,20220511,0002,6.52
100,00001518,20230822,20230321,0004,5.53
100,00001438,20221218,20230329,0001,6.76
100,00001113,20220419,20240106,0002,3.11
100,00000873,20230918,20240917,0001,10.02
100,00000995,20220126,20240705,0001,3.67
100,00000172,20230203,20230918,0001,2.03
100,00001885,20230529,20240403,0005,3.7
100,00001653,20221127,20231116,0002,7.27
100,00000092,20240317,20230602,0004,5.75
100,00001463,20230912,20230618,0005,7.64
100,00000250,20230410,20231006,0005,3.52
100,00001765,20231206,20240502,0004,8.44
100,00001471,20220416,20240911,0003,3.74
100,00001455,20230319,20230204,0003,7.84
100,00000502,20221129,20220516,0003,5.16
100,00000193,20230129,20230703,0002,1.61
100,00000235,20240629,20241201,0004,5.62
100,00001534,20240404,20241029,0001,4.24
100,00000987,20221224,20241220,0004,3.82
100,00000065,20220613,20230128,0001,5.93
100,00001812,20220408,20220612,0002,11.41
100,00000960,20221208,20220817,0003,1.44
100,00001019,20240214,20220411,0003,9.17
100,00001910,20231217,20241001,0002,2.99
100,00001779,20221130,20240818,0003,1.15
