MANDT,TKNUM,TPNUM,VBELN,POSNR
100,0000000001,0001,0080000000,000001
100,0000000001,0002,0080000001,000002
100,0000000002,0001,0080000002,000001
100,0000000002,0002,0080000003,000002
100,0000000003,0001,0080000004,000001
100,0000000003,0002,0080000005,000002
100,0000000004,0001,0080000006,000001
100,0000000004,0002,0080000007,000002
100,0000000005,0001,0080000008,000001
100,0000000005,0002,0080000009,000002
100,0000000006,0001,0080000010,000001
100,0000000006,0002,0080000011,000002
100,0000000007,0001,0080000012,000001
100,0000000007,0002,0080000013,000002
100,0000000008,0001,0080000014,000001
100,0000000008,0002,0080000015,000002
100,0000000009,0001,0080000016,000001
100,0000000009,0002,0080000017,000002
100,0000000010,0001,0080000018,000001
100,0000000010,0002,0080000019,000002
100,0000000011,0001,0080000020,000001
100,0000000011,0002,0080000021,000002
100,0000000012,0001,0080000022,000001
100,0000000012,0002,0080000023,000002
100,0000000013,0001,0080000024,000001
100,0000000013,0002,0080000025,000002
100,0000000014,0001,0080000026,000001
100,0000000014,0002,0080000027,000002
100,0000000015,0001,0080000028,000001
100,0000000015,0002,0080000029,000002
100,0000000016,0001,0080000030,000001
100,0000000016,0002,0080000031,000002
100,0000000017,0001,0080000032,000001
100,0000000017,0002,0080000033,000002
100,0000000018,0001,0080000034,000001
100,0000000018,0002,0080000035,000002
100,0000000019,0001,0080000036,000001
100,0000000019,0002,0080000037,000002
100,0000000020,0001,0080000038,000001
100,0000000020,0002,0080000039,000002
100,0000000021,0001,0080000040,000001
100,0000000021,0002,0080000041,000002
100,0000000022,0001,0080000042,000001
100,0000000022,0002,0080000043,000002
100,0000000023,0001,0080000044,000001
100,0000000023,0002,0080000045,000002
100,0000000024,0001,0080000046,000001
100,0000000024,0002,0080000047,000002
100,0000000025,0001,0080000048,000001
100,0000000025,0002,0080000049,000002
100,0000000026,0001,0080000050,000001
100,0000000026,0002,0080000051,000002
100,0000000027,0001,0080000052,000001
100,0000000027,0002,0080000053,000002
100,0000000028,0001,0080000054,000001
100,0000000028,0002,0080000055,000002
100,0000000029,0001,0080000056,000001
100,0000000029,0002,0080000057,000002
100,0000000030,0001,0080000058,000001
100,0000000030,0002,0080000059,000002
100,0000000031,0001,0080000060,000001
100,0000000031,0002,0080000061,000002
100,0000000032,0001,0080000062,000001
100,0000000032,0002,0080000063,000002
100,0000000033,0001,0080000064,000001
100,0000000033,0002,0080000065,000002
100,0000000034,0001,0080000066,000001
100,0000000034,0002,0080000067,000002
100,0000000035,0001,0080000068,000001
100,0000000035,0002,0080000069,000002
100,0000000036,0001,0080000070,000001
100,0000000036,0002,0080000071,000002
100,0000000037,0001,0080000072,000001
100,0000000037,0002,0080000073,000002
100,0000000038,0001,0080000074,000001
100,0000000038,0002,0080000075,000002
100,0000000039,0001,0080000076,000001
100,0000000039,0002,0080000077,000002
100,0000000040,0001,0080000078,000001
100,0000000040,0002,0080000079,000002
100,0000000041,0001,0080000080,000001
100,0000000041,0002,0080000081,000002
100,0000000042,0001,0080000082,000001
100,0000000042,0002,0080000083,000002
100,0000000043,0001,0080000084,000001
100,0000000043,0002,0080000085,000002
100,0000000044,0001,0080000086,000001
100,0000000044,0002,0080000087,000002
100,0000000045,0001,0080000088,000001
100,0000000045,0002,0080000089,000002
100,0000000046,0001,0080000090,000001
100,0000000046,0002,0080000091,000002
100,0000000047,0001,0080000092,000001
100,0000000047,0002,0080000093,000002
100,0000000048,0001,0080000094,000001
100,0000000048,0002,0080000095,000002
100,0000000049,0001,0080000096,000001
100,0000000049,0002,0080000097,000002
100,0000000050,0001,0080000098,000001
100,0000000050,0002,0080000099,000002
100,0000000051,0001,0080000100,000001
100,0000000051,0002,0080000101,000002
100,0000000052,0001,0080000102,000001
100,0000000052,0002,0080000103,000002
100,0000000053,0001,0080000104,000001
100,0000000053,0002,0080000105,000002
100,0000000054,0001,0080000106,000001
100,0000000054,0002,0080000107,000002
100,0000000055,0001,0080000108,000001
100,0000000055,0002,0080000109,000002
100,0000000056,0001,0080000110,000001
100,0000000056,0002,0080000111,000002
100,0000000057,0001,0080000112,000001
100,0000000057,0002,0080000113,000002
100,0000000058,0001,0080000114,000001
100,0000000058,0002,0080000115,000002
100,0000000059,0001,0080000116,000001
100,0000000059,0002,0080000117,000002
100,0000000060,0001,0080000118,000001
100,0000000060,0002,0080000119,000002
100,0000000061,0001,0080000120,000001
100,0000000061,0002,0080000121,000002
100,0000000062,0001,0080000122,000001
100,0000000062,0002,0080000123,000002
100,0000000063,0001,0080000124,000001
100,0000000063,0002,0080000125,000002
100,0000000064,0001,0080000126,000001
100,0000000064,0002,0080000127,000002
100,0000000065,0001,0080000128,000001
100,0000000065,0002,0080000129,000002
100,0000000066,0001,0080000130,000001
100,0000000066,0002,0080000131,000002
100,0000000067,0001,0080000132,000001
100,0000000067,0002,0080000133,000002
100,0000000068,0001,0080000134,000001
100,0000000068,0002,0080000135,000002
100,0000000069,0001,0080000136,000001
100,0000000069,0002,0080000137,000002
100,0000000070,0001,0080000138,000001
100,0000000070,0002,0080000139,000002
100,0000000071,0001,0080000140,000001
100,0000000071,0002,0080000141,000002
100,0000000072,0001,0080000142,000001
100,0000000072,0002,0080000143,000002
100,0000000073,0001,0080000144,000001
100,0000000073,0002,0080000145,000002
100,0000000074,0001,0080000146,000001
100,0000000074,0002,0080000147,000002
100,0000000075,0001,0080000148,000001
100,0000000075,0002,0080000149,000002
100,0000000076,0001,0080000150,000001
100,0000000076,0002,0080000151,000002
100,0000000077,0001,0080000152,000001
100,0000000077,0002,0080000153,000002
100,0000000078,0001,0080000154,000001
100,0000000078,0002,0080000155,000002
100,0000000079,0001,0080000156,000001
100,0000000079,0002,0080000157,000002
100,0000000080,0001,0080000158,000001
100,0000000080,0002,0080000159,000002
100,0000000081,0001,0080000160,000001
100,0000000081,0002,0080000161,000002
100,0000000082,0001,0080000162,000001
100,0000000082,0002,0080000163,000002
100,0000000083,0001,0080000164,000001
100,0000000083,0002,0080000165,000002
100,0000000084,0001,0080000166,000001
100,0000000084,0002,0080000167,000002
100,0000000085,0001,0080000168,000001
100,0000000085,0002,0080000169,000002
100,0000000086,0001,0080000170,000001
100,0000000086,0002,0080000171,000002
100,0000000087,0001,0080000172,000001
100,0000000087,0002,0080000173,000002
100,0000000088,0001,0080000174,000001
100,0000000088,0002,0080000175,000002
100,0000000089,0001,0080000176,000001
100,0000000089,0002,0080000177,000002
100,0000000090,0001,0080000178,000001
100,0000000090,0002,0080000179,000002
100,0000000091,0001,0080000180,000001
100,0000000091,0002,0080000181,000002
100,0000000092,0001,0080000182,000001
100,0000000092,0002,0080000183,000002
100,0000000093,0001,0080000184,000001
100,0000000093,0002,0080000185,000002
100,0000000094,0001,0080000186,000001
100,0000000094,0002,0080000187,000002
100,0000000095,0001,0080000188,000001
100,0000000095,0002,0080000189,000002
100,0000000096,0001,0080000190,000001
100,0000000096,0002,0080000191,000002
100,0000000097,0001,0080000192,000001
100,0000000097,0002,0080000193,000002
100,0000000098,0001,0080000194,000001
100,0000000098,0002,0080000195,000002
100,0000000099,0001,0080000196,000001
100,0000000099,0002,0080000197,000002
100,0000000100,0001,0080000198,000001
100,0000000100,0002,0080000199,000002
100,0000000101,0001,0080000200,000001
100,0000000101,0002,0080000201,000002
100,0000000102,0001,0080000202,000001
100,0000000102,0002,0080000203,000002
100,0000000103,0001,0080000204,000001
100,0000000103,0002,0080000205,000002
100,0000000104,0001,0080000206,000001
100,0000000104,0002,0080000207,000002
100,0000000105,0001,0080000208,000001
100,0000000105,0002,0080000209,000002
100,0000000106,0001,0080000210,000001
100,0000000106,0002,0080000211,000002
100,0000000107,0001,0080000212,000001
100,0000000107,0002,0080000213,000002
100,0000000108,0001,0080000214,000001
100,0000000108,0002,0080000215,000002
100,0000000109,0001,0080000216,000001
100,0000000109,0002,0080000217,000002
100,0000000110,0001,0080000218,000001
100,0000000110,0002,0080000219,000002
100,0000000111,0001,0080000220,000001
100,0000000111,0002,0080000221,000002
100,0000000112,0001,0080000222,000001
100,0000000112,0002,0080000223,000002
100,0000000113,0001,0080000224,000001
100,0000000113,0002,0080000225,000002
100,0000000114,0001,0080000226,000001
100,0000000114,0002,0080000227,000002
100,0000000115,0001,0080000228,000001
100,0000000115,0002,0080000229,000002
100,0000000116,0001,0080000230,000001
100,0000000116,0002,0080000231,000002
100,0000000117,0001,0080000232,000001
100,0000000117,0002,0080000233,000002
100,0000000118,0001,0080000234,000001
100,0000000118,0002,0080000235,000002
100,0000000119,0001,0080000236,000001
100,0000000119,0002,0080000237,000002
100,0000000120,0001,0080000238,000001
100,0000000120,0002,0080000239,000002
100,0000000121,0001,0080000240,000001
100,0000000121,0002,0080000241,000002
100,0000000122,0001,0080000242,000001
100,0000000122,0002,0080000243,000002
100,0000000123,0001,0080000244,000001
100,0000000123,0002,0080000245,000002
100,0000000124,0001,0080000246,000001
100,0000000124,0002,0080000247,000002
100,0000000125,0001,0080000248,000001
100,0000000125,0002,0080000249,000002
100,0000000126,0001,0080000250,000001
100,0000000126,0002,0080000251,000002
100,0000000127,0001,0080000252,000001
100,0000000127,0002,0080000253,000002
100,0000000128,0001,0080000254,000001
100,0000000128,0002,0080000255,000002
100,0000000129,0001,0080000256,000001
100,0000000129,0002,0080000257,000002
100,0000000130,0001,0080000258,000001
100,0000000130,0002,0080000259,000002
100,0000000131,0001,0080000260,000001
100,0000000131,0002,0080000261,000002
100,0000000132,0001,0080000262,000001
100,0000000132,0002,0080000263,000002
100,0000000133,0001,0080000264,000001
100,0000000133,0002,0080000265,000002
100,0000000134,0001,0080000266,000001
100,0000000134,0002,0080000267,000002
100,0000000135,0001,0080000268,000001
100,0000000135,0002,0080000269,000002
100,0000000136,0001,0080000270,000001
100,0000000136,0002,0080000271,000002
100,0000000137,0001,0080000272,000001
100,0000000137,0002,0080000273,000002
100,0000000138,0001,0080000274,000001
100,0000000138,0002,0080000275,000002
100,0000000139,0001,0080000276,000001
100,0000000139,0002,0080000277,000002
100,0000000140,0001,0080000278,000001
100,0000000140,0002,0080000279,000002
100,0000000141,0001,0080000280,000001
100,0000000141,0002,0080000281,000002
100,0000000142,0001,0080000282,000001
100,0000000142,0002,0080000283,000002
100,0000000143,0001,0080000284,000001
100,0000000143,0002,0080000285,000002
100,0000000144,0001,0080000286,000001
100,0000000144,0002,0080000287,000002
100,0000000145,0001,0080000288,000001
100,0000000145,0002,0080000289,000002
100,0000000146,0001,0080000290,000001
100,0000000146,0002,0080000291,000002
100,0000000147,0001,0080000292,000001
100,0000000147,0002,0080000293,000002
100,0000000148,0001,0080000294,000001
100,0000000148,0002,0080000295,000002
100,0000000149,0001,0080000296,000001
100,0000000149,0002,0080000297,000002
100,0000000150,0001,0080000298,000001
100,0000000150,0002,0080000299,000002
100,0000000151,0001,0080000300,000001
100,0000000151,0002,0080000301,000002
100,0000000152,0001,0080000302,000001
100,0000000152,0002,0080000303,000002
100,0000000153,0001,0080000304,000001
100,0000000153,0002,0080000305,000002
100,0000000154,0001,0080000306,000001
100,0000000154,0002,0080000307,000002
100,0000000155,0001,0080000308,000001
100,0000000155,0002,0080000309,000002
100,0000000156,0001,0080000310,000001
100,0000000156,0002,0080000311,000002
100,0000000157,0001,0080000312,000001
100,0000000157,0002,0080000313,000002
100,0000000158,0001,0080000314,000001
100,0000000158,0002,0080000315,000002
100,0000000159,0001,0080000316,000001
100,0000000159,0002,0080000317,000002
100,0000000160,0001,0080000318,000001
100,0000000160,0002,0080000319,000002
100,0000000161,0001,0080000320,000001
100,0000000161,0002,0080000321,000002
100,0000000162,0001,0080000322,000001
100,0000000162,0002,0080000323,000002
100,0000000163,0001,0080000324,000001
100,0000000163,0002,0080000325,000002
100,0000000164,0001,0080000326,000001
100,0000000164,0002,0080000327,000002
100,0000000165,0001,0080000328,000001
100,0000000165,0002,0080000329,000002
100,0000000166,0001,0080000330,000001
100,0000000166,0002,0080000331,000002
100,0000000167,0001,0080000332,000001
100,0000000167,0002,0080000333,000002
100,0000000168,0001,0080000334,000001
100,0000000168,0002,0080000335,000002
100,0000000169,0001,0080000336,000001
100,0000000169,0002,0080000337,000002
100,0000000170,0001,0080000338,000001
100,0000000170,0002,0080000339,000002
100,0000000171,0001,0080000340,000001
100,0000000171,0002,0080000341,000002
100,0000000172,0001,0080000342,000001
100,0000000172,0002,0080000343,000002
100,0000000173,0001,0080000344,000001
100,0000000173,0002,0080000345,000002
100,0000000174,0001,0080000346,000001
100,0000000174,0002,0080000347,000002
100,0000000175,0001,0080000348,000001
100,0000000175,0002,0080000349,000002
100,0000000176,0001,0080000350,000001
100,0000000176,0002,0080000351,000002
100,0000000177,0001,0080000352,000001
100,0000000177,0002,0080000353,000002
100,0000000178,0001,0080000354,000001
100,0000000178,0002,0080000355,000002
100,0000000179,0001,0080000356,000001
100,0000000179,0002,0080000357,000002
100,0000000180,0001,0080000358,000001
100,0000000180,0002,0080000359,000002
100,0000000181,0001,0080000360,000001
100,0000000181,0002,0080000361,000002
100,0000000182,0001,0080000362,000001
100,0000000182,0002,0080000363,000002
100,0000000183,0001,0080000364,000001
100,0000000183,0002,0080000365,000002
100,0000000184,0001,0080000366,000001
100,0000000184,0002,0080000367,000002
100,0000000185,0001,0080000368,000001
100,0000000185,0002,0080000369,000002
100,0000000186,0001,0080000370,000001
100,0000000186,0002,0080000371,000002
100,0000000187,0001,0080000372,000001
100,0000000187,0002,0080000373,000002
100,0000000188,0001,0080000374,000001
100,0000000188,0002,0080000375,000002
100,0000000189,0001,0080000376,000001
100,0000000189,0002,0080000377,000002
100,0000000190,0001,0080000378,000001
100,0000000190,0002,0080000379,000002
100,0000000191,0001,0080000380,000001
100,0000000191,0002,0080000381,000002
100,0000000192,0001,0080000382,000001
100,0000000192,0002,0080000383,000002
100,0000000193,0001,0080000384,000001
100,0000000193,0002,0080000385,000002
100,0000000194,0001,0080000386,000001
100,0000000194,0002,0080000387,000002
100,0000000195,0001,0080000388,000001
100,0000000195,0002,0080000389,000002
100,0000000196,0001,0080000390,000001
100,0000000196,0002,0080000391,000002
100,0000000197,0001,0080000392,000001
100,0000000197,0002,0080000393,000002
100,0000000198,0001,0080000394,000001
100,0000000198,0002,0080000395,000002
100,0000000199,0001,0080000396,000001
100,0000000199,0002,0080000397,000002
100,0000000200,0001,0080000398,000001
100,0000000200,0002,0080000399,000002
100,0000000201,0001,0080000400,000001
100,0000000201,0002,0080000401,000002
100,0000000202,0001,0080000402,000001
100,0000000202,0002,0080000403,000002
100,0000000203,0001,0080000404,000001
100,0000000203,0002,0080000405,000002
100,0000000204,0001,0080000406,000001
100,0000000204,0002,0080000407,000002
100,0000000205,0001,0080000408,000001
100,0000000205,0002,0080000409,000002
100,0000000206,0001,0080000410,000001
100,0000000206,0002,0080000411,000002
100,0000000207,0001,0080000412,000001
100,0000000207,0002,0080000413,000002
100,0000000208,0001,0080000414,000001
100,0000000208,0002,0080000415,000002
100,0000000209,0001,0080000416,000001
100,0000000209,0002,0080000417,000002
100,0000000210,0001,0080000418,000001
100,0000000210,0002,0080000419,000002
100,0000000211,0001,0080000420,000001
100,0000000211,0002,0080000421,000002
100,0000000212,0001,0080000422,000001
100,0000000212,0002,0080000423,000002
100,0000000213,0001,0080000424,000001
100,0000000213,0002,0080000425,000002
100,0000000214,0001,0080000426,000001
100,0000000214,0002,0080000427,000002
100,0000000215,0001,0080000428,000001
100,0000000215,0002,0080000429,000002
100,0000000216,0001,0080000430,000001
100,0000000216,0002,0080000431,000002
100,0000000217,0001,0080000432,000001
100,0000000217,0002,0080000433,000002
100,0000000218,0001,0080000434,000001
100,0000000218,0002,0080000435,000002
100,0000000219,0001,0080000436,000001
100,0000000219,0002,0080000437,000002
100,0000000220,0001,0080000438,000001
100,0000000220,0002,0080000439,000002
100,0000000221,0001,0080000440,000001
100,0000000221,0002,0080000441,000002
100,0000000222,0001,0080000442,000001
100,0000000222,0002,0080000443,000002
100,0000000223,0001,0080000444,000001
100,0000000223,0002,0080000445,000002
100,0000000224,0001,0080000446,000001
100,0000000224,0002,0080000447,000002
100,0000000225,0001,0080000448,000001
100,0000000225,0002,0080000449,000002
100,0000000226,0001,0080000450,000001
100,0000000226,0002,0080000451,000002
100,0000000227,0001,0080000452,000001
100,0000000227,0002,0080000453,000002
100,0000000228,0001,0080000454,000001
100,0000000228,0002,0080000455,000002
100,0000000229,0001,0080000456,000001
100,0000000229,0002,0080000457,000002
100,0000000230,0001,0080000458,000001
100,0000000230,0002,0080000459,000002
100,0000000231,0001,0080000460,000001
100,0000000231,0002,0080000461,000002
100,0000000232,0001,0080000462,000001
100,0000000232,0002,0080000463,000002
100,0000000233,0001,0080000464,000001
100,0000000233,0002,0080000465,000002
100,0000000234,0001,0080000466,000001
100,0000000234,0002,0080000467,000002
100,0000000235,0001,0080000468,000001
100,0000000235,0002,0080000469,000002
100,0000000236,0001,0080000470,000001
100,0000000236,0002,0080000471,000002
100,0000000237,0001,0080000472,000001
100,0000000237,0002,0080000473,000002
100,0000000238,0001,0080000474,000001
100,0000000238,0002,0080000475,000002
100,0000000239,0001,0080000476,000001
100,0000000239,0002,0080000477,000002
100,0000000240,0001,0080000478,000001
100,0000000240,0002,0080000479,000002
100,0000000241,0001,0080000480,000001
100,0000000241,0002,0080000481,000002
100,0000000242,0001,0080000482,000001
100,0000000242,0002,0080000483,000002
100,0000000243,0001,0080000484,000001
100,0000000243,0002,0080000485,000002
100,0000000244,0001,0080000486,000001
100,0000000244,0002,0080000487,000002
100,0000000245,0001,0080000488,000001
100,0000000245,0002,0080000489,000002
100,0000000246,0001,0080000490,000001
100,0000000246,0002,0080000491,000002
100,0000000247,0001,0080000492,000001
100,0000000247,0002,0080000493,000002
100,0000000248,0001,0080000494,000001
100,0000000248,0002,0080000495,000002
100,0000000249,0001,0080000496,000001
100,0000000249,0002,0080000497,000002
100,0000000250,0001,0080000498,000001
100,0000000250,0002,0080000499,000002
100,0000000251,0001,0080000500,000001
100,0000000251,0002,0080000501,000002
100,0000000252,0001,0080000502,000001
100,0000000252,0002,0080000503,000002
100,0000000253,0001,0080000504,000001
100,0000000253,0002,0080000505,000002
100,0000000254,0001,0080000506,000001
100,0000000254,0002,0080000507,000002
100,0000000255,0001,0080000508,000001
100,0000000255,0002,0080000509,000002
100,0000000256,0001,0080000510,000001
100,0000000256,0002,0080000511,000002
100,0000000257,0001,0080000512,000001
100,0000000257,0002,0080000513,000002
100,0000000258,0001,0080000514,000001
100,0000000258,0002,0080000515,000002
100,0000000259,0001,0080000516,000001
100,0000000259,0002,0080000517,000002
100,0000000260,0001,0080000518,000001
100,0000000260,0002,0080000519,000002
100,0000000261,0001,0080000520,000001
100,0000000261,0002,0080000521,000002
100,0000000262,0001,0080000522,000001
100,0000000262,0002,0080000523,000002
100,0000000263,0001,0080000524,000001
100,0000000263,0002,0080000525,000002
100,0000000264,0001,0080000526,000001
100,0000000264,0002,0080000527,000002
100,0000000265,0001,0080000528,000001
100,0000000265,0002,0080000529,000002
100,0000000266,0001,0080000530,000001
100,0000000266,0002,0080000531,000002
100,0000000267,0001,0080000532,000001
100,0000000267,0002,0080000533,000002
100,0000000268,0001,0080000534,000001
100,0000000268,0002,0080000535,000002
100,0000000269,0001,0080000536,000001
100,0000000269,0002,0080000537,000002
100,0000000270,0001,0080000538,000001
100,0000000270,0002,0080000539,000002
100,0000000271,0001,0080000540,000001
100,0000000271,0002,0080000541,000002
100,0000000272,0001,0080000542,000001
100,0000000272,0002,0080000543,000002
100,0000000273,0001,0080000544,000001
100,0000000273,0002,0080000545,000002
100,0000000274,0001,0080000546,000001
100,0000000274,0002,0080000547,000002
100,0000000275,0001,0080000548,000001
100,0000000275,0002,0080000549,000002
100,0000000276,0001,0080000550,000001
100,0000000276,0002,0080000551,000002
100,0000000277,0001,0080000552,000001
100,0000000277,0002,0080000553,000002
100,0000000278,0001,0080000554,000001
100,0000000278,0002,0080000555,000002
100,0000000279,0001,0080000556,000001
100,0000000279,0002,0080000557,000002
100,0000000280,0001,0080000558,000001
100,0000000280,0002,0080000559,000002
100,0000000281,0001,0080000560,000001
100,0000000281,0002,0080000561,000002
100,0000000282,0001,0080000562,000001
100,0000000282,0002,0080000563,000002
100,0000000283,0001,0080000564,000001
100,0000000283,0002,0080000565,000002
100,0000000284,0001,0080000566,000001
100,0000000284,0002,0080000567,000002
100,0000000285,0001,0080000568,000001
100,0000000285,0002,0080000569,000002
100,0000000286,0001,0080000570,000001
100,0000000286,0002,0080000571,000002
100,0000000287,0001,0080000572,000001
100,0000000287,0002,0080000573,000002
100,0000000288,0001,0080000574,000001
100,0000000288,0002,0080000575,000002
100,0000000289,0001,0080000576,000001
100,0000000289,0002,0080000577,000002
100,0000000290,0001,0080000578,000001
100,0000000290,0002,0080000579,000002
100,0000000291,0001,0080000580,000001
100,0000000291,0002,0080000581,000002
100,0000000292,0001,0080000582,000001
100,0000000292,0002,0080000583,000002
100,0000000293,0001,0080000584,000001
100,0000000293,0002,0080000585,000002
100,0000000294,0001,0080000586,000001
100,0000000294,0002,0080000587,000002
100,0000000295,0001,0080000588,000001
100,0000000295,0002,0080000589,000002
100,0000000296,0001,0080000590,000001
100,0000000296,0002,0080000591,000002
100,0000000297,0001,0080000592,000001
100,0000000297,0002,0080000593,000002
100,0000000298,0001,0080000594,000001
100,0000000298,0002,0080000595,000002
100,0000000299,0001,0080000596,000001
100,0000000299,0002,0080000597,000002
100,0000000300,0001,0080000598,000001
100,0000000300,0002,0080000599,000002
100,0000000301,0001,0080000600,000001
100,0000000301,0002,0080000601,000002
100,0000000302,0001,0080000602,000001
100,0000000302,0002,0080000603,000002
100,0000000303,0001,0080000604,000001
100,0000000303,0002,0080000605,000002
100,0000000304,0001,0080000606,000001
100,0000000304,0002,0080000607,000002
100,0000000305,0001,0080000608,000001
100,0000000305,0002,0080000609,000002
100,0000000306,0001,0080000610,000001
100,0000000306,0002,0080000611,000002
100,0000000307,0001,0080000612,000001
100,0000000307,0002,0080000613,000002
100,0000000308,0001,0080000614,000001
100,0000000308,0002,0080000615,000002
100,0000000309,0001,0080000616,000001
100,0000000309,0002,0080000617,000002
100,0000000310,0001,0080000618,000001
100,0000000310,0002,0080000619,000002
100,0000000311,0001,0080000620,000001
100,0000000311,0002,0080000621,000002
100,0000000312,0001,0080000622,000001
100,0000000312,0002,0080000623,000002
100,0000000313,0001,0080000624,000001
100,0000000313,0002,0080000625,000002
100,0000000314,0001,0080000626,000001
100,0000000314,0002,0080000627,000002
100,0000000315,0001,0080000628,000001
100,0000000315,0002,0080000629,000002
100,0000000316,0001,0080000630,000001
100,0000000316,0002,0080000631,000002
100,0000000317,0001,0080000632,000001
100,0000000317,0002,0080000633,000002
100,0000000318,0001,0080000634,000001
100,0000000318,0002,0080000635,000002
100,0000000319,0001,0080000636,000001
100,0000000319,0002,0080000637,000002
100,0000000320,0001,0080000638,000001
100,0000000320,0002,0080000639,000002
100,0000000321,0001,0080000640,000001
100,0000000321,0002,0080000641,000002
100,0000000322,0001,0080000642,000001
100,0000000322,0002,0080000643,000002
100,0000000323,0001,0080000644,000001
100,0000000323,0002,0080000645,000002
100,0000000324,0001,0080000646,000001
100,0000000324,0002,0080000647,000002
100,0000000325,0001,0080000648,000001
100,0000000325,0002,0080000649,000002
100,0000000326,0001,0080000650,000001
100,0000000326,0002,0080000651,000002
100,0000000327,0001,0080000652,000001
100,0000000327,0002,0080000653,000002
100,0000000328,0001,0080000654,000001
100,0000000328,0002,0080000655,000002
100,0000000329,0001,0080000656,000001
100,0000000329,0002,0080000657,000002
100,0000000330,0001,0080000658,000001
100,0000000330,0002,0080000659,000002
100,0000000331,0001,0080000660,000001
100,0000000331,0002,0080000661,000002
100,0000000332,0001,0080000662,000001
100,0000000332,0002,0080000663,000002
100,0000000333,0001,0080000664,000001
100,0000000333,0002,0080000665,000002
100,0000000334,0001,0080000666,000001
100,0000000334,0002,0080000667,000002
100,0000000335,0001,0080000668,000001
100,0000000335,0002,0080000669,000002
100,0000000336,0001,0080000670,000001
100,0000000336,0002,0080000671,000002
100,0000000337,0001,0080000672,000001
100,0000000337,0002,0080000673,000002
100,0000000338,0001,0080000674,000001
100,0000000338,0002,0080000675,000002
100,0000000339,0001,0080000676,000001
100,0000000339,0002,0080000677,000002
100,0000000340,0001,0080000678,000001
100,0000000340,0002,0080000679,000002
100,0000000341,0001,0080000680,000001
100,0000000341,0002,0080000681,000002
100,0000000342,0001,0080000682,000001
100,0000000342,0002,0080000683,000002
100,0000000343,0001,0080000684,000001
100,0000000343,0002,0080000685,000002
100,0000000344,0001,0080000686,000001
100,0000000344,0002,0080000687,000002
100,0000000345,0001,0080000688,000001
100,0000000345,0002,0080000689,000002
100,0000000346,0001,0080000690,000001
100,0000000346,0002,0080000691,000002
100,0000000347,0001,0080000692,000001
100,0000000347,0002,0080000693,000002
100,0000000348,0001,0080000694,000001
100,0000000348,0002,0080000695,000002
100,0000000349,0001,0080000696,000001
100,0000000349,0002,0080000697,000002
100,0000000350,0001,0080000698,000001
100,0000000350,0002,0080000699,000002
100,0000000351,0001,0080000700,000001
100,0000000351,0002,0080000701,000002
100,0000000352,0001,0080000702,000001
100,0000000352,0002,0080000703,000002
100,0000000353,0001,0080000704,000001
100,0000000353,0002,0080000705,000002
100,0000000354,0001,0080000706,000001
100,0000000354,0002,0080000707,000002
100,0000000355,0001,0080000708,000001
100,0000000355,0002,0080000709,000002
100,0000000356,0001,0080000710,000001
100,0000000356,0002,0080000711,000002
100,0000000357,0001,0080000712,000001
100,0000000357,0002,0080000713,000002
100,0000000358,0001,0080000714,000001
100,0000000358,0002,0080000715,000002
100,0000000359,0001,0080000716,000001
100,0000000359,0002,0080000717,000002
100,0000000360,0001,0080000718,000001
100,0000000360,0002,0080000719,000002
100,0000000361,0001,0080000720,000001
100,0000000361,0002,0080000721,000002
100,0000000362,0001,0080000722,000001
100,0000000362,0002,0080000723,000002
100,0000000363,0001,0080000724,000001
100,0000000363,0002,0080000725,000002
100,0000000364,0001,0080000726,000001
100,0000000364,0002,0080000727,000002
100,0000000365,0001,0080000728,000001
100,0000000365,0002,0080000729,000002
100,0000000366,0001,0080000730,000001
100,0000000366,0002,0080000731,000002
100,0000000367,0001,0080000732,000001
100,0000000367,0002,0080000733,000002
100,0000000368,0001,0080000734,000001
100,0000000368,0002,0080000735,000002
100,0000000369,0001,0080000736,000001
100,0000000369,0002,0080000737,000002
100,0000000370,0001,0080000738,000001
100,0000000370,0002,0080000739,000002
100,0000000371,0001,0080000740,000001
100,0000000371,0002,0080000741,000002
100,0000000372,0001,0080000742,000001
100,0000000372,0002,0080000743,000002
100,0000000373,0001,0080000744,000001
100,0000000373,0002,0080000745,000002
100,0000000374,0001,0080000746,000001
100,0000000374,0002,0080000747,000002
100,0000000375,0001,0080000748,000001
100,0000000375,0002,0080000749,000002
100,0000000376,0001,0080000750,000001
100,0000000376,0002,0080000751,000002
100,0000000377,0001,0080000752,000001
100,0000000377,0002,0080000753,000002
100,0000000378,0001,0080000754,000001
100,0000000378,0002,0080000755,000002
100,0000000379,0001,0080000756,000001
100,0000000379,0002,0080000757,000002
100,0000000380,0001,0080000758,000001
100,0000000380,0002,0080000759,000002
100,0000000381,0001,0080000760,000001
100,0000000381,0002,0080000761,000002
100,0000000382,0001,0080000762,000001
100,0000000382,0002,0080000763,000002
100,0000000383,0001,0080000764,000001
100,0000000383,0002,0080000765,000002
100,0000000384,0001,0080000766,000001
100,0000000384,0002,0080000767,000002
100,0000000385,0001,0080000768,000001
100,0000000385,0002,0080000769,000002
100,0000000386,0001,0080000770,000001
100,0000000386,0002,0080000771,000002
100,0000000387,0001,0080000772,000001
100,0000000387,0002,0080000773,000002
100,0000000388,0001,0080000774,000001
100,0000000388,0002,0080000775,000002
100,0000000389,0001,0080000776,000001
100,0000000389,0002,0080000777,000002
100,0000000390,0001,0080000778,000001
100,0000000390,0002,0080000779,000002
100,0000000391,0001,0080000780,000001
100,0000000391,0002,0080000781,000002
100,0000000392,0001,0080000782,000001
100,0000000392,0002,0080000783,000002
100,0000000393,0001,0080000784,000001
100,0000000393,0002,0080000785,000002
100,0000000394,0001,0080000786,000001
100,0000000394,0002,0080000787,000002
100,0000000395,0001,0080000788,000001
100,0000000395,0002,0080000789,000002
100,0000000396,0001,0080000790,000001
100,0000000396,0002,0080000791,000002
100,0000000397,0001,0080000792,000001
100,0000000397,0002,0080000793,000002
100,0000000398,0001,0080000794,000001
100,0000000398,0002,0080000795,000002
100,0000000399,0001,0080000796,000001
100,0000000399,0002,0080000797,000002
100,0000000400,0001,0080000798,000001
100,0000000400,0002,0080000799,000002
100,0000000401,0001,0080000800,000001
100,0000000401,0002,0080000801,000002
100,0000000402,0001,0080000802,000001
100,0000000402,0002,0080000803,000002
100,0000000403,0001,0080000804,000001
100,0000000403,0002,0080000805,000002
100,0000000404,0001,0080000806,000001
100,0000000404,0002,0080000807,000002
100,0000000405,0001,0080000808,000001
100,0000000405,0002,0080000809,000002
100,0000000406,0001,0080000810,000001
100,0000000406,0002,0080000811,000002
100,0000000407,0001,0080000812,000001
100,0000000407,0002,0080000813,000002
100,0000000408,0001,0080000814,000001
100,0000000408,0002,0080000815,000002
100,0000000409,0001,0080000816,000001
100,0000000409,0002,0080000817,000002
100,0000000410,0001,0080000818,000001
100,0000000410,0002,0080000819,000002
100,0000000411,0001,0080000820,000001
100,0000000411,0002,0080000821,000002
100,0000000412,0001,0080000822,000001
100,0000000412,0002,0080000823,000002
100,0000000413,0001,0080000824,000001
100,0000000413,0002,0080000825,000002
100,0000000414,0001,0080000826,000001
100,0000000414,0002,0080000827,000002
100,0000000415,0001,0080000828,000001
100,0000000415,0002,0080000829,000002
100,0000000416,0001,0080000830,000001
100,0000000416,0002,0080000831,000002
100,0000000417,0001,0080000832,000001
100,0000000417,0002,0080000833,000002
100,0000000418,0001,0080000834,000001
100,0000000418,0002,0080000835,000002
100,0000000419,0001,0080000836,000001
100,0000000419,0002,0080000837,000002
100,0000000420,0001,0080000838,000001
100,0000000420,0002,0080000839,000002
100,0000000421,0001,0080000840,000001
100,0000000421,0002,0080000841,000002
100,0000000422,0001,0080000842,000001
100,0000000422,0002,0080000843,000002
100,0000000423,0001,0080000844,000001
100,0000000423,0002,0080000845,000002
100,0000000424,0001,0080000846,000001
100,0000000424,0002,0080000847,000002
100,0000000425,0001,0080000848,000001
100,0000000425,0002,0080000849,000002
100,0000000426,0001,0080000850,000001
100,0000000426,0002,0080000851,000002
100,0000000427,0001,0080000852,000001
100,0000000427,0002,0080000853,000002
100,0000000428,0001,0080000854,000001
100,0000000428,0002,0080000855,000002
100,0000000429,0001,0080000856,000001
100,0000000429,0002,0080000857,000002
100,0000000430,0001,0080000858,000001
100,0000000430,0002,0080000859,000002
100,0000000431,0001,0080000860,000001
100,0000000431,0002,0080000861,000002
100,0000000432,0001,0080000862,000001
100,0000000432,0002,0080000863,000002
100,0000000433,0001,0080000864,000001
100,0000000433,0002,0080000865,000002
100,0000000434,0001,0080000866,000001
100,0000000434,0002,0080000867,000002
100,0000000435,0001,0080000868,000001
100,0000000435,0002,0080000869,000002
100,0000000436,0001,0080000870,000001
100,0000000436,0002,0080000871,000002
100,0000000437,0001,0080000872,000001
100,0000000437,0002,0080000873,000002
100,0000000438,0001,0080000874,000001
100,0000000438,0002,0080000875,000002
100,0000000439,0001,0080000876,000001
100,0000000439,0002,0080000877,000002
100,0000000440,0001,0080000878,000001
100,0000000440,0002,0080000879,000002
100,0000000441,0001,0080000880,000001
100,0000000441,0002,0080000881,000002
100,0000000442,0001,0080000882,000001
100,0000000442,0002,0080000883,000002
100,0000000443,0001,0080000884,000001
100,0000000443,0002,0080000885,000002
100,0000000444,0001,0080000886,000001
100,0000000444,0002,0080000887,000002
100,0000000445,0001,0080000888,000001
100,0000000445,0002,0080000889,000002
100,0000000446,0001,0080000890,000001
100,0000000446,0002,0080000891,000002
100,0000000447,0001,0080000892,000001
100,0000000447,0002,0080000893,000002
100,0000000448,0001,0080000894,000001
100,0000000448,0002,0080000895,000002
100,0000000449,0001,0080000896,000001
100,0000000449,0002,0080000897,000002
100,0000000450,0001,0080000898,000001
100,0000000450,0002,0080000899,000002
100,0000000451,0001,0080000900,000001
100,0000000451,0002,0080000901,000002
100,0000000452,0001,0080000902,000001
100,0000000452,0002,0080000903,000002
100,0000000453,0001,0080000904,000001
100,0000000453,0002,0080000905,000002
100,0000000454,0001,0080000906,000001
100,0000000454,0002,0080000907,000002
100,0000000455,0001,0080000908,000001
100,0000000455,0002,0080000909,000002
100,0000000456,0001,0080000910,000001
100,0000000456,0002,0080000911,000002
100,0000000457,0001,0080000912,000001
100,0000000457,0002,0080000913,000002
100,0000000458,0001,0080000914,000001
100,0000000458,0002,0080000915,000002
100,0000000459,0001,0080000916,000001
100,0000000459,0002,0080000917,000002
100,0000000460,0001,0080000918,000001
100,0000000460,0002,0080000919,000002
100,0000000461,0001,0080000920,000001
100,0000000461,0002,0080000921,000002
100,0000000462,0001,0080000922,000001
100,0000000462,0002,0080000923,000002
100,0000000463,0001,0080000924,000001
100,0000000463,0002,0080000925,000002
100,0000000464,0001,0080000926,000001
100,0000000464,0002,0080000927,000002
100,0000000465,0001,0080000928,000001
100,0000000465,0002,0080000929,000002
100,0000000466,0001,0080000930,000001
100,0000000466,0002,0080000931,000002
100,0000000467,0001,0080000932,000001
100,0000000467,0002,0080000933,000002
100,0000000468,0001,0080000934,000001
100,0000000468,0002,0080000935,000002
100,0000000469,0001,0080000936,000001
100,0000000469,0002,0080000937,000002
100,0000000470,0001,0080000938,000001
100,0000000470,0002,0080000939,000002
100,0000000471,0001,0080000940,000001
100,0000000471,0002,0080000941,000002
100,0000000472,0001,0080000942,000001
100,0000000472,0002,0080000943,000002
100,0000000473,0001,0080000944,000001
100,0000000473,0002,0080000945,000002
100,0000000474,0001,0080000946,000001
100,0000000474,0002,0080000947,000002
100,0000000475,0001,0080000948,000001
100,0000000475,0002,0080000949,000002
100,0000000476,0001,0080000950,000001
100,0000000476,0002,0080000951,000002
100,0000000477,0001,0080000952,000001
100,0000000477,0002,0080000953,000002
100,0000000478,0001,0080000954,000001
100,0000000478,0002,0080000955,000002
100,0000000479,0001,0080000956,000001
100,0000000479,0002,0080000957,000002
100,0000000480,0001,0080000958,000001
100,0000000480,0002,0080000959,000002
100,0000000481,0001,0080000960,000001
100,0000000481,0002,0080000961,000002
100,0000000482,0001,0080000962,000001
100,0000000482,0002,0080000963,000002
100,0000000483,0001,0080000964,000001
100,0000000483,0002,0080000965,000002
100,0000000484,0001,0080000966,000001
100,0000000484,0002,0080000967,000002
100,0000000485,0001,0080000968,000001
100,0000000485,0002,0080000969,000002
100,0000000486,0001,0080000970,000001
100,0000000486,0002,0080000971,000002
100,0000000487,0001,0080000972,000001
100,0000000487,0002,0080000973,000002
100,0000000488,0001,0080000974,000001
100,0000000488,0002,0080000975,000002
100,0000000489,0001,0080000976,000001
100,0000000489,0002,0080000977,000002
100,0000000490,0001,0080000978,000001
100,0000000490,0002,0080000979,000002
100,0000000491,0001,0080000980,000001
100,0000000491,0002,0080000981,000002
100,0000000492,0001,0080000982,000001
100,0000000492,0002,0080000983,000002
100,0000000493,0001,0080000984,000001
100,0000000493,0002,0080000985,000002
100,0000000494,0001,0080000986,000001
100,0000000494,0002,0080000987,000002
100,0000000495,0001,0080000988,000001
100,0000000495,0002,0080000989,000002
100,0000000496,0001,0080000990,000001
100,0000000496,0002,0080000991,000002
100,0000000497,0001,0080000992,000001
100,0000000497,0002,0080000993,000002
100,0000000498,0001,0080000994,000001
100,0000000498,0002,0080000995,000002
100,0000000499,0001,0080000996,000001
100,0000000499,0002,0080000997,000002
100,0000000500,0001,0080000998,000001
100,0000000500,0002,0080000999,000002
100,0000000501,0001,0080001000,000001
100,0000000501,0002,0080001001,000002
100,0000000502,0001,0080001002,000001
100,0000000502,0002,0080001003,000002
100,0000000503,0001,0080001004,000001
100,0000000503,0002,0080001005,000002
100,0000000504,0001,0080001006,000001
100,0000000504,0002,0080001007,000002
100,0000000505,0001,0080001008,000001
100,0000000505,0002,0080001009,000002
100,0000000506,0001,0080001010,000001
100,0000000506,0002,0080001011,000002
100,0000000507,0001,0080001012,000001
100,0000000507,0002,0080001013,000002
100,0000000508,0001,0080001014,000001
100,0000000508,0002,0080001015,000002
100,0000000509,0001,0080001016,000001
100,0000000509,0002,0080001017,000002
100,0000000510,0001,0080001018,000001
100,0000000510,0002,0080001019,000002
100,0000000511,0001,0080001020,000001
100,0000000511,0002,0080001021,000002
100,0000000512,0001,0080001022,000001
100,0000000512,0002,0080001023,000002
100,0000000513,0001,0080001024,000001
100,0000000513,0002,0080001025,000002
100,0000000514,0001,0080001026,000001
100,0000000514,0002,0080001027,000002
100,0000000515,0001,0080001028,000001
100,0000000515,0002,0080001029,000002
100,0000000516,0001,0080001030,000001
100,0000000516,0002,0080001031,000002
100,0000000517,0001,0080001032,000001
100,0000000517,0002,0080001033,000002
100,0000000518,0001,0080001034,000001
100,0000000518,0002,0080001035,000002
100,0000000519,0001,0080001036,000001
100,0000000519,0002,0080001037,000002
100,0000000520,0001,0080001038,000001
100,0000000520,0002,0080001039,000002
100,0000000521,0001,0080001040,000001
100,0000000521,0002,0080001041,000002
100,0000000522,0001,0080001042,000001
100,0000000522,0002,0080001043,000002
100,0000000523,0001,0080001044,000001
100,0000000523,0002,0080001045,000002
100,0000000524,0001,0080001046,000001
100,0000000524,0002,0080001047,000002
100,0000000525,0001,0080001048,000001
100,0000000525,0002,0080001049,000002
100,0000000526,0001,0080001050,000001
100,0000000526,0002,0080001051,000002
100,0000000527,0001,0080001052,000001
100,0000000527,0002,0080001053,000002
100,0000000528,0001,0080001054,000001
100,0000000528,0002,0080001055,000002
100,0000000529,0001,0080001056,000001
100,0000000529,0002,0080001057,000002
100,0000000530,0001,0080001058,000001
100,0000000530,0002,0080001059,000002
100,0000000531,0001,0080001060,000001
100,0000000531,0002,0080001061,000002
100,0000000532,0001,0080001062,000001
100,0000000532,0002,0080001063,000002
100,0000000533,0001,0080001064,000001
100,0000000533,0002,0080001065,000002
100,0000000534,0001,0080001066,000001
100,0000000534,0002,0080001067,000002
100,0000000535,0001,0080001068,000001
100,0000000535,0002,0080001069,000002
100,0000000536,0001,0080001070,000001
100,0000000536,0002,0080001071,000002
100,0000000537,0001,0080001072,000001
100,0000000537,0002,0080001073,000002
100,0000000538,0001,0080001074,000001
100,0000000538,0002,0080001075,000002
100,0000000539,0001,0080001076,000001
100,0000000539,0002,0080001077,000002
100,0000000540,0001,0080001078,000001
100,0000000540,0002,0080001079,000002
100,0000000541,0001,0080001080,000001
100,0000000541,0002,0080001081,000002
100,0000000542,0001,0080001082,000001
100,0000000542,0002,0080001083,000002
100,0000000543,0001,0080001084,000001
100,0000000543,0002,0080001085,000002
100,0000000544,0001,0080001086,000001
100,0000000544,0002,0080001087,000002
100,0000000545,0001,0080001088,000001
100,0000000545,0002,0080001089,000002
100,0000000546,0001,0080001090,000001
100,0000000546,0002,0080001091,000002
100,0000000547,0001,0080001092,000001
100,0000000547,0002,0080001093,000002
100,0000000548,0001,0080001094,000001
100,0000000548,0002,0080001095,000002
100,0000000549,0001,0080001096,000001
100,0000000549,0002,0080001097,000002
100,0000000550,0001,0080001098,000001
100,0000000550,0002,0080001099,000002
100,0000000551,0001,0080001100,000001
100,0000000551,0002,0080001101,000002
100,0000000552,0001,0080001102,000001
100,0000000552,0002,0080001103,000002
100,0000000553,0001,0080001104,000001
100,0000000553,0002,0080001105,000002
100,0000000554,0001,0080001106,000001
100,0000000554,0002,0080001107,000002
100,0000000555,0001,0080001108,000001
100,0000000555,0002,0080001109,000002
100,0000000556,0001,0080001110,000001
100,0000000556,0002,0080001111,000002
100,0000000557,0001,0080001112,000001
100,0000000557,0002,0080001113,000002
100,0000000558,0001,0080001114,000001
100,0000000558,0002,0080001115,000002
100,0000000559,0001,0080001116,000001
100,0000000559,0002,0080001117,000002
100,0000000560,0001,0080001118,000001
100,0000000560,0002,0080001119,000002
100,0000000561,0001,0080001120,000001
100,0000000561,0002,0080001121,000002
100,0000000562,0001,0080001122,000001
100,0000000562,0002,0080001123,000002
100,0000000563,0001,0080001124,000001
100,0000000563,0002,0080001125,000002
100,0000000564,0001,0080001126,000001
100,0000000564,0002,0080001127,000002
100,0000000565,0001,0080001128,000001
100,0000000565,0002,0080001129,000002
100,0000000566,0001,0080001130,000001
100,0000000566,0002,0080001131,000002
100,0000000567,0001,0080001132,000001
100,0000000567,0002,0080001133,000002
100,0000000568,0001,0080001134,000001
100,0000000568,0002,0080001135,000002
100,0000000569,0001,0080001136,000001
100,0000000569,0002,0080001137,000002
100,0000000570,0001,0080001138,000001
100,0000000570,0002,0080001139,000002
100,0000000571,0001,0080001140,000001
100,0000000571,0002,0080001141,000002
100,0000000572,0001,0080001142,000001
100,0000000572,0002,0080001143,000002
100,0000000573,0001,0080001144,000001
100,0000000573,0002,0080001145,000002
100,0000000574,0001,0080001146,000001
100,0000000574,0002,0080001147,000002
100,0000000575,0001,0080001148,000001
100,0000000575,0002,0080001149,000002
100,0000000576,0001,0080001150,000001
100,0000000576,0002,0080001151,000002
100,0000000577,0001,0080001152,000001
100,0000000577,0002,0080001153,000002
100,0000000578,0001,0080001154,000001
100,0000000578,0002,0080001155,000002
100,0000000579,0001,0080001156,000001
100,0000000579,0002,0080001157,000002
100,0000000580,0001,0080001158,000001
100,0000000580,0002,0080001159,000002
100,0000000581,0001,0080001160,000001
100,0000000581,0002,0080001161,000002
100,0000000582,0001,0080001162,000001
100,0000000582,0002,0080001163,000002
100,0000000583,0001,0080001164,000001
100,0000000583,0002,0080001165,000002
100,0000000584,0001,0080001166,000001
100,0000000584,0002,0080001167,000002
100,0000000585,0001,0080001168,000001
100,0000000585,0002,0080001169,000002
100,0000000586,0001,0080001170,000001
100,0000000586,0002,0080001171,000002
100,0000000587,0001,0080001172,000001
100,0000000587,0002,0080001173,000002
100,0000000588,0001,0080001174,000001
100,0000000588,0002,0080001175,000002
100,0000000589,0001,0080001176,000001
100,0000000589,0002,0080001177,000002
100,0000000590,0001,0080001178,000001
100,0000000590,0002,0080001179,000002
100,0000000591,0001,0080001180,000001
100,0000000591,0002,0080001181,000002
100,0000000592,0001,0080001182,000001
100,0000000592,0002,0080001183,000002
100,0000000593,0001,0080001184,000001
100,0000000593,0002,0080001185,000002
100,0000000594,0001,0080001186,000001
100,0000000594,0002,0080001187,000002
100,0000000595,0001,0080001188,000001
100,0000000595,0002,0080001189,000002
100,0000000596,0001,0080001190,000001
100,0000000596,0002,0080001191,000002
100,0000000597,0001,0080001192,000001
100,0000000597,0002,0080001193,000002
100,0000000598,0001,0080001194,000001
100,0000000598,0002,0080001195,000002
100,0000000599,0001,0080001196,000001
100,0000000599,0002,0080001197,000002
100,0000000600,0001,0080001198,000001
100,0000000600,0002,0080001199,000002
100,0000000601,0001,0080001200,000001
100,0000000601,0002,0080001201,000002
100,0000000602,0001,0080001202,000001
100,0000000602,0002,0080001203,000002
100,0000000603,0001,0080001204,000001
100,0000000603,0002,0080001205,000002
100,0000000604,0001,0080001206,000001
100,0000000604,0002,0080001207,000002
100,0000000605,0001,0080001208,000001
100,0000000605,0002,0080001209,000002
100,0000000606,0001,0080001210,000001
100,0000000606,0002,0080001211,000002
100,0000000607,0001,0080001212,000001
100,0000000607,0002,0080001213,000002
100,0000000608,0001,0080001214,000001
100,0000000608,0002,0080001215,000002
100,0000000609,0001,0080001216,000001
100,0000000609,0002,0080001217,000002
100,0000000610,0001,0080001218,000001
100,0000000610,0002,0080001219,000002
100,0000000611,0001,0080001220,000001
100,0000000611,0002,0080001221,000002
100,0000000612,0001,0080001222,000001
100,0000000612,0002,0080001223,000002
100,0000000613,0001,0080001224,000001
100,0000000613,0002,0080001225,000002
100,0000000614,0001,0080001226,000001
100,0000000614,0002,0080001227,000002
100,0000000615,0001,0080001228,000001
100,0000000615,0002,0080001229,000002
100,0000000616,0001,0080001230,000001
100,0000000616,0002,0080001231,000002
100,0000000617,0001,0080001232,000001
100,0000000617,0002,0080001233,000002
100,0000000618,0001,0080001234,000001
100,0000000618,0002,0080001235,000002
100,0000000619,0001,0080001236,000001
100,0000000619,0002,0080001237,000002
100,0000000620,0001,0080001238,000001
100,0000000620,0002,0080001239,000002
100,0000000621,0001,0080001240,000001
100,0000000621,0002,0080001241,000002
100,0000000622,0001,0080001242,000001
100,0000000622,0002,0080001243,000002
100,0000000623,0001,0080001244,000001
100,0000000623,0002,0080001245,000002
100,0000000624,0001,0080001246,000001
100,0000000624,0002,0080001247,000002
100,0000000625,0001,0080001248,000001
100,0000000625,0002,0080001249,000002
100,0000000626,0001,0080001250,000001
100,0000000626,0002,0080001251,000002
100,0000000627,0001,0080001252,000001
100,0000000627,0002,0080001253,000002
100,0000000628,0001,0080001254,000001
100,0000000628,0002,0080001255,000002
100,0000000629,0001,0080001256,000001
100,0000000629,0002,0080001257,000002
100,0000000630,0001,0080001258,000001
100,0000000630,0002,0080001259,000002
100,0000000631,0001,0080001260,000001
100,0000000631,0002,0080001261,000002
100,0000000632,0001,0080001262,000001
100,0000000632,0002,0080001263,000002
100,0000000633,0001,0080001264,000001
100,0000000633,0002,0080001265,000002
100,0000000634,0001,0080001266,000001
100,0000000634,0002,0080001267,000002
100,0000000635,0001,0080001268,000001
100,0000000635,0002,0080001269,000002
100,0000000636,0001,0080001270,000001
100,0000000636,0002,0080001271,000002
100,0000000637,0001,0080001272,000001
100,0000000637,0002,0080001273,000002
100,0000000638,0001,0080001274,000001
100,0000000638,0002,0080001275,000002
100,0000000639,0001,0080001276,000001
100,0000000639,0002,0080001277,000002
100,0000000640,0001,0080001278,000001
100,0000000640,0002,0080001279,000002
100,0000000641,0001,0080001280,000001
100,0000000641,0002,0080001281,000002
100,0000000642,0001,0080001282,000001
100,0000000642,0002,0080001283,000002
100,0000000643,0001,0080001284,000001
100,0000000643,0002,0080001285,000002
100,0000000644,0001,0080001286,000001
100,0000000644,0002,0080001287,000002
100,0000000645,0001,0080001288,000001
100,0000000645,0002,0080001289,000002
100,0000000646,0001,0080001290,000001
100,0000000646,0002,0080001291,000002
100,0000000647,0001,0080001292,000001
100,0000000647,0002,0080001293,000002
100,0000000648,0001,0080001294,000001
100,0000000648,0002,0080001295,000002
100,0000000649,0001,0080001296,000001
100,0000000649,0002,0080001297,000002
100,0000000650,0001,0080001298,000001
100,0000000650,0002,0080001299,000002
100,0000000651,0001,0080001300,000001
100,0000000651,0002,0080001301,000002
100,0000000652,0001,0080001302,000001
100,0000000652,0002,0080001303,000002
100,0000000653,0001,0080001304,000001
100,0000000653,0002,0080001305,000002
100,0000000654,0001,0080001306,000001
100,0000000654,0002,0080001307,000002
100,0000000655,0001,0080001308,000001
100,0000000655,0002,0080001309,000002
100,0000000656,0001,0080001310,000001
100,0000000656,0002,0080001311,000002
100,0000000657,0001,0080001312,000001
100,0000000657,0002,0080001313,000002
100,0000000658,0001,0080001314,000001
100,0000000658,0002,0080001315,000002
100,0000000659,0001,0080001316,000001
100,0000000659,0002,0080001317,000002
100,0000000660,0001,0080001318,000001
100,0000000660,0002,0080001319,000002
100,0000000661,0001,0080001320,000001
100,0000000661,0002,0080001321,000002
100,0000000662,0001,0080001322,000001
100,0000000662,0002,0080001323,000002
100,0000000663,0001,0080001324,000001
100,0000000663,0002,0080001325,000002
100,0000000664,0001,0080001326,000001
100,0000000664,0002,0080001327,000002
100,0000000665,0001,0080001328,000001
100,0000000665,0002,0080001329,000002
100,0000000666,0001,0080001330,000001
100,0000000666,0002,0080001331,000002
100,0000000667,0001,0080001332,000001
100,0000000667,0002,0080001333,000002
100,0000000668,0001,0080001334,000001
100,0000000668,0002,0080001335,000002
100,0000000669,0001,0080001336,000001
100,0000000669,0002,0080001337,000002
100,0000000670,0001,0080001338,000001
100,0000000670,0002,0080001339,000002
100,0000000671,0001,0080001340,000001
100,0000000671,0002,0080001341,000002
100,0000000672,0001,0080001342,000001
100,0000000672,0002,0080001343,000002
100,0000000673,0001,0080001344,000001
100,0000000673,0002,0080001345,000002
100,0000000674,0001,0080001346,000001
100,0000000674,0002,0080001347,000002
100,0000000675,0001,0080001348,000001
100,0000000675,0002,0080001349,000002
100,0000000676,0001,0080001350,000001
100,0000000676,0002,0080001351,000002
100,0000000677,0001,0080001352,000001
100,0000000677,0002,0080001353,000002
100,0000000678,0001,0080001354,000001
100,0000000678,0002,0080001355,000002
100,0000000679,0001,0080001356,000001
100,0000000679,0002,0080001357,000002
100,0000000680,0001,0080001358,000001
100,0000000680,0002,0080001359,000002
100,0000000681,0001,0080001360,000001
100,0000000681,0002,0080001361,000002
100,0000000682,0001,0080001362,000001
100,0000000682,0002,0080001363,000002
100,0000000683,0001,0080001364,000001
100,0000000683,0002,0080001365,000002
100,0000000684,0001,0080001366,000001
100,0000000684,0002,0080001367,000002
100,0000000685,0001,0080001368,000001
100,0000000685,0002,0080001369,000002
100,0000000686,0001,0080001370,000001
100,0000000686,0002,0080001371,000002
100,0000000687,0001,0080001372,000001
100,0000000687,0002,0080001373,000002
100,0000000688,0001,0080001374,000001
100,0000000688,0002,0080001375,000002
100,0000000689,0001,0080001376,000001
100,0000000689,0002,0080001377,000002
100,0000000690,0001,0080001378,000001
100,0000000690,0002,0080001379,000002
100,0000000691,0001,0080001380,000001
100,0000000691,0002,0080001381,000002
100,0000000692,0001,0080001382,000001
100,0000000692,0002,0080001383,000002
100,0000000693,0001,0080001384,000001
100,0000000693,0002,0080001385,000002
100,0000000694,0001,0080001386,000001
100,0000000694,0002,0080001387,000002
100,0000000695,0001,0080001388,000001
100,0000000695,0002,0080001389,000002
100,0000000696,0001,0080001390,000001
100,0000000696,0002,0080001391,000002
100,0000000697,0001,0080001392,000001
100,0000000697,0002,0080001393,000002
100,0000000698,0001,0080001394,000001
100,0000000698,0002,0080001395,000002
100,0000000699,0001,0080001396,000001
100,0000000699,0002,0080001397,000002
100,0000000700,0001,0080001398,000001
100,0000000700,0002,0080001399,000002
100,0000000701,0001,0080001400,000001
100,0000000701,0002,0080001401,000002
100,0000000702,0001,0080001402,000001
100,0000000702,0002,0080001403,000002
100,0000000703,0001,0080001404,000001
100,0000000703,0002,0080001405,000002
100,0000000704,0001,0080001406,000001
100,0000000704,0002,0080001407,000002
100,0000000705,0001,0080001408,000001
100,0000000705,0002,0080001409,000002
100,0000000706,0001,0080001410,000001
100,0000000706,0002,0080001411,000002
100,0000000707,0001,0080001412,000001
100,0000000707,0002,0080001413,000002
100,0000000708,0001,0080001414,000001
100,0000000708,0002,0080001415,000002
100,0000000709,0001,0080001416,000001
100,0000000709,0002,0080001417,000002
100,0000000710,0001,0080001418,000001
100,0000000710,0002,0080001419,000002
100,0000000711,0001,0080001420,000001
100,0000000711,0002,0080001421,000002
100,0000000712,0001,0080001422,000001
100,0000000712,0002,0080001423,000002
100,0000000713,0001,0080001424,000001
100,0000000713,0002,0080001425,000002
100,0000000714,0001,0080001426,000001
100,0000000714,0002,0080001427,000002
100,0000000715,0001,0080001428,000001
100,0000000715,0002,0080001429,000002
100,0000000716,0001,0080001430,000001
100,0000000716,0002,0080001431,000002
100,0000000717,0001,0080001432,000001
100,0000000717,0002,0080001433,000002
100,0000000718,0001,0080001434,000001
100,0000000718,0002,0080001435,000002
100,0000000719,0001,0080001436,000001
100,0000000719,0002,0080001437,000002
100,0000000720,0001,0080001438,000001
100,0000000720,0002,0080001439,000002
100,0000000721,0001,0080001440,000001
100,0000000721,0002,0080001441,000002
100,0000000722,0001,0080001442,000001
100,0000000722,0002,0080001443,000002
100,0000000723,0001,0080001444,000001
100,0000000723,0002,0080001445,000002
100,0000000724,0001,0080001446,000001
100,0000000724,0002,0080001447,000002
100,0000000725,0001,0080001448,000001
100,0000000725,0002,0080001449,000002
100,0000000726,0001,0080001450,000001
100,0000000726,0002,0080001451,000002
100,0000000727,0001,0080001452,000001
100,0000000727,0002,0080001453,000002
100,0000000728,0001,0080001454,000001
100,0000000728,0002,0080001455,000002
100,0000000729,0001,0080001456,000001
100,0000000729,0002,0080001457,000002
100,0000000730,0001,0080001458,000001
100,0000000730,0002,0080001459,000002
100,0000000731,0001,0080001460,000001
100,0000000731,0002,0080001461,000002
100,0000000732,0001,0080001462,000001
100,0000000732,0002,0080001463,000002
100,0000000733,0001,0080001464,000001
100,0000000733,0002,0080001465,000002
100,0000000734,0001,0080001466,000001
100,0000000734,0002,0080001467,000002
100,0000000735,0001,0080001468,000001
100,0000000735,0002,0080001469,000002
100,0000000736,0001,0080001470,000001
100,0000000736,0002,0080001471,000002
100,0000000737,0001,0080001472,000001
100,0000000737,0002,0080001473,000002
100,0000000738,0001,0080001474,000001
100,0000000738,0002,0080001475,000002
100,0000000739,0001,0080001476,000001
100,0000000739,0002,0080001477,000002
100,0000000740,0001,0080001478,000001
100,0000000740,0002,0080001479,000002
100,0000000741,0001,0080001480,000001
100,0000000741,0002,0080001481,000002
100,0000000742,0001,0080001482,000001
100,0000000742,0002,0080001483,000002
100,0000000743,0001,0080001484,000001
100,0000000743,0002,0080001485,000002
100,0000000744,0001,0080001486,000001
100,0000000744,0002,0080001487,000002
100,0000000745,0001,0080001488,000001
100,0000000745,0002,0080001489,000002
100,0000000746,0001,0080001490,000001
100,0000000746,0002,0080001491,000002
100,0000000747,0001,0080001492,000001
100,0000000747,0002,0080001493,000002
100,0000000748,0001,0080001494,000001
100,0000000748,0002,0080001495,000002
100,0000000749,0001,0080001496,000001
100,0000000749,0002,0080001497,000002
100,0000000750,0001,0080001498,000001
100,0000000750,0002,0080001499,000002
100,0000000751,0001,0080001500,000001
100,0000000751,0002,0080001501,000002
100,0000000752,0001,0080001502,000001
100,0000000752,0002,0080001503,000002
100,0000000753,0001,0080001504,000001
100,0000000753,0002,0080001505,000002
100,0000000754,0001,0080001506,000001
100,0000000754,0002,0080001507,000002
100,0000000755,0001,0080001508,000001
100,0000000755,0002,0080001509,000002
100,0000000756,0001,0080001510,000001
100,0000000756,0002,0080001511,000002
100,0000000757,0001,0080001512,000001
100,0000000757,0002,0080001513,000002
100,0000000758,0001,0080001514,000001
100,0000000758,0002,0080001515,000002
100,0000000759,0001,0080001516,000001
100,0000000759,0002,0080001517,000002
100,0000000760,0001,0080001518,000001
100,0000000760,0002,0080001519,000002
100,0000000761,0001,0080001520,000001
100,0000000761,0002,0080001521,000002
100,0000000762,0001,0080001522,000001
100,0000000762,0002,0080001523,000002
100,0000000763,0001,0080001524,000001
100,0000000763,0002,0080001525,000002
100,0000000764,0001,0080001526,000001
100,0000000764,0002,0080001527,000002
100,0000000765,0001,0080001528,000001
100,0000000765,0002,0080001529,000002
100,0000000766,0001,0080001530,000001
100,0000000766,0002,0080001531,000002
100,0000000767,0001,0080001532,000001
100,0000000767,0002,0080001533,000002
100,0000000768,0001,0080001534,000001
100,0000000768,0002,0080001535,000002
100,0000000769,0001,0080001536,000001
100,0000000769,0002,0080001537,000002
100,0000000770,0001,0080001538,000001
100,0000000770,0002,0080001539,000002
100,0000000771,0001,0080001540,000001
100,0000000771,0002,0080001541,000002
100,0000000772,0001,0080001542,000001
100,0000000772,0002,0080001543,000002
100,0000000773,0001,0080001544,000001
100,0000000773,0002,0080001545,000002
100,0000000774,0001,0080001546,000001
100,0000000774,0002,0080001547,000002
100,0000000775,0001,0080001548,000001
100,0000000775,0002,0080001549,000002
100,0000000776,0001,0080001550,000001
100,0000000776,0002,0080001551,000002
100,0000000777,0001,0080001552,000001
100,0000000777,0002,0080001553,000002
100,0000000778,0001,0080001554,000001
100,0000000778,0002,0080001555,000002
100,0000000779,0001,0080001556,000001
100,0000000779,0002,0080001557,000002
100,0000000780,0001,0080001558,000001
100,0000000780,0002,0080001559,000002
100,0000000781,0001,0080001560,000001
100,0000000781,0002,0080001561,000002
100,0000000782,0001,0080001562,000001
100,0000000782,0002,0080001563,000002
100,0000000783,0001,0080001564,000001
100,0000000783,0002,0080001565,000002
100,0000000784,0001,0080001566,000001
100,0000000784,0002,0080001567,000002
100,0000000785,0001,0080001568,000001
100,0000000785,0002,0080001569,000002
100,0000000786,0001,0080001570,000001
100,0000000786,0002,0080001571,000002
100,0000000787,0001,0080001572,000001
100,0000000787,0002,0080001573,000002
100,0000000788,0001,0080001574,000001
100,0000000788,0002,0080001575,000002
100,0000000789,0001,0080001576,000001
100,0000000789,0002,0080001577,000002
100,0000000790,0001,0080001578,000001
100,0000000790,0002,0080001579,000002
100,0000000791,0001,0080001580,000001
100,0000000791,0002,0080001581,000002
100,0000000792,0001,0080001582,000001
100,0000000792,0002,0080001583,000002
100,0000000793,0001,0080001584,000001
100,0000000793,0002,0080001585,000002
100,0000000794,0001,0080001586,000001
100,0000000794,0002,0080001587,000002
100,0000000795,0001,0080001588,000001
100,0000000795,0002,0080001589,000002
100,0000000796,0001,0080001590,000001
100,0000000796,0002,0080001591,000002
100,0000000797,0001,0080001592,000001
100,0000000797,0002,0080001593,000002
100,0000000798,0001,0080001594,000001
100,0000000798,0002,0080001595,000002
100,0000000799,0001,0080001596,000001
100,0000000799,0002,0080001597,000002
100,0000000800,0001,0080001598,000001
100,0000000800,0002,0080001599,000002
100,0000000801,0001,0080001600,000001
100,0000000801,0002,0080001601,000002
100,0000000802,0001,0080001602,000001
100,0000000802,0002,0080001603,000002
100,0000000803,0001,0080001604,000001
100,0000000803,0002,0080001605,000002
100,0000000804,0001,0080001606,000001
100,0000000804,0002,0080001607,000002
100,0000000805,0001,0080001608,000001
100,0000000805,0002,0080001609,000002
100,0000000806,0001,0080001610,000001
100,0000000806,0002,0080001611,000002
100,0000000807,0001,0080001612,000001
100,0000000807,0002,0080001613,000002
100,0000000808,0001,0080001614,000001
100,0000000808,0002,0080001615,000002
100,0000000809,0001,0080001616,000001
100,0000000809,0002,0080001617,000002
100,0000000810,0001,0080001618,000001
100,0000000810,0002,0080001619,000002
100,0000000811,0001,0080001620,000001
100,0000000811,0002,0080001621,000002
100,0000000812,0001,0080001622,000001
100,0000000812,0002,0080001623,000002
100,0000000813,0001,0080001624,000001
100,0000000813,0002,0080001625,000002
100,0000000814,0001,0080001626,000001
100,0000000814,0002,0080001627,000002
100,0000000815,0001,0080001628,000001
100,0000000815,0002,0080001629,000002
100,0000000816,0001,0080001630,000001
100,0000000816,0002,0080001631,000002
100,0000000817,0001,0080001632,000001
100,0000000817,0002,0080001633,000002
100,0000000818,0001,0080001634,000001
100,0000000818,0002,0080001635,000002
100,0000000819,0001,0080001636,000001
100,0000000819,0002,0080001637,000002
100,0000000820,0001,0080001638,000001
100,0000000820,0002,0080001639,000002
100,0000000821,0001,0080001640,000001
100,0000000821,0002,0080001641,000002
100,0000000822,0001,0080001642,000001
100,0000000822,0002,0080001643,000002
100,0000000823,0001,0080001644,000001
100,0000000823,0002,0080001645,000002
100,0000000824,0001,0080001646,000001
100,0000000824,0002,0080001647,000002
100,0000000825,0001,0080001648,000001
100,0000000825,0002,0080001649,000002
100,0000000826,0001,0080001650,000001
100,0000000826,0002,0080001651,000002
100,0000000827,0001,0080001652,000001
100,0000000827,0002,0080001653,000002
100,0000000828,0001,0080001654,000001
100,0000000828,0002,0080001655,000002
100,0000000829,0001,0080001656,000001
100,0000000829,0002,0080001657,000002
100,0000000830,0001,0080001658,000001
100,0000000830,0002,0080001659,000002
100,0000000831,0001,0080001660,000001
100,0000000831,0002,0080001661,000002
100,0000000832,0001,0080001662,000001
100,0000000832,0002,0080001663,000002
100,0000000833,0001,0080001664,000001
100,0000000833,0002,0080001665,000002
100,0000000834,0001,0080001666,000001
100,0000000834,0002,0080001667,000002
100,0000000835,0001,0080001668,000001
100,0000000835,0002,0080001669,000002
100,0000000836,0001,0080001670,000001
100,0000000836,0002,0080001671,000002
100,0000000837,0001,0080001672,000001
100,0000000837,0002,0080001673,000002
100,0000000838,0001,0080001674,000001
100,0000000838,0002,0080001675,000002
100,0000000839,0001,0080001676,000001
100,0000000839,0002,0080001677,000002
100,0000000840,0001,0080001678,000001
100,0000000840,0002,0080001679,000002
100,0000000841,0001,0080001680,000001
100,0000000841,0002,0080001681,000002
100,0000000842,0001,0080001682,000001
100,0000000842,0002,0080001683,000002
100,0000000843,0001,0080001684,000001
100,0000000843,0002,0080001685,000002
100,0000000844,0001,0080001686,000001
100,0000000844,0002,0080001687,000002
100,0000000845,0001,0080001688,000001
100,0000000845,0002,0080001689,000002
100,0000000846,0001,0080001690,000001
100,0000000846,0002,0080001691,000002
100,0000000847,0001,0080001692,000001
100,0000000847,0002,0080001693,000002
100,0000000848,0001,0080001694,000001
100,0000000848,0002,0080001695,000002
100,0000000849,0001,0080001696,000001
100,0000000849,0002,0080001697,000002
100,0000000850,0001,0080001698,000001
100,0000000850,0002,0080001699,000002
100,0000000851,0001,0080001700,000001
100,0000000851,0002,0080001701,000002
100,0000000852,0001,0080001702,000001
100,0000000852,0002,0080001703,000002
100,0000000853,0001,0080001704,000001
100,0000000853,0002,0080001705,000002
100,0000000854,0001,0080001706,000001
100,0000000854,0002,0080001707,000002
100,0000000855,0001,0080001708,000001
100,0000000855,0002,0080001709,000002
100,0000000856,0001,0080001710,000001
100,0000000856,0002,0080001711,000002
100,0000000857,0001,0080001712,000001
100,0000000857,0002,0080001713,000002
100,0000000858,0001,0080001714,000001
100,0000000858,0002,0080001715,000002
100,0000000859,0001,0080001716,000001
100,0000000859,0002,0080001717,000002
100,0000000860,0001,0080001718,000001
100,0000000860,0002,0080001719,000002
100,0000000861,0001,0080001720,000001
100,0000000861,0002,0080001721,000002
100,0000000862,0001,0080001722,000001
100,0000000862,0002,0080001723,000002
100,0000000863,0001,0080001724,000001
100,0000000863,0002,0080001725,000002
100,0000000864,0001,0080001726,000001
100,0000000864,0002,0080001727,000002
100,0000000865,0001,0080001728,000001
100,0000000865,0002,0080001729,000002
100,0000000866,0001,0080001730,000001
100,0000000866,0002,0080001731,000002
100,0000000867,0001,0080001732,000001
100,0000000867,0002,0080001733,000002
100,0000000868,0001,0080001734,000001
100,0000000868,0002,0080001735,000002
100,0000000869,0001,0080001736,000001
100,0000000869,0002,0080001737,000002
100,0000000870,0001,0080001738,000001
100,0000000870,0002,0080001739,000002
100,0000000871,0001,0080001740,000001
100,0000000871,0002,0080001741,000002
100,0000000872,0001,0080001742,000001
100,0000000872,0002,0080001743,000002
100,0000000873,0001,0080001744,000001
100,0000000873,0002,0080001745,000002
100,0000000874,0001,0080001746,000001
100,0000000874,0002,0080001747,000002
100,0000000875,0001,0080001748,000001
100,0000000875,0002,0080001749,000002
100,0000000876,0001,0080001750,000001
100,0000000876,0002,0080001751,000002
100,0000000877,0001,0080001752,000001
100,0000000877,0002,0080001753,000002
100,0000000878,0001,0080001754,000001
100,0000000878,0002,0080001755,000002
100,0000000879,0001,0080001756,000001
100,0000000879,0002,0080001757,000002
100,0000000880,0001,0080001758,000001
100,0000000880,0002,0080001759,000002
100,0000000881,0001,0080001760,000001
100,0000000881,0002,0080001761,000002
100,0000000882,0001,0080001762,000001
100,0000000882,0002,0080001763,000002
100,0000000883,0001,0080001764,000001
100,0000000883,0002,0080001765,000002
100,0000000884,0001,0080001766,000001
100,0000000884,0002,0080001767,000002
100,0000000885,0001,0080001768,000001
100,0000000885,0002,0080001769,000002
100,0000000886,0001,0080001770,000001
100,0000000886,0002,0080001771,000002
100,0000000887,0001,0080001772,000001
100,0000000887,0002,0080001773,000002
100,0000000888,0001,0080001774,000001
100,0000000888,0002,0080001775,000002
100,0000000889,0001,0080001776,000001
100,0000000889,0002,0080001777,000002
100,0000000890,0001,0080001778,000001
100,0000000890,0002,0080001779,000002
100,0000000891,0001,0080001780,000001
100,0000000891,0002,0080001781,000002
100,0000000892,0001,0080001782,000001
100,0000000892,0002,0080001783,000002
100,0000000893,0001,0080001784,000001
100,0000000893,0002,0080001785,000002
100,0000000894,0001,0080001786,000001
100,0000000894,0002,0080001787,000002
100,0000000895,0001,0080001788,000001
100,0000000895,0002,0080001789,000002
100,0000000896,0001,0080001790,000001
100,0000000896,0002,0080001791,000002
100,0000000897,0001,0080001792,000001
100,0000000897,0002,0080001793,000002
100,0000000898,0001,0080001794,000001
100,0000000898,0002,0080001795,000002
100,0000000899,0001,0080001796,000001
100,0000000899,0002,0080001797,000002
100,0000000900,0001,0080001798,000001
100,0000000900,0002,0080001799,000002
100,0000000901,0001,0080001800,000001
100,0000000901,0002,0080001801,000002
100,0000000902,0001,0080001802,000001
100,0000000902,0002,0080001803,000002
100,0000000903,0001,0080001804,000001
100,0000000903,0002,0080001805,000002
100,0000000904,0001,0080001806,000001
100,0000000904,0002,0080001807,000002
100,0000000905,0001,0080001808,000001
100,0000000905,0002,0080001809,000002
100,0000000906,0001,0080001810,000001
100,0000000906,0002,0080001811,000002
100,0000000907,0001,0080001812,000001
100,0000000907,0002,0080001813,000002
100,0000000908,0001,0080001814,000001
100,0000000908,0002,0080001815,000002
100,0000000909,0001,0080001816,000001
100,0000000909,0002,0080001817,000002
100,0000000910,0001,0080001818,000001
100,0000000910,0002,0080001819,000002
100,0000000911,0001,0080001820,000001
100,0000000911,0002,0080001821,000002
100,0000000912,0001,0080001822,000001
100,0000000912,0002,0080001823,000002
100,0000000913,0001,0080001824,000001
100,0000000913,0002,0080001825,000002
100,0000000914,0001,0080001826,000001
100,0000000914,0002,0080001827,000002
100,0000000915,0001,0080001828,000001
100,0000000915,0002,0080001829,000002
100,0000000916,0001,0080001830,000001
100,0000000916,0002,0080001831,000002
100,0000000917,0001,0080001832,000001
100,0000000917,0002,0080001833,000002
100,0000000918,0001,0080001834,000001
100,0000000918,0002,0080001835,000002
100,0000000919,0001,0080001836,000001
100,0000000919,0002,0080001837,000002
100,0000000920,0001,0080001838,000001
100,0000000920,0002,0080001839,000002
100,0000000921,0001,0080001840,000001
100,0000000921,0002,0080001841,000002
100,0000000922,0001,0080001842,000001
100,0000000922,0002,0080001843,000002
100,0000000923,0001,0080001844,000001
100,0000000923,0002,0080001845,000002
100,0000000924,0001,0080001846,000001
100,0000000924,0002,0080001847,000002
100,0000000925,0001,0080001848,000001
100,0000000925,0002,0080001849,000002
100,0000000926,0001,0080001850,000001
100,0000000926,0002,0080001851,000002
100,0000000927,0001,0080001852,000001
100,0000000927,0002,0080001853,000002
100,0000000928,0001,0080001854,000001
100,0000000928,0002,0080001855,000002
100,0000000929,0001,0080001856,000001
100,0000000929,0002,0080001857,000002
100,0000000930,0001,0080001858,000001
100,0000000930,0002,0080001859,000002
100,0000000931,0001,0080001860,000001
100,0000000931,0002,0080001861,000002
100,0000000932,0001,0080001862,000001
100,0000000932,0002,0080001863,000002
100,0000000933,0001,0080001864,000001
100,0000000933,0002,0080001865,000002
100,0000000934,0001,0080001866,000001
100,0000000934,0002,0080001867,000002
100,0000000935,0001,0080001868,000001
100,0000000935,0002,0080001869,000002
100,0000000936,0001,0080001870,000001
100,0000000936,0002,0080001871,000002
100,0000000937,0001,0080001872,000001
100,0000000937,0002,0080001873,000002
100,0000000938,0001,0080001874,000001
100,0000000938,0002,0080001875,000002
100,0000000939,0001,0080001876,000001
100,0000000939,0002,0080001877,000002
100,0000000940,0001,0080001878,000001
100,0000000940,0002,0080001879,000002
100,0000000941,0001,0080001880,000001
100,0000000941,0002,0080001881,000002
100,0000000942,0001,0080001882,000001
100,0000000942,0002,0080001883,000002
100,0000000943,0001,0080001884,000001
100,0000000943,0002,0080001885,000002
100,0000000944,0001,0080001886,000001
100,0000000944,0002,0080001887,000002
100,0000000945,0001,0080001888,000001
100,0000000945,0002,0080001889,000002
100,0000000946,0001,0080001890,000001
100,0000000946,0002,0080001891,000002
100,0000000947,0001,0080001892,000001
100,0000000947,0002,0080001893,000002
100,0000000948,0001,0080001894,000001
100,0000000948,0002,0080001895,000002
100,0000000949,0001,0080001896,000001
100,0000000949,0002,0080001897,000002
100,0000000950,0001,0080001898,000001
100,0000000950,0002,0080001899,000002
100,0000000951,0001,0080001900,000001
100,0000000951,0002,0080001901,000002
100,0000000952,0001,0080001902,000001
100,0000000952,0002,0080001903,000002
100,0000000953,0001,0080001904,000001
100,0000000953,0002,0080001905,000002
100,0000000954,0001,0080001906,000001
100,0000000954,0002,0080001907,000002
100,0000000955,0001,0080001908,000001
100,0000000955,0002,0080001909,000002
100,0000000956,0001,0080001910,000001
100,0000000956,0002,0080001911,000002
100,0000000957,0001,0080001912,000001
100,0000000957,0002,0080001913,000002
100,0000000958,0001,0080001914,000001
100,0000000958,0002,0080001915,000002
100,0000000959,0001,0080001916,000001
100,0000000959,0002,0080001917,000002
100,0000000960,0001,0080001918,000001
100,0000000960,0002,0080001919,000002
100,0000000961,0001,0080001920,000001
100,0000000961,0002,0080001921,000002
100,0000000962,0001,0080001922,000001
100,0000000962,0002,0080001923,000002
100,0000000963,0001,0080001924,000001
100,0000000963,0002,0080001925,000002
100,0000000964,0001,0080001926,000001
100,0000000964,0002,0080001927,000002
100,0000000965,0001,0080001928,000001
100,0000000965,0002,0080001929,000002
100,0000000966,0001,0080001930,000001
100,0000000966,0002,0080001931,000002
100,0000000967,0001,0080001932,000001
100,0000000967,0002,0080001933,000002
100,0000000968,0001,0080001934,000001
100,0000000968,0002,0080001935,000002
100,0000000969,0001,0080001936,000001
100,0000000969,0002,0080001937,000002
100,0000000970,0001,0080001938,000001
100,0000000970,0002,0080001939,000002
100,0000000971,0001,0080001940,000001
100,0000000971,0002,0080001941,000002
100,0000000972,0001,0080001942,000001
100,0000000972,0002,0080001943,000002
100,0000000973,0001,0080001944,000001
100,0000000973,0002,0080001945,000002
100,0000000974,0001,0080001946,000001
100,0000000974,0002,0080001947,000002
100,0000000975,0001,0080001948,000001
100,0000000975,0002,0080001949,000002
100,0000000976,0001,0080001950,000001
100,0000000976,0002,0080001951,000002
100,0000000977,0001,0080001952,000001
100,0000000977,0002,0080001953,000002
100,0000000978,0001,0080001954,000001
100,0000000978,0002,0080001955,000002
100,0000000979,0001,0080001956,000001
100,0000000979,0002,0080001957,000002
100,0000000980,0001,0080001958,000001
100,0000000980,0002,0080001959,000002
100,0000000981,0001,0080001960,000001
100,0000000981,0002,0080001961,000002
100,0000000982,0001,0080001962,000001
100,0000000982,0002,0080001963,000002
100,0000000983,0001,0080001964,000001
100,0000000983,0002,0080001965,000002
100,0000000984,0001,0080001966,000001
100,0000000984,0002,0080001967,000002
100,0000000985,0001,0080001968,000001
100,0000000985,0002,0080001969,000002
100,0000000986,0001,0080001970,000001
100,0000000986,0002,0080001971,000002
100,0000000987,0001,0080001972,000001
100,0000000987,0002,0080001973,000002
100,0000000988,0001,0080001974,000001
100,0000000988,0002,0080001975,000002
100,0000000989,0001,0080001976,000001
100,0000000989,0002,0080001977,000002
100,0000000990,0001,0080001978,000001
100,0000000990,0002,0080001979,000002
100,0000000991,0001,0080001980,000001
100,0000000991,0002,0080001981,000002
100,0000000992,0001,0080001982,000001
100,0000000992,0002,0080001983,000002
100,0000000993,0001,0080001984,000001
100,0000000993,0002,0080001985,000002
100,0000000994,0001,0080001986,000001
100,0000000994,0002,0080001987,000002
100,0000000995,0001,0080001988,000001
100,0000000995,0002,0080001989,000002
100,0000000996,0001,0080001990,000001
100,0000000996,0002,0080001991,000002
100,0000000997,0001,0080001992,000001
100,0000000997,0002,0080001993,000002
100,0000000998,0001,0080001994,000001
100,0000000998,0002,0080001995,000002
100,0000000999,0001,0080001996,000001
100,0000000999,0002,0080001997,000002
100,0000001000,0001,0080001998,000001
100,0000001000,0002,0080001999,000002
