MANDT,TKNUM,SDABW,VSART,TDLNR,DESSION
100,0000000001,0002,02,0000000168,20241011
100,0000000002,0001,02,0000000060,20220619
100,0000000003,0001,02,0000000159,20230423
100,0000000004,0002,03,0000000056,20220614
100,0000000005,0001,03,0000000053,20240128
100,0000000006,0001,02,0000000147,20241022
100,0000000007,0002,02,0000000039,20240414
100,0000000008,0003,01,0000000016,20231116
100,0000000009,0003,03,0000000004,20240726
100,0000000010,0004,03,0000000117,20240807
100,0000000011,0004,01,0000000026,20221003
100,0000000012,0003,01,0000000072,20221108
100,0000000013,0004,01,0000000021,20220310
100,0000000014,0002,02,0000000164,20240919
100,0000000015,0001,02,0000000037,20241102
100,0000000016,0003,02,0000000021,20240112
100,0000000017,0003,02,0000000160,20220621
100,0000000018,0002,01,0000000024,20240915
100,0000000019,0004,02,0000000101,20240410
100,0000000020,0003,02,0000000137,20241227
100,0000000021,0004,01,0000000153,20241127
100,0000000022,0001,02,0000000153,20220318
100,0000000023,0004,03,0000000154,20240719
100,0000000024,0001,02,0000000100,20240829
100,0000000025,0001,03,0000000029,20221123
100,0000000026,0002,02,0000000159,20240615
100,0000000027,0002,01,0000000114,20240817
100,0000000028,0003,01,0000000009,20220204
100,0000000029,0004,01,0000000055,20220108
100,0000000030,0002,02,0000000076,20240302
100,0000000031,0004,02,0000000138,20230804
100,0000000032,0002,01,0000000144,20241213
100,0000000033,0004,01,0000000038,20220126
100,0000000034,0004,02,0000000138,20241111
100,0000000035,0003,03,0000000079,20241119
100,0000000036,0001,01,0000000085,20231031
100,0000000037,0003,03,0000000091,20240126
100,0000000038,0002,01,0000000081,20220720
100,0000000039,0001,03,0000000158,20230205
100,0000000040,0004,02,0000000108,20230607
100,0000000041,0001,03,0000000116,20240118
100,0000000042,0004,02,0000000044,20240427
100,0000000043,0002,01,0000000136,20220404
100,0000000044,0004,03,0000000163,20221218
100,0000000045,0002,01,0000000032,20240502
100,0000000046,0004,01,0000000083,20230813
100,0000000047,0001,03,0000000001,20220329
100,0000000048,0001,03,0000000162,20230125
100,0000000049,0004,03,0000000174,20240126
100,0000000050,0003,03,0000000186,20220831
100,0000000051,0001,01,0000000124,20240619
100,0000000052,0004,02,0000000130,20240830
100,0000000053,0001,01,0000000107,20220102
100,0000000054,0002,02,0000000139,20220623
100,0000000055,0002,02,0000000080,20241014
100,0000000056,0002,02,0000000146,20240521
100,0000000057,0002,03,0000000135,20241208
100,0000000058,0001,03,0000000156,20240130
100,0000000059,0004,03,0000000182,20230814
100,0000000060,0004,03,0000000137,20230326
100,0000000061,0001,02,0000000060,20230201
100,0000000062,0003,02,0000000006,20220925
100,0000000063,0001,02,0000000146,20240508
100,0000000064,0002,02,0000000142,20241013
100,0000000065,0004,01,0000000196,20220805
100,0000000066,0003,03,0000000038,20221129
100,0000000067,0002,01,0000000060,20220628
100,0000000068,0003,01,0000000158,20220217
100,0000000069,0002,02,0000000063,20231224
100,0000000070,0004,03,0000000131,20220329
100,0000000071,0004,02,0000000147,20230213
100,0000000072,0004,02,0000000146,20240525
100,0000000073,0002,01,0000000169,20220921
100,0000000074,0001,02,0000000119,20231124
100,0000000075,0004,03,0000000062,20220410
100,0000000076,0002,03,0000000199,20220415
100,0000000077,0003,03,0000000037,20221225
100,0000000078,0002,02,0000000170,20240817
100,0000000079,0004,02,0000000141,20240404
100,0000000080,0003,02,0000000019,20230524
100,0000000081,0003,03,0000000144,20230118
100,0000000082,0001,02,0000000022,20230526
100,0000000083,0001,02,0000000052,20230330
100,0000000084,0004,01,0000000018,20220828
100,0000000085,0002,02,0000000177,20230430
100,0000000086,0003,02,0000000086,20230624
100,0000000087,0003,02,0000000094,20220116
100,0000000088,0003,03,0000000011,20230616
100,0000000089,0001,01,0000000190,20240215
100,0000000090,0003,03,0000000148,20241005
100,0000000091,0001,02,0000000040,20221213
100,0000000092,0003,01,0000000021,20240609
100,0000000093,0002,03,0000000115,20221127
100,0000000094,0003,01,0000000114,20220106
100,0000000095,0004,01,0000000070,20240226
100,0000000096,0002,01,0000000132,20240213
100,0000000097,0004,01,0000000115,20220915
100,0000000098,0002,03,0000000075,20241222
100,0000000099,0002,02,0000000187,20221119
100,0000000100,0003,02,0000000165,20230120
100,0000000101,0003,03,0000000075,20240210
100,0000000102,0004,01,0000000191,20220608
100,0000000103,0001,01,0000000200,20230928
100,0000000104,0004,02,0000000058,20240916
100,0000000105,0004,01,0000000137,20230530
100,0000000106,0003,03,0000000074,20220815
100,0000000107,0003,03,0000000013,20231005
100,0000000108,0002,02,0000000087,20240314
100,0000000109,0004,02,0000000072,20220108
100,0000000110,0002,02,0000000011,20221231
100,0000000111,0001,02,0000000032,20240530
100,0000000112,0004,03,0000000126,20231112
100,0000000113,0002,02,0000000049,20220410
100,0000000114,0001,01,0000000190,20230825
100,0000000115,0003,01,0000000025,20240328
100,0000000116,0001,03,0000000182,20240218
100,0000000117,0004,02,0000000177,20230610
100,0000000118,0002,02,0000000074,20220804
100,0000000119,0003,03,0000000187,20240205
100,0000000120,0002,03,0000000192,20230512
100,0000000121,0001,01,0000000148,20230514
100,0000000122,0004,01,0000000171,20230908
100,0000000123,0001,01,0000000013,20221106
100,0000000124,0002,01,0000000060,20220510
100,0000000125,0003,01,0000000160,20230306
100,0000000126,0002,02,0000000076,20220730
100,0000000127,0001,03,0000000095,20231001
100,0000000128,0001,01,0000000164,20230718
100,0000000129,0002,02,0000000174,20220705
100,0000000130,0002,03,0000000187,20240418
100,0000000131,0002,03,0000000085,20230615
100,0000000132,0001,01,0000000072,20220512
100,0000000133,0004,01,0000000098,20220713
100,0000000134,0004,03,0000000164,20240622
100,0000000135,0002,03,0000000109,20240422
100,0000000136,0001,03,0000000061,20230222
100,0000000137,0004,03,0000000196,20241123
100,0000000138,0004,03,0000000120,20240807
100,0000000139,0001,02,0000000148,20240524
100,0000000140,0004,03,0000000032,20240923
100,0000000141,0002,03,0000000027,20240801
100,0000000142,0001,02,0000000148,20240204
100,0000000143,0004,03,0000000029,20240701
100,0000000144,0002,03,0000000044,20240720
100,0000000145,0001,01,0000000158,20231009
100,0000000146,0002,01,0000000146,20230323
100,0000000147,0002,01,0000000198,20240806
100,0000000148,0001,02,0000000002,20221008
100,0000000149,0002,03,0000000040,20220722
100,0000000150,0002,01,0000000090,20220808
100,0000000151,0001,03,0000000026,20220907
100,0000000152,0004,01,0000000021,20230704
100,0000000153,0001,02,0000000066,20240524
100,0000000154,0001,03,0000000072,20221202
100,0000000155,0002,02,0000000162,20231213
100,0000000156,0001,01,0000000173,20220829
100,0000000157,0003,01,0000000061,20230429
100,0000000158,0001,03,0000000144,20240921
100,0000000159,0002,01,0000000188,20241011
100,0000000160,0004,03,0000000062,20231101
100,0000000161,0003,02,0000000187,20240623
100,0000000162,0001,02,0000000109,20231215
100,0000000163,0002,02,0000000059,20241224
100,0000000164,0001,03,0000000107,20220124
100,0000000165,0002,03,0000000114,20241231
100,0000000166,0001,01,0000000053,20241209
100,0000000167,0003,02,0000000035,20231107
100,0000000168,0004,02,0000000161,20221008
100,0000000169,0002,02,0000000179,20220425
100,0000000170,0002,03,0000000052,20231111
100,0000000171,0002,02,0000000141,20240129
100,0000000172,0002,02,0000000052,20230313
100,0000000173,0001,02,0000000152,20230310
100,0000000174,0003,03,0000000031,20240630
100,0000000175,0003,01,0000000115,20231214
100,0000000176,0002,02,0000000143,20230127
100,0000000177,0003,02,0000000014,20221031
100,0000000178,0003,02,0000000073,20240724
100,0000000179,0002,02,0000000061,20220530
100,0000000180,0003,01,0000000173,20220727
100,0000000181,0003,01,0000000060,20230430
100,0000000182,0001,01,0000000117,20220315
100,0000000183,0002,02,0000000060,20240809
100,0000000184,0003,01,0000000011,20230621
100,0000000185,0003,02,0000000027,20220521
100,0000000186,0004,03,0000000189,20221127
100,0000000187,0003,02,0000000151,20230308
100,0000000188,0003,02,0000000067,20220612
100,0000000189,0001,01,0000000119,20230621
100,0000000190,0004,01,0000000089,20230803
100,0000000191,0002,02,0000000009,20240217
100,0000000192,0003,02,0000000061,20220612
100,0000000193,0002,02,0000000118,20230724
100,0000000194,0001,02,0000000057,20221025
100,0000000195,0004,03,0000000091,20230919
100,0000000196,0002,03,0000000072,20230702
100,0000000197,0001,02,0000000048,20241214
100,0000000198,0004,03,0000000008,20241018
100,0000000199,0001,02,0000000169,20230828
100,0000000200,0004,03,0000000157,20240514
100,0000000201,0004,03,0000000007,20220403
100,0000000202,0001,01,0000000021,20231208
100,0000000203,0002,02,0000000035,20231011
100,0000000204,0003,01,0000000024,20230309
100,0000000205,0004,01,0000000109,20240725
100,0000000206,0004,03,0000000052,20220712
100,0000000207,0002,02,0000000117,20220301
100,0000000208,0002,03,0000000065,20230805
100,0000000209,0004,03,0000000175,20230813
100,0000000210,0004,03,0000000074,20230205
100,0000000211,0003,02,0000000098,20230510
100,0000000212,0001,03,0000000177,20220718
100,0000000213,0003,02,0000000069,20230730
100,0000000214,0004,02,0000000032,20230409
100,0000000215,0003,02,0000000152,20241123
100,0000000216,0003,02,0000000051,20221022
100,0000000217,0001,02,0000000150,20220113
100,0000000218,0004,01,0000000195,20240527
100,0000000219,0003,01,0000000064,20220811
100,0000000220,0002,03,0000000187,20230405
100,0000000221,0002,01,0000000145,20220317
100,0000000222,0001,01,0000000157,20230102
100,0000000223,0003,02,0000000113,20231007
100,0000000224,0001,02,0000000079,20220122
100,0000000225,0003,03,0000000104,20240820
100,0000000226,0002,03,0000000164,20230607
100,0000000227,0001,02,0000000138,20220921
100,0000000228,0004,01,0000000200,20221127
100,0000000229,0001,03,0000000166,20230130
100,0000000230,0004,01,0000000083,20240527
100,0000000231,0004,03,0000000094,20230526
100,0000000232,0004,01,0000000024,20241106
100,0000000233,0004,03,0000000186,20230812
100,0000000234,0002,01,0000000134,20240622
100,0000000235,0001,01,0000000128,20240518
100,0000000236,0002,01,0000000001,20240906
100,0000000237,0002,03,0000000116,20240329
100,0000000238,0004,03,0000000067,20240225
100,0000000239,0004,01,0000000024,20220616
100,0000000240,0002,01,0000000092,20220415
100,0000000241,0003,01,0000000112,20230831
100,0000000242,0001,02,0000000166,20241024
100,0000000243,0001,01,0000000167,20220907
100,0000000244,0003,02,0000000143,20221027
100,0000000245,0004,01,0000000060,20220818
100,0000000246,0002,01,0000000114,20241126
100,0000000247,0001,02,0000000115,20230612
100,0000000248,0004,01,0000000099,20231117
100,0000000249,0001,03,0000000095,20240306
100,0000000250,0001,02,0000000029,20221004
100,0000000251,0004,02,0000000042,20240326
100,0000000252,0002,03,0000000132,20240122
100,0000000253,0004,03,0000000051,20230214
100,0000000254,0004,02,0000000170,20231205
100,0000000255,0001,03,0000000116,20240101
100,0000000256,0004,03,0000000034,20240105
100,0000000257,0002,03,0000000032,20230213
100,0000000258,0003,03,0000000017,20240228
100,0000000259,0001,01,0000000127,20240821
100,0000000260,0001,01,0000000179,20230728
100,0000000261,0001,03,0000000155,20220612
100,0000000262,0004,01,0000000199,20240403
100,0000000263,0001,01,0000000055,20230825
100,0000000264,0001,03,0000000072,20240725
100,0000000265,0004,02,0000000024,20221228
100,0000000266,0004,02,0000000028,20230207
100,0000000267,0003,01,0000000169,20241013
100,0000000268,0001,02,0000000019,20230104
100,0000000269,0004,01,0000000130,20220228
100,0000000270,0003,02,0000000130,20240711
100,0000000271,0003,02,0000000101,20230818
100,0000000272,0003,03,0000000161,20240426
100,0000000273,0002,01,0000000172,20221231
100,0000000274,0003,01,0000000046,20230830
100,0000000275,0001,02,0000000039,20240306
100,0000000276,0004,03,0000000116,20220328
100,0000000277,0004,02,0000000056,20241101
100,0000000278,0004,01,0000000182,20220610
100,0000000279,0002,02,0000000101,20230617
100,0000000280,0004,03,0000000047,20240119
100,0000000281,0001,02,0000000070,20231227
100,0000000282,0004,01,0000000006,20230829
100,0000000283,0002,02,0000000156,20240611
100,0000000284,0004,02,0000000076,20230527
100,0000000285,0002,01,0000000113,20221220
100,0000000286,0004,03,0000000035,20240513
100,0000000287,0001,01,0000000164,20241228
100,0000000288,0004,02,0000000093,20231206
100,0000000289,0001,03,0000000077,20241025
100,0000000290,0001,03,0000000084,20240328
100,0000000291,0003,02,0000000076,20240405
100,0000000292,0003,02,0000000105,20220715
100,0000000293,0002,03,0000000018,20240409
100,0000000294,0004,02,0000000116,20220731
100,0000000295,0003,01,0000000182,20220114
100,0000000296,0004,03,0000000054,20230819
100,0000000297,0003,02,0000000103,20240901
100,0000000298,0004,01,0000000082,20221026
100,0000000299,0002,01,0000000021,20221110
100,0000000300,0001,03,0000000162,20231119
100,0000000301,0001,03,0000000195,20230215
100,0000000302,0004,01,0000000094,20230305
100,0000000303,0002,03,0000000136,20241202
100,0000000304,0002,03,0000000026,20221029
100,0000000305,0004,01,0000000122,20230423
100,0000000306,0001,03,0000000176,20220829
100,0000000307,0002,02,0000000181,20220613
100,0000000308,0001,02,0000000118,20220717
100,0000000309,0002,01,0000000018,20230725
100,0000000310,0003,01,0000000043,20230321
100,0000000311,0004,02,0000000017,20220309
100,0000000312,0003,01,0000000060,20230806
100,0000000313,0002,02,0000000096,20240508
100,0000000314,0001,01,0000000162,20230807
100,0000000315,0002,03,0000000107,20230522
100,0000000316,0004,03,0000000056,20220427
100,0000000317,0003,01,0000000095,20231011
100,0000000318,0001,03,0000000126,20231028
100,0000000319,0003,02,0000000072,20240823
100,0000000320,0004,03,0000000134,20241007
100,0000000321,0003,01,0000000154,20240116
100,0000000322,0002,03,0000000022,20220606
100,0000000323,0003,01,0000000165,20240325
100,0000000324,0001,03,0000000084,20230701
100,0000000325,0002,01,0000000032,20240602
100,0000000326,0002,01,0000000085,20231215
100,0000000327,0001,02,0000000029,20220622
100,0000000328,0002,03,0000000044,20240402
100,0000000329,0004,01,0000000073,20230225
100,0000000330,0001,01,0000000042,20230929
100,0000000331,0004,03,0000000050,20240623
100,0000000332,0002,02,0000000125,20230411
100,0000000333,0004,02,0000000125,20241024
100,0000000334,0004,03,0000000099,20240425
100,0000000335,0003,01,0000000054,20220731
100,0000000336,0002,01,0000000078,20220706
100,0000000337,0003,01,0000000009,20240825
100,0000000338,0003,03,0000000116,20230908
100,0000000339,0004,01,0000000185,20240906
100,0000000340,0004,03,0000000074,20240721
100,0000000341,0002,01,0000000200,20230103
100,0000000342,0002,01,0000000174,20230409
100,0000000343,0003,03,0000000170,20220620
100,0000000344,0001,01,0000000084,20221216
100,0000000345,0003,02,0000000015,20221107
100,0000000346,0004,01,0000000009,20221105
100,0000000347,0004,03,0000000085,20220714
100,0000000348,0002,02,0000000021,20240209
100,0000000349,0004,01,0000000163,20230825
100,0000000350,0004,03,0000000123,20240205
100,0000000351,0002,02,0000000158,20220606
100,0000000352,0001,03,0000000149,20230325
100,0000000353,0003,03,0000000024,20230409
100,0000000354,0001,01,0000000170,20220521
100,0000000355,0004,03,0000000066,20240205
100,0000000356,0002,02,0000000149,20230710
100,0000000357,0002,02,0000000019,20220111
100,0000000358,0002,03,0000000033,20240219
100,0000000359,0004,01,0000000088,20220402
100,0000000360,0002,02,0000000041,20240306
100,0000000361,0001,03,0000000019,20240102
100,0000000362,0004,02,0000000085,20240106
100,0000000363,0002,01,0000000010,20240704
100,0000000364,0004,02,0000000055,20230209
100,0000000365,0004,02,0000000023,20221223
100,0000000366,0004,01,0000000009,20240129
100,0000000367,0002,01,0000000036,20240827
100,0000000368,0003,02,0000000033,20231104
100,0000000369,0002,02,0000000005,20231102
100,0000000370,0001,01,0000000010,20230910
100,0000000371,0003,03,0000000199,20230104
100,0000000372,0004,03,0000000195,20221225
100,0000000373,0003,02,0000000170,20230815
100,0000000374,0001,02,0000000129,20240924
100,0000000375,0003,02,0000000148,20220228
100,0000000376,0002,03,0000000118,20240218
100,0000000377,0004,01,0000000085,20230505
100,0000000378,0004,03,0000000034,20240527
100,0000000379,0002,01,0000000165,20231221
100,0000000380,0001,03,0000000073,20230608
100,0000000381,0002,01,0000000016,20240604
100,0000000382,0002,01,0000000006,20230117
100,0000000383,0001,01,0000000011,20220801
100,0000000384,0002,01,0000000058,20240708
100,0000000385,0004,03,0000000032,20230629
100,0000000386,0004,02,0000000197,20241009
100,0000000387,0003,02,0000000064,20230823
100,0000000388,0003,01,0000000192,20220801
100,0000000389,0004,03,0000000151,20230602
100,0000000390,0003,03,0000000092,20231108
100,0000000391,0004,01,0000000039,20220416
100,0000000392,0003,02,0000000117,20230412
100,0000000393,0003,02,0000000163,20220202
100,0000000394,0002,02,0000000011,20240101
100,0000000395,0004,03,0000000072,20240508
100,0000000396,0002,02,0000000038,20240226
100,0000000397,0001,01,0000000034,20241210
100,0000000398,0003,02,0000000036,20220104
100,0000000399,0002,02,0000000095,20220820
100,0000000400,0002,02,0000000153,20230920
100,0000000401,0003,03,0000000171,20231225
100,0000000402,0001,02,0000000107,20241206
100,0000000403,0002,01,0000000049,20230117
100,0000000404,0002,02,0000000014,20221016
100,0000000405,0002,02,0000000123,20220323
100,0000000406,0004,03,0000000007,20230813
100,0000000407,0002,01,0000000058,20231009
100,0000000408,0002,03,0000000126,20240911
100,0000000409,0003,02,0000000063,20240429
100,0000000410,0004,02,0000000131,20221031
100,0000000411,0001,02,0000000194,20230904
100,0000000412,0003,03,0000000012,20240402
100,0000000413,0002,03,0000000025,20230507
100,0000000414,0002,03,0000000181,20230526
100,0000000415,0001,01,0000000090,20240827
100,0000000416,0001,03,0000000175,20221010
100,0000000417,0003,01,0000000129,20221111
100,0000000418,0002,03,0000000168,20230731
100,0000000419,0003,01,0000000139,20220319
100,0000000420,0003,03,0000000082,20240719
100,0000000421,0002,03,0000000103,20230804
100,0000000422,0003,03,0000000050,20241019
100,0000000423,0002,02,0000000085,20240417
100,0000000424,0003,02,0000000087,20231106
100,0000000425,0003,03,0000000089,20231011
100,0000000426,0001,02,0000000044,20240128
100,0000000427,0001,02,0000000200,20240724
100,0000000428,0004,03,0000000089,20240527
100,0000000429,0002,02,0000000135,20230918
100,0000000430,0001,01,0000000165,20241013
100,0000000431,0004,02,0000000156,20220620
100,0000000432,0004,03,0000000163,20230801
100,0000000433,0001,02,0000000017,20230607
100,0000000434,0001,03,0000000132,20220616
100,0000000435,0003,03,0000000150,20220909
100,0000000436,0001,01,0000000177,20240507
100,0000000437,0001,02,0000000072,20230318
100,0000000438,0004,01,0000000195,20230528
100,0000000439,0002,01,0000000048,20220509
100,0000000440,0004,01,0000000057,20221010
100,0000000441,0001,03,0000000077,20241119
100,0000000442,0002,01,0000000026,20230623
100,0000000443,0001,01,0000000028,20230828
100,0000000444,0004,02,0000000167,20220617
100,0000000445,0004,01,0000000101,20220610
100,0000000446,0001,02,0000000027,20240910
100,0000000447,0002,03,0000000146,20221220
100,0000000448,0004,01,0000000046,20230401
100,0000000449,0003,03,0000000003,20240313
100,0000000450,0003,03,0000000191,20220329
100,0000000451,0001,02,0000000143,20240407
100,0000000452,0004,03,0000000109,20220620
100,0000000453,0003,01,0000000194,20220802
100,0000000454,0003,01,0000000181,20230108
100,0000000455,0003,03,0000000098,20240822
100,0000000456,0004,02,0000000073,20230131
100,0000000457,0002,01,0000000070,20220819
100,0000000458,0004,01,0000000175,20221121
100,0000000459,0003,03,0000000002,20220311
100,0000000460,0004,01,0000000098,20220815
100,0000000461,0004,02,0000000098,20230201
100,0000000462,0003,03,0000000191,20221215
100,0000000463,0003,03,0000000095,20240303
100,0000000464,0002,02,0000000159,20241024
100,0000000465,0003,01,0000000059,20230412
100,0000000466,0001,01,0000000156,20240610
100,0000000467,0003,01,0000000109,20220625
100,0000000468,0001,01,0000000130,20220526
100,0000000469,0002,01,0000000057,20240123
100,0000000470,0001,03,0000000070,20240329
100,0000000471,0001,01,0000000132,20230510
100,0000000472,0002,03,0000000074,20230529
100,0000000473,0002,01,0000000152,20230917
100,0000000474,0001,01,0000000016,20230107
100,0000000475,0002,01,0000000039,20220225
100,0000000476,0001,02,0000000111,20220728
100,0000000477,0001,03,0000000008,20240314
100,0000000478,0003,01,0000000165,20230320
100,0000000479,0001,02,0000000088,20230203
100,0000000480,0003,03,0000000199,20240301
100,0000000481,0002,02,0000000020,20230801
100,0000000482,0002,02,0000000050,20241110
100,0000000483,0002,03,0000000001,20241007
100,0000000484,0002,02,0000000160,20220621
100,0000000485,0004,01,0000000144,20240215
100,0000000486,0004,01,0000000114,20230208
100,0000000487,0001,02,0000000122,20240106
100,0000000488,0003,03,0000000086,20230905
100,0000000489,0002,03,0000000035,20221111
100,0000000490,0002,03,0000000198,20230213
100,0000000491,0004,03,0000000015,20230729
100,0000000492,0002,01,0000000162,20240618
100,0000000493,0004,01,0000000045,20221024
100,0000000494,0004,02,0000000188,20220707
100,0000000495,0001,03,0000000035,20241103
100,0000000496,0002,01,0000000178,20241120
100,0000000497,0003,01,0000000147,20241010
100,0000000498,0002,01,0000000182,20230216
100,0000000499,0004,01,0000000056,20230104
100,0000000500,0004,01,0000000130,20240812
100,0000000501,0001,03,0000000023,20230115
100,0000000502,0003,02,0000000040,20240118
100,0000000503,0002,01,0000000081,20230329
100,0000000504,0001,02,0000000024,20240613
100,0000000505,0004,03,0000000111,20231212
100,0000000506,0002,03,0000000098,20240902
100,0000000507,0002,01,0000000124,20220617
100,0000000508,0001,01,0000000090,20240918
100,0000000509,0004,02,0000000057,20230626
100,0000000510,0002,01,0000000089,20230820
100,0000000511,0003,01,0000000110,20221215
100,0000000512,0002,01,0000000031,20231014
100,0000000513,0004,03,0000000037,20221221
100,0000000514,0001,01,0000000177,20221125
100,0000000515,0004,02,0000000151,20240106
100,0000000516,0004,01,0000000062,20220325
100,0000000517,0004,02,0000000171,20240618
100,0000000518,0001,03,0000000170,20220603
100,0000000519,0002,03,0000000168,20240126
100,0000000520,0001,02,0000000030,20220816
100,0000000521,0004,03,0000000118,20230629
100,0000000522,0003,03,0000000087,20230808
100,0000000523,0001,02,0000000056,20230919
100,0000000524,0003,02,0000000199,20241229
100,0000000525,0002,01,0000000133,20241125
100,0000000526,0004,03,0000000116,20230817
100,0000000527,0004,03,0000000113,20241218
100,0000000528,0002,02,0000000046,20230109
100,0000000529,0004,01,0000000186,20240623
100,0000000530,0004,01,0000000165,20240102
100,0000000531,0001,03,0000000157,20240507
100,0000000532,0003,02,0000000048,20240707
100,0000000533,0001,01,0000000049,20240324
100,0000000534,0003,01,0000000087,20241031
100,0000000535,0002,03,0000000129,20230320
100,0000000536,0004,01,0000000035,20241119
100,0000000537,0001,02,0000000195,20220214
100,0000000538,0001,03,0000000058,20220215
100,0000000539,0001,01,0000000181,20230119
100,0000000540,0002,02,0000000081,20241123
100,0000000541,0001,03,0000000179,20230329
100,0000000542,0002,01,0000000014,20231222
100,0000000543,0001,03,0000000200,20220426
100,0000000544,0003,03,0000000089,20231227
100,0000000545,0001,03,0000000181,20221212
100,0000000546,0002,03,0000000198,20220814
100,0000000547,0001,02,0000000082,20220802
100,0000000548,0002,02,0000000144,20221214
100,0000000549,0002,01,0000000118,20220116
100,0000000550,0003,03,0000000123,20231028
100,0000000551,0004,01,0000000134,20230429
100,0000000552,0003,03,0000000035,20231103
100,0000000553,0004,01,0000000110,20230220
100,0000000554,0003,03,0000000073,20230225
100,0000000555,0002,03,0000000135,20221223
100,0000000556,0002,01,0000000078,20220423
100,0000000557,0001,02,0000000048,20221108
100,0000000558,0004,02,0000000084,20220802
100,0000000559,0002,03,0000000088,20230405
100,0000000560,0002,02,0000000025,20231112
100,0000000561,0001,01,0000000028,20220816
100,0000000562,0001,02,0000000111,20230530
100,0000000563,0001,02,0000000024,20220822
100,0000000564,0001,02,0000000085,20240123
100,0000000565,0003,03,0000000049,20230820
100,0000000566,0002,03,0000000005,20221213
100,0000000567,0001,02,0000000141,20230117
100,0000000568,0004,03,0000000041,20230717
100,0000000569,0002,01,0000000148,20241219
100,0000000570,0003,02,0000000141,20230819
100,0000000571,0001,03,0000000021,20231211
100,0000000572,0001,03,0000000074,20221124
100,0000000573,0003,01,0000000068,20231117
100,0000000574,0004,03,0000000086,20220729
100,0000000575,0004,01,0000000098,20230916
100,0000000576,0001,02,0000000082,20230520
100,0000000577,0002,01,0000000077,20220219
100,0000000578,0001,01,0000000126,20240730
100,0000000579,0001,01,0000000196,20230906
100,0000000580,0004,03,0000000051,20231006
100,0000000581,0001,01,0000000091,20220707
100,0000000582,0003,02,0000000009,20230526
100,0000000583,0004,01,0000000039,20220205
100,0000000584,0001,02,0000000059,20241020
100,0000000585,0002,02,0000000026,20240416
100,0000000586,0002,03,0000000160,20240419
100,0000000587,0004,02,0000000097,20240516
100,0000000588,0004,01,0000000113,20220605
100,0000000589,0001,03,0000000104,20230108
100,0000000590,0001,03,0000000003,20231004
100,0000000591,0001,02,0000000063,20240304
100,0000000592,0003,03,0000000187,20230614
100,0000000593,0002,03,0000000025,20241006
100,0000000594,0001,01,0000000108,20240429
100,0000000595,0002,02,0000000151,20220205
100,0000000596,0002,01,0000000070,20240402
100,0000000597,0003,01,0000000027,20220103
100,0000000598,0003,03,0000000022,20220828
100,0000000599,0001,03,0000000165,20240326
100,0000000600,0002,03,0000000046,20230612
100,0000000601,0004,01,0000000111,20240103
100,0000000602,0003,02,0000000184,20220202
100,0000000603,0004,01,0000000083,20240901
100,0000000604,0004,02,0000000089,20220703
100,0000000605,0002,01,0000000057,20221226
100,0000000606,0002,03,0000000133,20230318
100,0000000607,0004,01,0000000068,20240319
100,0000000608,0004,01,0000000184,20240904
100,0000000609,0004,01,0000000061,20230215
100,0000000610,0003,01,0000000189,20220517
100,0000000611,0001,02,0000000062,20230326
100,0000000612,0001,02,0000000080,20220528
100,0000000613,0004,03,0000000188,20230523
100,0000000614,0002,03,0000000192,20220505
100,0000000615,0004,03,0000000093,20230424
100,0000000616,0003,01,0000000159,20240504
100,0000000617,0003,02,0000000140,20241127
100,0000000618,0004,03,0000000169,20230214
100,0000000619,0003,01,0000000089,20230411
100,0000000620,0004,03,0000000025,20220515
100,0000000621,0004,02,0000000142,20230913
100,0000000622,0001,03,0000000181,20240228
100,0000000623,0001,01,0000000072,20221219
100,0000000624,0003,02,0000000101,20241130
100,0000000625,0003,01,0000000012,20230426
100,0000000626,0002,02,0000000052,20240228
100,0000000627,0001,03,0000000180,20230512
100,0000000628,0001,03,0000000013,20230522
100,0000000629,0004,02,0000000009,20240119
100,0000000630,0001,01,0000000152,20240926
100,0000000631,0004,01,0000000069,20230413
100,0000000632,0004,01,0000000136,20240322
100,0000000633,0001,01,0000000101,20220713
100,0000000634,0001,01,0000000055,20221127
100,0000000635,0002,02,0000000118,20220530
100,0000000636,0003,03,0000000187,20220223
100,0000000637,0002,01,0000000045,20230807
100,0000000638,0001,01,0000000150,20220425
100,0000000639,0004,03,0000000193,20220423
100,0000000640,0003,03,0000000124,20230414
100,0000000641,0004,02,0000000180,20220524
100,0000000642,0004,02,0000000005,20241201
100,0000000643,0001,02,0000000114,20230111
100,0000000644,0003,02,0000000146,20220919
100,0000000645,0001,01,0000000158,20240223
100,0000000646,0004,02,0000000039,20230924
100,0000000647,0003,01,0000000197,20221128
100,0000000648,0004,03,0000000187,20220721
100,0000000649,0003,02,0000000028,20220223
100,0000000650,0002,02,0000000057,20220607
100,0000000651,0002,02,0000000071,20240603
100,0000000652,0003,03,0000000193,20230807
100,0000000653,0002,01,0000000014,20240206
100,0000000654,0004,02,0000000129,20231223
100,0000000655,0003,03,0000000183,20230129
100,0000000656,0002,02,0000000030,20230218
100,0000000657,0003,02,0000000138,20240120
100,0000000658,0001,01,0000000133,20240626
100,0000000659,0004,01,0000000195,20230814
100,0000000660,0003,02,0000000199,20220724
100,0000000661,0001,03,0000000164,20220215
100,0000000662,0003,03,0000000154,20220716
100,0000000663,0004,03,0000000135,20241211
100,0000000664,0002,03,0000000091,20240614
100,0000000665,0003,03,0000000109,20220813
100,0000000666,0004,03,0000000135,20220804
100,0000000667,0003,03,0000000026,20221105
100,0000000668,0002,01,0000000195,20240529
100,0000000669,0002,01,0000000076,20240717
100,0000000670,0002,03,0000000094,20230608
100,0000000671,0003,02,0000000104,20221201
100,0000000672,0004,03,0000000095,20231017
100,0000000673,0004,02,0000000057,20230924
100,0000000674,0004,03,0000000026,20240425
100,0000000675,0001,02,0000000056,20231016
100,0000000676,0002,03,0000000150,20240411
100,0000000677,0002,03,0000000045,20240620
100,0000000678,0001,02,0000000101,20230727
100,0000000679,0002,03,0000000061,20230204
100,0000000680,0001,01,0000000114,20240113
100,0000000681,0002,03,0000000181,20240214
100,0000000682,0001,03,0000000041,20221104
100,0000000683,0002,01,0000000034,20230902
100,0000000684,0002,01,0000000110,20230315
100,0000000685,0001,02,0000000086,20231211
100,0000000686,0002,02,0000000075,20230404
100,0000000687,0002,02,0000000139,20241027
100,0000000688,0002,03,0000000157,20220126
100,0000000689,0001,03,0000000192,20240809
100,0000000690,0002,03,0000000025,20230501
100,0000000691,0001,03,0000000071,20241205
100,0000000692,0004,03,0000000027,20220607
100,0000000693,0003,03,0000000017,20240927
100,0000000694,0004,03,0000000073,20221211
100,0000000695,0004,03,0000000156,20230107
100,0000000696,0003,01,0000000162,20230306
100,0000000697,0003,01,0000000171,20240611
100,0000000698,0004,02,0000000009,20220811
100,0000000699,0001,01,0000000167,20240603
100,0000000700,0001,01,0000000093,20220328
100,0000000701,0003,03,0000000178,20230903
100,0000000702,0001,03,0000000160,20220315
100,0000000703,0004,03,0000000062,20221006
100,0000000704,0004,01,0000000168,20230105
100,0000000705,0001,02,0000000117,20240418
100,0000000706,0004,03,0000000015,20230417
100,0000000707,0004,01,0000000190,20220204
100,0000000708,0001,01,0000000081,20240519
100,0000000709,0004,01,0000000153,20220406
100,0000000710,0001,01,0000000100,20220809
100,0000000711,0004,02,0000000180,20231120
100,0000000712,0002,03,0000000128,20240721
100,0000000713,0002,03,0000000160,20220724
100,0000000714,0003,02,0000000103,20240827
100,0000000715,0001,01,0000000014,20240714
100,0000000716,0001,01,0000000138,20220808
100,0000000717,0003,02,0000000153,20230318
100,0000000718,0004,02,0000000073,20240701
100,0000000719,0002,01,0000000145,20221203
100,0000000720,0001,03,0000000120,20241108
100,0000000721,0004,01,0000000009,20230428
100,0000000722,0004,01,0000000152,20241116
100,0000000723,0002,03,0000000187,20230917
100,0000000724,0004,02,0000000019,20220625
100,0000000725,0004,01,0000000152,20240803
100,0000000726,0003,01,0000000140,20230222
100,0000000727,0003,03,0000000089,20240615
100,0000000728,0003,01,0000000113,20230125
100,0000000729,0002,01,0000000029,20220222
100,0000000730,0003,02,0000000008,20220627
100,0000000731,0004,01,0000000099,20220901
100,0000000732,0002,02,0000000022,20230303
100,0000000733,0002,02,0000000103,20221106
100,0000000734,0004,03,0000000131,20241102
100,0000000735,0004,01,0000000178,20240725
100,0000000736,0003,02,0000000031,20230103
100,0000000737,0004,01,0000000170,20240329
100,0000000738,0002,01,0000000042,20220309
100,0000000739,0004,01,0000000088,20220201
100,0000000740,0003,02,0000000017,20220413
100,0000000741,0003,02,0000000133,20220410
100,0000000742,0002,01,0000000004,20230720
100,0000000743,0002,02,0000000125,20240906
100,0000000744,0002,03,0000000020,20220416
100,0000000745,0001,01,0000000162,20221027
100,0000000746,0003,03,0000000093,20220827
100,0000000747,0004,02,0000000069,20240507
100,0000000748,0001,02,0000000037,20240221
100,0000000749,0002,02,0000000069,20240812
100,0000000750,0003,01,0000000191,20240817
100,0000000751,0001,03,0000000163,20220518
100,0000000752,0003,01,0000000044,20220615
100,0000000753,0002,01,0000000154,20230822
100,0000000754,0003,03,0000000080,20231203
100,0000000755,0003,02,0000000173,20240527
100,0000000756,0001,02,0000000138,20231021
100,0000000757,0002,03,0000000140,20230212
100,0000000758,0001,03,0000000053,20230726
100,0000000759,0001,03,0000000038,20230316
100,0000000760,0001,03,0000000050,20220516
100,0000000761,0004,02,0000000038,20241010
100,0000000762,0003,03,0000000029,20220914
100,0000000763,0003,03,0000000126,20241209
100,0000000764,0002,02,0000000134,20220926
100,0000000765,0004,01,0000000162,20241017
100,0000000766,0004,02,0000000082,20231124
100,0000000767,0004,02,0000000020,20230513
100,0000000768,0004,01,0000000141,20240821
100,0000000769,0003,01,0000000137,20241010
100,0000000770,0003,01,0000000136,20220707
100,0000000771,0004,03,0000000169,20240408
100,0000000772,0002,01,0000000030,20230913
100,0000000773,0002,02,0000000079,20240327
100,0000000774,0004,03,0000000172,20241225
100,0000000775,0002,03,0000000190,20230606
100,0000000776,0004,01,0000000007,20230925
100,0000000777,0004,03,0000000074,20231028
100,0000000778,0002,03,0000000051,20221210
100,0000000779,0001,03,0000000048,20220701
100,0000000780,0001,03,0000000100,20241028
100,0000000781,0002,03,0000000189,20240512
100,0000000782,0002,01,0000000089,20220828
100,0000000783,0002,01,0000000162,20240823
100,0000000784,0004,03,0000000026,20240525
100,0000000785,0003,03,0000000167,20220421
100,0000000786,0002,02,0000000191,20220423
100,0000000787,0001,02,0000000015,20220421
100,0000000788,0003,03,0000000126,20231201
100,0000000789,0002,01,0000000136,20220111
100,0000000790,0001,01,0000000109,20230921
100,0000000791,0001,02,0000000114,20230220
100,0000000792,0004,03,0000000165,20240514
100,0000000793,0004,03,0000000107,20241026
100,0000000794,0003,03,0000000099,20241230
100,0000000795,0003,02,0000000044,20221024
100,0000000796,0001,02,0000000050,20230506
100,0000000797,0004,03,0000000122,20240308
100,0000000798,0003,01,0000000113,20220329
100,0000000799,0002,01,0000000147,20240909
100,0000000800,0003,02,0000000179,20230811
100,0000000801,0004,03,0000000054,20230423
100,0000000802,0002,02,0000000085,20230925
100,0000000803,0001,03,0000000060,20221027
100,0000000804,0002,03,0000000199,20240827
100,0000000805,0004,02,0000000103,20240827
100,0000000806,0004,02,0000000047,20231112
100,0000000807,0003,03,0000000173,20240728
100,0000000808,0003,03,0000000099,20230210
100,0000000809,0004,03,0000000116,20240819
100,0000000810,0003,03,0000000097,20240802
100,0000000811,0004,02,0000000167,20220517
100,0000000812,0003,02,0000000031,20240421
100,0000000813,0003,03,0000000161,20230914
100,0000000814,0002,03,0000000052,20230924
100,0000000815,0001,02,0000000126,20240330
100,0000000816,0001,01,0000000109,20230611
100,0000000817,0004,03,0000000154,20221019
100,0000000818,0004,02,0000000046,20221228
100,0000000819,0003,01,0000000056,20220415
100,0000000820,0003,02,0000000160,20221002
100,0000000821,0001,02,0000000185,20241029
100,0000000822,0003,03,0000000193,20220927
100,0000000823,0004,01,0000000084,20240611
100,0000000824,0004,02,0000000187,20230320
100,0000000825,0003,01,0000000042,20230616
100,0000000826,0003,02,0000000023,20230717
100,0000000827,0001,01,0000000052,20220124
100,0000000828,0001,03,0000000094,20241206
100,0000000829,0003,03,0000000152,20241016
100,0000000830,0002,02,0000000123,20240217
100,0000000831,0004,03,0000000125,20220807
100,0000000832,0004,02,0000000152,20230610
100,0000000833,0003,02,0000000104,20241103
100,0000000834,0003,03,0000000149,20220414
100,0000000835,0003,03,0000000139,20220624
100,0000000836,0002,03,0000000056,20221122
100,0000000837,0002,03,0000000156,20220614
100,0000000838,0002,02,0000000114,20231010
100,0000000839,0004,02,0000000036,20230218
100,0000000840,0003,02,0000000138,20220730
100,0000000841,0002,02,0000000107,20220125
100,0000000842,0003,02,0000000159,20240117
100,0000000843,0004,01,0000000099,20240404
100,0000000844,0003,03,0000000132,20220420
100,0000000845,0001,01,0000000196,20240407
100,0000000846,0004,02,0000000015,20240417
100,0000000847,0001,02,0000000183,20240126
100,0000000848,0004,01,0000000080,20230709
100,0000000849,0003,02,0000000098,20240526
100,0000000850,0002,02,0000000132,20240722
100,0000000851,0003,03,0000000135,20230803
100,0000000852,0002,03,0000000033,20240422
100,0000000853,0002,01,0000000179,20230605
100,0000000854,0002,01,0000000045,20220321
100,0000000855,0001,02,0000000108,20240115
100,0000000856,0003,03,0000000082,20220829
100,0000000857,0004,02,0000000003,20230919
100,0000000858,0003,03,0000000133,20240819
100,0000000859,0003,02,0000000076,20241204
100,0000000860,0002,01,0000000099,20240821
100,0000000861,0004,01,0000000155,20240614
100,0000000862,0003,01,0000000108,20220925
100,0000000863,0001,02,0000000109,20220302
100,0000000864,0002,03,0000000133,20221206
100,0000000865,0001,01,0000000006,20240812
100,0000000866,0004,01,0000000192,20231207
100,0000000867,0004,03,0000000184,20220916
100,0000000868,0002,03,0000000031,20240830
100,0000000869,0002,01,0000000065,20220825
100,0000000870,0002,02,0000000162,20230530
100,0000000871,0002,02,0000000017,20230718
100,0000000872,0001,03,0000000076,20230926
100,0000000873,0004,02,0000000145,20220325
100,0000000874,0001,02,0000000141,20220308
100,0000000875,0002,02,0000000003,20240914
100,0000000876,0004,01,0000000186,20240122
100,0000000877,0002,03,0000000127,20220813
100,0000000878,0002,01,0000000198,20240818
100,0000000879,0004,02,0000000073,20220814
100,0000000880,0001,02,0000000099,20231119
100,0000000881,0004,02,0000000112,20221219
100,0000000882,0001,03,0000000073,20221225
100,0000000883,0001,01,0000000168,20240617
100,0000000884,0001,03,0000000074,20230208
100,0000000885,0004,01,0000000154,20231110
100,0000000886,0004,02,0000000007,20220929
100,0000000887,0004,03,0000000179,20230219
100,0000000888,0003,01,0000000114,20230816
100,0000000889,0001,03,0000000009,20230211
100,0000000890,0003,01,0000000037,20240411
100,0000000891,0001,02,0000000188,20220912
100,0000000892,0001,02,0000000190,20221020
100,0000000893,0003,02,0000000010,20231212
100,0000000894,0003,01,0000000022,20240322
100,0000000895,0004,03,0000000121,20231008
100,0000000896,0004,02,0000000200,20241230
100,0000000897,0001,03,0000000144,20231231
100,0000000898,0003,03,0000000078,20221007
100,0000000899,0003,02,0000000028,20220923
100,0000000900,0003,01,0000000107,20220802
100,0000000901,0003,01,0000000115,20240806
100,0000000902,0004,02,0000000110,20221119
100,0000000903,0004,03,0000000061,20230225
100,0000000904,0002,03,0000000141,20240907
100,0000000905,0001,01,0000000076,20230709
100,0000000906,0002,01,0000000081,20221220
100,0000000907,0001,01,0000000051,20240524
100,0000000908,0001,02,0000000037,20220204
100,0000000909,0003,03,0000000132,20230317
100,0000000910,0001,01,0000000189,20231029
100,0000000911,0001,01,0000000010,20221128
100,0000000912,0001,01,0000000034,20240831
100,0000000913,0001,02,0000000194,20220815
100,0000000914,0004,02,0000000061,20231102
100,0000000915,0004,03,0000000022,20240723
100,0000000916,0001,03,0000000005,20220930
100,0000000917,0002,01,0000000107,20240815
100,0000000918,0001,01,0000000115,20231118
100,0000000919,0003,03,0000000075,20240708
100,0000000920,0001,01,0000000104,20220822
100,0000000921,0003,02,0000000085,20221028
100,0000000922,0003,03,0000000185,20231211
100,0000000923,0004,01,0000000008,20241205
100,0000000924,0001,03,0000000020,20230104
100,0000000925,0002,01,0000000097,20230609
100,0000000926,0004,03,0000000127,20230823
100,0000000927,0002,02,0000000186,20230617
100,0000000928,0002,02,0000000036,20220924
100,0000000929,0002,02,0000000064,20220907
100,0000000930,0002,03,0000000118,20240728
100,0000000931,0003,01,0000000139,20230714
100,0000000932,0001,03,0000000197,20221009
100,0000000933,0002,02,0000000006,20220401
100,0000000934,0001,03,0000000196,20220101
100,0000000935,0004,02,0000000172,20230217
100,0000000936,0001,03,0000000045,20220914
100,0000000937,0003,01,0000000080,20221115
100,0000000938,0003,02,0000000157,20240714
100,0000000939,0004,01,0000000120,20240202
100,0000000940,0002,03,0000000033,20221102
100,0000000941,0003,01,0000000048,20241025
100,0000000942,0002,01,0000000007,20230211
100,0000000943,0001,03,0000000038,20240706
100,0000000944,0002,03,0000000033,20220503
100,0000000945,0003,03,0000000132,20230317
100,0000000946,0001,02,0000000139,20240112
100,0000000947,0003,01,0000000114,20220123
100,0000000948,0002,03,0000000086,20220901
100,0000000949,0004,01,0000000017,20240803
100,0000000950,0003,02,0000000026,20220829
100,0000000951,0004,01,0000000042,20230310
100,0000000952,0002,01,0000000011,20241113
100,0000000953,0001,01,0000000033,20220826
100,0000000954,0002,03,0000000037,20220509
100,0000000955,0004,01,0000000029,20231030
100,0000000956,0002,03,0000000162,20220618
100,0000000957,0004,02,0000000025,20220329
100,0000000958,0004,02,0000000132,20231215
100,0000000959,0001,03,0000000163,20230111
100,0000000960,0004,03,0000000132,20240309
100,0000000961,0003,03,0000000109,20220221
100,0000000962,0003,01,0000000060,20241209
100,0000000963,0003,01,0000000012,20221102
100,0000000964,0002,03,0000000040,20220312
100,0000000965,0002,03,0000000123,20240203
100,0000000966,0003,02,0000000168,20221215
100,0000000967,0003,02,0000000005,20240511
100,0000000968,0004,03,0000000135,20221008
100,0000000969,0001,03,0000000078,20240602
100,0000000970,0001,01,0000000146,20220119
100,0000000971,0004,01,0000000103,20231115
100,0000000972,0002,01,0000000102,20230710
100,0000000973,0003,02,0000000070,20220529
100,0000000974,0004,01,0000000189,20221125
100,0000000975,0004,03,0000000167,20220924
100,0000000976,0004,03,0000000091,20240925
100,0000000977,0004,02,0000000101,20240605
100,0000000978,0003,03,0000000088,20241109
100,0000000979,0004,02,0000000021,20220810
100,0000000980,0004,02,0000000030,20220101
100,0000000981,0002,01,0000000067,20231106
100,0000000982,0002,03,0000000177,20220607
100,0000000983,0002,01,0000000154,20240730
100,0000000984,0002,02,0000000122,20231128
100,0000000985,0003,01,0000000103,20231028
100,0000000986,0004,03,0000000104,20240627
100,0000000987,0002,03,0000000118,20241008
100,0000000988,0003,01,0000000093,20221007
100,0000000989,0002,02,0000000117,20240728
100,0000000990,0001,02,0000000041,20230917
100,0000000991,0004,03,0000000017,20240604
100,0000000992,0004,02,0000000004,20220722
100,0000000993,0001,01,0000000147,20240405
100,0000000994,0004,02,0000000077,20231208
100,0000000995,0001,01,0000000071,20230427
100,0000000996,0003,01,0000000193,20220610
100,0000000997,0004,02,0000000059,20240802
100,0000000998,0002,03,0000000171,20241123
100,0000000999,0004,03,0000000064,20230213
100,0000001000,0002,02,0000000127,20230601
100,0000001001,0004,03,0000000065,20220114
100,0000001002,0002,02,0000000114,20241219
100,0000001003,0002,01,0000000149,20240312
100,0000001004,0004,01,0000000171,20230805
100,0000001005,0004,01,0000000144,20220909
100,0000001006,0003,03,0000000105,20230604
100,0000001007,0004,01,0000000121,20220317
100,0000001008,0001,03,0000000191,20230801
100,0000001009,0001,03,0000000144,20220116
100,0000001010,0002,02,0000000149,20240615
100,0000001011,0001,03,0000000129,20241226
100,0000001012,0003,01,0000000105,20220418
100,0000001013,0003,02,0000000111,20230709
100,0000001014,0001,03,0000000062,20240823
100,0000001015,0002,02,0000000003,20221210
100,0000001016,0002,03,0000000159,20220509
100,0000001017,0004,02,0000000121,20230627
100,0000001018,0004,03,0000000006,20230224
100,0000001019,0004,02,0000000065,20230506
100,0000001020,0001,03,0000000185,20230707
100,0000001021,0003,01,0000000013,20230113
100,0000001022,0004,01,0000000005,20230408
100,0000001023,0003,01,0000000078,20240524
100,0000001024,0003,03,0000000117,20240112
100,0000001025,0002,03,0000000059,20220801
100,0000001026,0004,02,0000000141,20241024
100,0000001027,0001,02,0000000171,20220416
100,0000001028,0001,02,0000000029,20231124
100,0000001029,0003,03,0000000019,20220315
100,0000001030,0001,03,0000000140,20220527
100,0000001031,0001,01,0000000105,20220630
100,0000001032,0004,02,0000000190,20230511
100,0000001033,0004,03,0000000099,20230321
100,0000001034,0003,02,0000000199,20230716
100,0000001035,0002,03,0000000197,20220204
100,0000001036,0001,01,0000000112,20241210
100,0000001037,0002,03,0000000175,20220329
100,0000001038,0002,03,0000000084,20240909
100,0000001039,0004,03,0000000069,20230403
100,0000001040,0003,02,0000000019,20240123
100,0000001041,0002,03,0000000082,20220327
100,0000001042,0002,03,0000000189,20220305
100,0000001043,0003,03,0000000052,20240916
100,0000001044,0001,03,0000000198,20230608
100,0000001045,0002,02,0000000029,20240525
100,0000001046,0001,01,0000000195,20220831
100,0000001047,0003,02,0000000093,20230210
100,0000001048,0002,01,0000000168,20240604
100,0000001049,0004,01,0000000115,20230528
100,0000001050,0003,02,0000000094,20230928
100,0000001051,0002,02,0000000144,20240814
100,0000001052,0002,01,0000000107,20240711
100,0000001053,0004,01,0000000194,20230107
100,0000001054,0001,01,0000000077,20220826
100,0000001055,0002,03,0000000068,20220808
100,0000001056,0001,02,0000000195,20221121
100,0000001057,0003,02,0000000197,20230905
100,0000001058,0004,03,0000000145,20240607
100,0000001059,0001,01,0000000091,20220304
100,0000001060,0001,02,0000000068,20220926
100,0000001061,0002,03,0000000015,20221130
100,0000001062,0003,02,0000000138,20220316
100,0000001063,0002,03,0000000065,20231110
100,0000001064,0003,02,0000000042,20240316
100,0000001065,0004,03,0000000157,20240320
100,0000001066,0001,02,0000000089,20220717
100,0000001067,0004,03,0000000014,20240714
100,0000001068,0003,02,0000000175,20240621
100,0000001069,0003,03,0000000069,20230128
100,0000001070,0001,02,0000000176,20240114
100,0000001071,0002,03,0000000104,20230828
100,0000001072,0002,02,0000000090,20220424
100,0000001073,0003,01,0000000040,20240804
100,0000001074,0001,03,0000000077,20220226
100,0000001075,0003,01,0000000062,20240609
100,0000001076,0002,02,0000000156,20220319
100,0000001077,0001,01,0000000019,20240415
100,0000001078,0001,02,0000000142,20240830
100,0000001079,0003,02,0000000081,20230322
100,0000001080,0002,03,0000000172,20240226
100,0000001081,0004,01,0000000065,20240116
100,0000001082,0004,02,0000000081,20231216
100,0000001083,0004,01,0000000081,20230915
100,0000001084,0001,01,0000000123,20220328
100,0000001085,0002,01,0000000091,20240904
100,0000001086,0001,03,0000000001,20220826
100,0000001087,0004,01,0000000008,20220121
100,0000001088,0002,01,0000000063,20221219
100,0000001089,0002,03,0000000198,20230429
100,0000001090,0001,03,0000000039,20230302
100,0000001091,0002,03,0000000125,20230507
100,0000001092,0002,01,0000000177,20230812
100,0000001093,0003,02,0000000095,20240529
100,0000001094,0004,01,0000000111,20241006
100,0000001095,0001,01,0000000080,20220728
100,0000001096,0001,03,0000000003,20220909
100,0000001097,0002,01,0000000138,20220829
100,0000001098,0001,02,0000000139,20230403
100,0000001099,0003,01,0000000138,20220423
100,0000001100,0003,03,0000000180,20230125
100,0000001101,0002,03,0000000092,20220428
100,0000001102,0001,02,0000000109,20240727
100,0000001103,0001,01,0000000104,20230810
100,0000001104,0003,03,0000000186,20221112
100,0000001105,0003,03,0000000192,20220413
100,0000001106,0002,02,0000000192,20220612
100,0000001107,0004,01,0000000033,20220628
100,0000001108,0002,01,0000000022,20221220
100,0000001109,0002,01,0000000030,20241231
100,0000001110,0003,01,0000000095,20231021
100,0000001111,0001,03,0000000126,20240103
100,0000001112,0002,02,0000000135,20240406
100,0000001113,0003,03,0000000039,20220411
100,0000001114,0001,02,0000000073,20240521
100,0000001115,0004,02,0000000056,20220120
100,0000001116,0004,02,0000000177,20221027
100,0000001117,0001,02,0000000126,20220827
100,0000001118,0003,01,0000000136,20241110
100,0000001119,0003,02,0000000041,20230724
100,0000001120,0003,01,0000000099,20240504
100,0000001121,0003,01,0000000164,20240819
100,0000001122,0002,02,0000000129,20230507
100,0000001123,0002,02,0000000080,20240423
100,0000001124,0003,01,0000000005,20230317
100,0000001125,0002,02,0000000142,20230509
100,0000001126,0002,01,0000000026,20220721
100,0000001127,0001,01,0000000120,20240620
100,0000001128,0001,02,0000000176,20231211
100,0000001129,0004,03,0000000101,20220107
100,0000001130,0001,03,0000000029,20220324
100,0000001131,0002,02,0000000010,20240204
100,0000001132,0001,03,0000000141,20220610
100,0000001133,0003,01,0000000041,20240729
100,0000001134,0001,02,0000000125,20241014
100,0000001135,0001,02,0000000108,20230618
100,0000001136,0002,03,0000000097,20240914
100,0000001137,0004,03,0000000022,20230206
100,0000001138,0004,02,0000000146,20220424
100,0000001139,0004,01,0000000120,20240803
100,0000001140,0003,01,0000000150,20230331
100,0000001141,0002,01,0000000059,20240817
100,0000001142,0003,02,0000000060,20240531
100,0000001143,0001,02,0000000009,20230315
100,0000001144,0004,03,0000000008,20240430
100,0000001145,0004,03,0000000131,20240107
100,0000001146,0003,02,0000000159,20240621
100,0000001147,0004,03,0000000017,20220320
100,0000001148,0001,01,0000000177,20240125
100,0000001149,0002,02,0000000144,20221212
100,0000001150,0001,01,0000000085,20240406
100,0000001151,0004,01,0000000071,20240425
100,0000001152,0003,02,0000000071,20240711
100,0000001153,0002,01,0000000089,20230715
100,0000001154,0002,02,0000000192,20230111
100,0000001155,0001,03,0000000036,20230108
100,0000001156,0001,03,0000000195,20221031
100,0000001157,0003,03,0000000062,20230718
100,0000001158,0004,01,0000000199,20230812
100,0000001159,0002,03,0000000053,20240826
100,0000001160,0003,01,0000000105,20230510
100,0000001161,0002,03,0000000166,20230109
100,0000001162,0003,02,0000000116,20240206
100,0000001163,0001,01,0000000057,20240512
100,0000001164,0002,02,0000000134,20220825
100,0000001165,0001,03,0000000004,20241202
100,0000001166,0003,02,0000000060,20220315
100,0000001167,0004,03,0000000123,20220429
100,0000001168,0002,02,0000000059,20221119
100,0000001169,0001,02,0000000106,20231221
100,0000001170,0002,02,0000000009,20241113
100,0000001171,0003,02,0000000190,20220302
100,0000001172,0004,03,0000000185,20240322
100,0000001173,0002,01,0000000170,20220901
100,0000001174,0001,02,0000000111,20220223
100,0000001175,0003,03,0000000076,20240408
100,0000001176,0001,01,0000000139,20230508
100,0000001177,0004,02,0000000177,20231126
100,0000001178,0002,03,0000000102,20230216
100,0000001179,0002,03,0000000087,20241011
100,0000001180,0001,02,0000000149,20230208
100,0000001181,0003,02,0000000009,20240627
100,0000001182,0001,03,0000000187,20220207
100,0000001183,0004,03,0000000143,20230604
100,0000001184,0004,01,0000000016,20230525
100,0000001185,0001,02,0000000117,20230417
100,0000001186,0003,03,0000000013,20230116
100,0000001187,0001,03,0000000057,20241021
100,0000001188,0004,03,0000000108,20221126
100,0000001189,0002,03,0000000081,20240114
100,0000001190,0004,03,0000000056,20241204
100,0000001191,0002,03,0000000160,20240518
100,0000001192,0002,03,0000000183,20230626
100,0000001193,0001,02,0000000122,20240409
100,0000001194,0001,01,0000000173,20231114
100,0000001195,0001,03,0000000149,20230513
100,0000001196,0004,02,0000000117,20230314
100,0000001197,0004,02,0000000101,20220513
100,0000001198,0004,03,0000000167,20230620
100,0000001199,0002,02,0000000122,20230912
100,0000001200,0001,01,0000000118,20220623
100,0000001201,0003,01,0000000098,20230918
100,0000001202,0002,03,0000000009,20240728
100,0000001203,0004,03,0000000165,20231122
100,0000001204,0004,03,0000000080,20220131
100,0000001205,0001,03,0000000200,20241016
100,0000001206,0003,01,0000000015,20220703
100,0000001207,0003,02,0000000173,20241024
100,0000001208,0003,02,0000000197,20220429
100,0000001209,0004,03,0000000064,20221203
100,0000001210,0001,02,0000000024,20220615
100,0000001211,0001,02,0000000114,20240724
100,0000001212,0002,03,0000000048,20230323
100,0000001213,0001,03,0000000177,20220214
100,0000001214,0002,01,0000000032,20230109
100,0000001215,0001,03,0000000122,20230806
100,0000001216,0004,03,0000000150,20241116
100,0000001217,0002,02,0000000021,20240827
100,0000001218,0004,01,0000000093,20230320
100,0000001219,0003,01,0000000038,20230520
100,0000001220,0001,02,0000000084,20230921
100,0000001221,0002,01,0000000141,20220904
100,0000001222,0002,01,0000000104,20241220
100,0000001223,0003,03,0000000133,20241230
100,0000001224,0002,01,0000000042,20231202
100,0000001225,0003,02,0000000161,20221027
100,0000001226,0001,02,0000000084,20221025
100,0000001227,0003,02,0000000009,20231201
100,0000001228,0002,03,0000000100,20220627
100,0000001229,0003,02,0000000184,20230820
100,0000001230,0002,02,0000000122,20220816
100,0000001231,0003,01,0000000095,20220115
100,0000001232,0004,03,0000000092,20231009
100,0000001233,0001,02,0000000112,20231108
100,0000001234,0001,02,0000000026,20240313
100,0000001235,0002,02,0000000118,20231211
100,0000001236,0004,03,0000000087,20220527
100,0000001237,0001,03,0000000135,20220407
100,0000001238,0003,01,0000000099,20230601
100,0000001239,0004,01,0000000075,20240805
100,0000001240,0002,02,0000000113,20230715
100,0000001241,0003,02,0000000101,20221202
100,0000001242,0003,03,0000000168,20240114
100,0000001243,0003,01,0000000113,20221204
100,0000001244,0002,03,0000000073,20220823
100,0000001245,0001,03,0000000010,20240312
100,0000001246,0001,02,0000000066,20230430
100,0000001247,0001,03,0000000098,20231126
100,0000001248,0003,03,0000000041,20240417
100,0000001249,0004,03,0000000156,20220621
100,0000001250,0004,01,0000000030,20240530
100,0000001251,0002,03,0000000188,20240920
100,0000001252,0003,03,0000000158,20230809
100,0000001253,0001,03,0000000125,20220804
100,0000001254,0003,03,0000000082,20241107
100,0000001255,0002,01,0000000159,20230713
100,0000001256,0001,01,0000000071,20240808
100,0000001257,0002,03,0000000023,20240124
100,0000001258,0001,02,0000000045,20230610
100,0000001259,0002,01,0000000115,20241007
100,0000001260,0002,02,0000000137,20220314
100,0000001261,0002,01,0000000186,20240620
100,0000001262,0001,03,0000000125,20220803
100,0000001263,0002,02,0000000180,20230723
100,0000001264,0001,02,0000000022,20220721
100,0000001265,0001,02,0000000139,20241009
100,0000001266,0001,03,0000000161,20230113
100,0000001267,0002,03,0000000164,20241114
100,0000001268,0002,03,0000000049,20220430
100,0000001269,0003,03,0000000169,20230930
100,0000001270,0004,02,0000000199,20240913
100,0000001271,0002,03,0000000079,20240713
100,0000001272,0003,02,0000000168,20230317
100,0000001273,0001,02,0000000092,20221128
100,0000001274,0001,02,0000000045,20240604
100,0000001275,0001,02,0000000106,20230822
100,0000001276,0001,03,0000000023,20220804
100,0000001277,0003,02,0000000026,20240229
100,0000001278,0001,03,0000000095,20221202
100,0000001279,0004,01,0000000167,20220704
100,0000001280,0004,01,0000000073,20240118
100,0000001281,0004,01,0000000192,20230321
100,0000001282,0004,02,0000000108,20231126
100,0000001283,0003,01,0000000144,20230202
100,0000001284,0001,03,0000000069,20230527
100,0000001285,0002,02,0000000108,20240125
100,0000001286,0002,01,0000000032,20240116
100,0000001287,0002,03,0000000002,20240921
100,0000001288,0004,02,0000000163,20220404
100,0000001289,0004,02,0000000119,20240114
100,0000001290,0004,02,0000000194,20220715
100,0000001291,0003,01,0000000122,20230403
100,0000001292,0003,01,0000000174,20240610
100,0000001293,0003,03,0000000157,20241007
100,0000001294,0002,01,0000000145,20230202
100,0000001295,0002,03,0000000022,20220318
100,0000001296,0002,02,0000000018,20221023
100,0000001297,0002,02,0000000086,20220430
100,0000001298,0001,03,0000000102,20241227
100,0000001299,0003,02,0000000048,20240826
100,0000001300,0003,02,0000000018,20220822
100,0000001301,0004,02,0000000179,20241004
100,0000001302,0002,03,0000000068,20230102
100,0000001303,0002,02,0000000145,20220816
100,0000001304,0004,01,0000000038,20230624
100,0000001305,0003,02,0000000110,20221012
100,0000001306,0003,03,0000000086,20230206
100,0000001307,0002,01,0000000083,20240307
100,0000001308,0002,03,0000000050,20220513
100,0000001309,0004,01,0000000164,20240724
100,0000001310,0002,03,0000000038,20240813
100,0000001311,0001,03,0000000061,20240822
100,0000001312,0002,02,0000000093,20221127
100,0000001313,0003,02,0000000101,20241203
100,0000001314,0003,03,0000000070,20241005
100,0000001315,0003,03,0000000056,20241113
100,0000001316,0002,02,0000000109,20220721
100,0000001317,0004,03,0000000084,20230503
100,0000001318,0002,01,0000000075,20240213
100,0000001319,0001,01,0000000040,20241012
100,0000001320,0002,02,0000000152,20240419
100,0000001321,0001,02,0000000065,20230309
100,0000001322,0002,02,0000000148,20220212
100,0000001323,0003,01,0000000171,20230617
100,0000001324,0004,03,0000000183,20241021
100,0000001325,0001,03,0000000200,20220627
100,0000001326,0004,01,0000000033,20240520
100,0000001327,0003,02,0000000061,20220326
100,0000001328,0003,03,0000000177,20231011
100,0000001329,0002,03,0000000120,20220204
100,0000001330,0001,03,0000000103,20240229
100,0000001331,0001,02,0000000123,20221009
100,0000001332,0002,01,0000000143,20220418
100,0000001333,0002,03,0000000058,20220717
100,0000001334,0001,03,0000000096,20240227
100,0000001335,0003,02,0000000040,20240823
100,0000001336,0001,02,0000000101,20220819
100,0000001337,0004,01,0000000199,20230410
100,0000001338,0003,03,0000000014,20240603
100,0000001339,0001,02,0000000103,20240315
100,0000001340,0002,03,0000000184,20220313
100,0000001341,0004,02,0000000064,20221003
100,0000001342,0004,02,0000000081,20220707
100,0000001343,0004,02,0000000102,20240710
100,0000001344,0004,02,0000000063,20230904
100,0000001345,0003,02,0000000095,20230519
100,0000001346,0003,02,0000000059,20240904
100,0000001347,0002,03,0000000123,20220523
100,0000001348,0004,01,0000000061,20231102
100,0000001349,0002,01,0000000075,20220116
100,0000001350,0002,02,0000000064,20230703
100,0000001351,0004,03,0000000151,20230521
100,0000001352,0001,02,0000000044,20240114
100,0000001353,0001,03,0000000179,20230324
100,0000001354,0004,01,0000000095,20220224
100,0000001355,0003,01,0000000002,20230303
100,0000001356,0004,03,0000000056,20231113
100,0000001357,0003,02,0000000040,20240622
100,0000001358,0004,01,0000000027,20221224
100,0000001359,0003,01,0000000073,20230709
100,0000001360,0001,01,0000000192,20221220
100,0000001361,0001,03,0000000055,20241221
100,0000001362,0002,02,0000000017,20230614
100,0000001363,0003,01,0000000100,20230130
100,0000001364,0004,03,0000000127,20241214
100,0000001365,0003,01,0000000174,20231023
100,0000001366,0001,02,0000000007,20230423
100,0000001367,0001,01,0000000149,20240620
100,0000001368,0003,02,0000000137,20221113
100,0000001369,0003,02,0000000135,20230818
100,0000001370,0004,02,0000000116,20220830
100,0000001371,0004,03,0000000043,20231208
100,0000001372,0002,01,0000000025,20220514
100,0000001373,0001,02,0000000155,20230708
100,0000001374,0002,03,0000000113,20220626
100,0000001375,0003,02,0000000190,20240108
100,0000001376,0003,02,0000000105,20230820
100,0000001377,0003,02,0000000058,20240901
100,0000001378,0003,03,0000000028,20230913
100,0000001379,0001,03,0000000127,20220528
100,0000001380,0003,01,0000000017,20230610
100,0000001381,0001,02,0000000107,20220909
100,0000001382,0003,03,0000000117,20230518
100,0000001383,0004,01,0000000099,20230421
100,0000001384,0002,03,0000000018,20241107
100,0000001385,0001,03,0000000087,20220115
100,0000001386,0004,03,0000000062,20230421
100,0000001387,0003,01,0000000179,20241008
100,0000001388,0003,01,0000000049,20230719
100,0000001389,0003,01,0000000067,20230423
100,0000001390,0001,02,0000000096,20240217
100,0000001391,0004,01,0000000002,20231029
100,0000001392,0002,02,0000000172,20240326
100,0000001393,0002,01,0000000019,20230914
100,0000001394,0002,01,0000000123,20221126
100,0000001395,0001,03,0000000155,20220505
100,0000001396,0004,02,0000000182,20230221
100,0000001397,0002,01,0000000005,20231202
100,0000001398,0003,03,0000000167,20240423
100,0000001399,0001,01,0000000151,20230106
100,0000001400,0002,03,0000000135,20220502
100,0000001401,0001,02,0000000054,20240630
100,0000001402,0001,01,0000000027,20241117
100,0000001403,0004,03,0000000108,20240507
100,0000001404,0004,03,0000000045,20240617
100,0000001405,0002,02,0000000167,20240922
100,0000001406,0004,01,0000000193,20220101
100,0000001407,0003,02,0000000140,20230524
100,0000001408,0003,01,0000000133,20221218
100,0000001409,0002,03,0000000103,20221028
100,0000001410,0002,01,0000000178,20230601
100,0000001411,0002,03,0000000190,20221205
100,0000001412,0004,01,0000000079,20230525
100,0000001413,0004,02,0000000046,20220722
100,0000001414,0001,03,0000000113,20230425
100,0000001415,0001,01,0000000093,20241231
100,0000001416,0003,03,0000000189,20230123
100,0000001417,0002,03,0000000197,20220221
100,0000001418,0004,03,0000000019,20230827
100,0000001419,0004,02,0000000138,20221015
100,0000001420,0004,01,0000000096,20230821
100,0000001421,0002,01,0000000195,20220731
100,0000001422,0003,03,0000000050,20220120
100,0000001423,0001,02,0000000159,20231214
100,0000001424,0003,03,0000000133,20231121
100,0000001425,0001,01,0000000026,20230724
100,0000001426,0001,02,0000000147,20230927
100,0000001427,0002,01,0000000180,20230925
100,0000001428,0003,02,0000000177,20220126
100,0000001429,0003,02,0000000049,20230315
100,0000001430,0001,01,0000000087,20220122
100,0000001431,0003,03,0000000049,20240625
100,0000001432,0002,02,0000000079,20240727
100,0000001433,0002,03,0000000160,20220204
100,0000001434,0001,01,0000000025,20240210
100,0000001435,0004,03,0000000144,20240621
100,0000001436,0001,03,0000000021,20241227
100,0000001437,0003,03,0000000003,20230315
100,0000001438,0004,01,0000000066,20231127
100,0000001439,0004,03,0000000152,20230518
100,0000001440,0003,02,0000000054,20240327
100,0000001441,0004,01,0000000094,20220419
100,0000001442,0002,02,0000000170,20230417
100,0000001443,0004,02,0000000064,20221018
100,0000001444,0004,01,0000000050,20230714
100,0000001445,0003,01,0000000163,20220404
100,0000001446,0003,02,0000000157,20240217
100,0000001447,0003,01,0000000023,20220611
100,0000001448,0002,03,0000000167,20230419
100,0000001449,0003,01,0000000134,20240525
100,0000001450,0002,01,0000000030,20220228
100,0000001451,0003,01,0000000034,20231214
100,0000001452,0004,02,0000000070,20240922
100,0000001453,0001,03,0000000144,20230105
100,0000001454,0003,03,0000000102,20240520
100,0000001455,0001,01,0000000150,20231220
100,0000001456,0001,01,0000000023,20221121
100,0000001457,0004,03,0000000044,20220503
100,0000001458,0004,01,0000000178,20220226
100,0000001459,0004,01,0000000023,20221226
100,0000001460,0001,02,0000000173,20241122
100,0000001461,0001,03,0000000183,20241225
100,0000001462,0001,03,0000000147,20241104
100,0000001463,0001,03,0000000115,20240229
100,0000001464,0001,01,0000000072,20241115
100,0000001465,0003,02,0000000050,20231203
100,0000001466,0003,01,0000000042,20231026
100,0000001467,0004,03,0000000148,20220426
100,0000001468,0002,01,0000000062,20240413
100,0000001469,0004,02,0000000086,20230626
100,0000001470,0003,03,0000000047,20230912
100,0000001471,0003,03,0000000080,20220824
100,0000001472,0002,03,0000000160,20220207
100,0000001473,0004,01,0000000087,20220724
100,0000001474,0001,01,0000000150,20240203
100,0000001475,0001,01,0000000118,20241128
100,0000001476,0002,01,0000000039,20221127
100,0000001477,0001,01,0000000125,20240715
100,0000001478,0004,01,0000000049,20221224
100,0000001479,0003,03,0000000006,20221230
100,0000001480,0002,01,0000000168,20230919
100,0000001481,0004,01,0000000150,20230901
100,0000001482,0001,01,0000000041,20221005
100,0000001483,0002,03,0000000095,20220216
100,0000001484,0004,01,0000000102,20240320
100,0000001485,0001,02,0000000110,20241228
100,0000001486,0001,01,0000000045,20231015
100,0000001487,0002,01,0000000041,20240119
100,0000001488,0003,01,0000000035,20240614
100,0000001489,0004,01,0000000175,20230626
100,0000001490,0003,01,0000000195,20240602
100,0000001491,0003,02,0000000058,20230628
100,0000001492,0002,02,0000000194,20240430
100,0000001493,0001,03,0000000084,20240708
100,0000001494,0001,03,0000000001,20220507
100,0000001495,0003,01,0000000077,20240509
100,0000001496,0003,02,0000000070,20240317
100,0000001497,0001,01,0000000039,20220324
100,0000001498,0001,01,0000000138,20240420
100,0000001499,0001,03,0000000090,20230901
100,0000001500,0001,03,0000000006,20220418
100,0000001501,0004,02,0000000022,20230129
100,0000001502,0003,03,0000000115,20230323
100,0000001503,0001,02,0000000140,20240212
100,0000001504,0003,01,0000000182,20240926
100,0000001505,0003,02,0000000064,20230818
100,0000001506,0003,03,0000000173,20240811
100,0000001507,0002,02,0000000182,20220101
100,0000001508,0003,02,0000000050,20230321
100,0000001509,0002,02,0000000130,20220312
100,0000001510,0002,02,0000000154,20220108
100,0000001511,0002,02,0000000071,20220108
100,0000001512,0001,02,0000000049,20241002
100,0000001513,0002,02,0000000055,20221102
100,0000001514,0001,02,0000000181,20220110
100,0000001515,0004,03,0000000154,20240122
100,0000001516,0003,01,0000000125,20231017
100,0000001517,0002,03,0000000199,20240730
100,0000001518,0003,01,0000000048,20220726
100,0000001519,0003,03,0000000167,20230126
100,0000001520,0001,02,0000000099,20240808
100,0000001521,0003,03,0000000087,20220327
100,0000001522,0003,02,0000000122,20231223
100,0000001523,0004,02,0000000009,20230117
100,0000001524,0001,01,0000000058,20240322
100,0000001525,0003,02,0000000056,20220922
100,0000001526,0003,02,0000000145,20221120
100,0000001527,0004,03,0000000157,20240913
100,0000001528,0002,03,0000000148,20240924
100,0000001529,0001,01,0000000146,20230706
100,0000001530,0002,02,0000000064,20221013
100,0000001531,0003,03,0000000044,20230105
100,0000001532,0001,03,0000000089,20220326
100,0000001533,0004,02,0000000064,20240110
100,0000001534,0004,02,0000000136,20231106
100,0000001535,0004,02,0000000022,20231124
100,0000001536,0003,03,0000000003,20221104
100,0000001537,0004,01,0000000115,20220101
100,0000001538,0004,01,0000000116,20220718
100,0000001539,0002,03,0000000123,20230809
100,0000001540,0002,01,0000000188,20230823
100,0000001541,0004,03,0000000102,20240705
100,0000001542,0004,01,0000000176,20231212
100,0000001543,0004,03,0000000038,20230605
100,0000001544,0001,01,0000000124,20240908
100,0000001545,0003,01,0000000171,20240223
100,0000001546,0004,02,0000000118,20240902
100,0000001547,0001,03,0000000120,20240719
100,0000001548,0003,03,0000000183,20240818
100,0000001549,0001,01,0000000030,20241016
100,0000001550,0001,03,0000000096,20240511
100,0000001551,0003,02,0000000123,20220101
100,0000001552,0004,01,0000000169,20220903
100,0000001553,0004,01,0000000198,20220731
100,0000001554,0003,02,0000000198,20240724
100,0000001555,0003,01,0000000093,20240905
100,0000001556,0003,03,0000000053,20230426
100,0000001557,0004,03,0000000159,20220116
100,0000001558,0001,02,0000000195,20231229
100,0000001559,0002,02,0000000102,20230108
100,0000001560,0003,03,0000000122,20240726
100,0000001561,0001,02,0000000071,20230623
100,0000001562,0002,01,0000000057,20220408
100,0000001563,0001,02,0000000023,20230822
100,0000001564,0004,03,0000000199,20230601
100,0000001565,0002,03,0000000090,20220427
100,0000001566,0003,01,0000000134,20220312
100,0000001567,0002,01,0000000127,20230126
100,0000001568,0001,03,0000000149,20241208
100,0000001569,0004,02,0000000146,20240622
100,0000001570,0004,01,0000000148,20230102
100,0000001571,0003,02,0000000027,20220623
100,0000001572,0002,01,0000000007,20230706
100,0000001573,0001,01,0000000013,20220521
100,0000001574,0004,02,0000000167,20231020
100,0000001575,0003,01,0000000038,20220915
100,0000001576,0004,02,0000000187,20220422
100,0000001577,0004,01,0000000115,20220225
100,0000001578,0004,03,0000000104,20230122
100,0000001579,0002,02,0000000031,20220912
100,0000001580,0001,02,0000000183,20240623
100,0000001581,0002,01,0000000049,20240402
100,0000001582,0004,01,0000000196,20221227
100,0000001583,0004,01,0000000172,20220108
100,0000001584,0001,03,0000000176,20220519
100,0000001585,0002,03,0000000135,20240329
100,0000001586,0002,03,0000000105,20241216
100,0000001587,0004,03,0000000176,20220402
100,0000001588,0003,03,0000000165,20240505
100,0000001589,0004,03,0000000134,20220224
100,0000001590,0002,02,0000000189,20241227
100,0000001591,0001,01,0000000053,20230904
100,0000001592,0003,01,0000000126,20230718
100,0000001593,0003,03,0000000064,20220422
100,0000001594,0003,03,0000000068,20231003
100,0000001595,0002,03,0000000182,20230113
100,0000001596,0003,01,0000000189,20230121
100,0000001597,0001,03,0000000157,20240511
100,0000001598,0003,01,0000000152,20240220
100,0000001599,0001,02,0000000141,20221017
100,0000001600,0001,02,0000000106,20240412
100,0000001601,0004,01,0000000105,20230727
100,0000001602,0001,03,0000000035,20221112
100,0000001603,0002,02,0000000104,20221217
100,0000001604,0002,03,0000000052,20220307
100,0000001605,0003,01,0000000030,20220120
100,0000001606,0003,03,0000000147,20220709
100,0000001607,0004,02,0000000191,20240717
100,0000001608,0004,02,0000000176,20220725
100,0000001609,0003,03,0000000056,20241108
100,0000001610,0002,02,0000000106,20241105
100,0000001611,0003,02,0000000038,20230226
100,0000001612,0003,03,0000000022,20241017
100,0000001613,0003,01,0000000176,20230404
100,0000001614,0004,03,0000000063,20240924
100,0000001615,0004,01,0000000010,20231204
100,0000001616,0002,03,0000000083,20221230
100,0000001617,0002,03,0000000017,20221211
100,0000001618,0004,01,0000000002,20220406
100,0000001619,0002,02,0000000143,20240831
100,0000001620,0002,02,0000000183,20220804
100,0000001621,0003,03,0000000177,20240612
100,0000001622,0001,03,0000000057,20240515
100,0000001623,0003,02,0000000030,20231230
100,0000001624,0003,01,0000000036,20230206
100,0000001625,0003,01,0000000125,20240531
100,0000001626,0001,03,0000000091,20220304
100,0000001627,0004,02,0000000109,20231123
100,0000001628,0001,01,0000000010,20231127
100,0000001629,0001,02,0000000192,20230903
100,0000001630,0003,02,0000000128,20231116
100,0000001631,0004,03,0000000076,20240629
100,0000001632,0004,03,0000000041,20240106
100,0000001633,0001,03,0000000024,20231209
100,0000001634,0002,02,0000000066,20240502
100,0000001635,0004,03,0000000089,20240630
100,0000001636,0001,02,0000000066,20220415
100,0000001637,0004,02,0000000159,20231015
100,0000001638,0002,03,0000000193,20231203
100,0000001639,0002,03,0000000072,20231218
100,0000001640,0001,01,0000000024,20240827
100,0000001641,0003,03,0000000131,20240814
100,0000001642,0004,03,0000000183,20241117
100,0000001643,0003,03,0000000131,20230406
100,0000001644,0001,01,0000000042,20241005
100,0000001645,0002,03,0000000165,20240903
100,0000001646,0002,02,0000000097,20240617
100,0000001647,0003,01,0000000127,20230621
100,0000001648,0004,01,0000000102,20241020
100,0000001649,0001,02,0000000119,20240330
100,0000001650,0003,01,0000000008,20230923
100,0000001651,0001,03,0000000004,20230916
100,0000001652,0004,02,0000000161,20241104
100,0000001653,0003,01,0000000043,20230113
100,0000001654,0002,03,0000000084,20241002
100,0000001655,0001,01,0000000151,20240407
100,0000001656,0003,01,0000000007,20240113
100,0000001657,0004,03,0000000063,20240509
100,0000001658,0003,03,0000000165,20220902
100,0000001659,0004,03,0000000096,20231114
100,0000001660,0001,02,0000000040,20240622
100,0000001661,0002,02,0000000069,20240913
100,0000001662,0004,03,0000000141,20230708
100,0000001663,0002,01,0000000082,20230510
100,0000001664,0003,01,0000000151,20220327
100,0000001665,0003,01,0000000099,20220114
100,0000001666,0003,02,0000000182,20220309
100,0000001667,0004,01,0000000136,20241201
100,0000001668,0003,02,0000000190,20220503
100,0000001669,0004,01,0000000039,20240816
100,0000001670,0001,01,0000000026,20230802
100,0000001671,0001,01,0000000036,20221027
100,0000001672,0002,03,0000000095,20240222
100,0000001673,0004,01,0000000086,20240622
100,0000001674,0001,02,0000000036,20231106
100,0000001675,0004,03,0000000175,20240628
100,0000001676,0004,02,0000000050,20230524
100,0000001677,0002,03,0000000148,20221019
100,0000001678,0004,01,0000000193,20220227
100,0000001679,0002,02,0000000093,20220403
100,0000001680,0002,01,0000000029,20220128
100,0000001681,0003,01,0000000114,20230406
100,0000001682,0003,02,0000000084,20231211
100,0000001683,0001,02,0000000085,20230704
100,0000001684,0004,03,0000000196,20231204
100,0000001685,0004,01,0000000187,20230704
100,0000001686,0001,02,0000000085,20230709
100,0000001687,0002,03,0000000126,20230414
100,0000001688,0001,02,0000000145,20241227
100,0000001689,0003,03,0000000190,20230608
100,0000001690,0002,02,0000000184,20240311
100,0000001691,0001,01,0000000195,20231122
100,0000001692,0002,03,0000000062,20220731
100,0000001693,0002,03,0000000026,20230319
100,0000001694,0001,03,0000000151,20220121
100,0000001695,0001,02,0000000070,20220826
100,0000001696,0001,03,0000000087,20230816
100,0000001697,0004,01,0000000043,20220821
100,0000001698,0002,01,0000000176,20240515
100,0000001699,0003,03,0000000059,20231110
100,0000001700,0002,03,0000000036,20220224
100,0000001701,0003,01,0000000098,20221121
100,0000001702,0001,03,0000000042,20221004
100,0000001703,0002,01,0000000183,20230407
100,0000001704,0003,03,0000000020,20241015
100,0000001705,0002,01,0000000019,20220130
100,0000001706,0004,02,0000000055,20240106
100,0000001707,0004,02,0000000049,20220520
100,0000001708,0004,01,0000000089,20231220
100,0000001709,0001,01,0000000105,20240207
100,0000001710,0003,03,0000000020,20220410
100,0000001711,0002,03,0000000095,20220623
100,0000001712,0004,03,0000000164,20230709
100,0000001713,0001,01,0000000006,20241121
100,0000001714,0004,01,0000000136,20230627
100,0000001715,0003,03,0000000022,20220312
100,0000001716,0003,01,0000000106,20230515
100,0000001717,0004,02,0000000009,20230529
100,0000001718,0002,02,0000000120,20220429
100,0000001719,0002,03,0000000074,20230722
100,0000001720,0004,02,0000000130,20240403
100,0000001721,0004,01,0000000049,20220215
100,0000001722,0002,01,0000000184,20240417
100,0000001723,0003,03,0000000142,20241106
100,0000001724,0003,03,0000000156,20220812
100,0000001725,0003,03,0000000155,20220504
100,0000001726,0003,01,0000000139,20220627
100,0000001727,0004,02,0000000126,20230721
100,0000001728,0004,02,0000000088,20240715
100,0000001729,0001,02,0000000195,20231017
100,0000001730,0002,02,0000000060,20220909
100,0000001731,0004,02,0000000155,20240619
100,0000001732,0002,01,0000000174,20230815
100,0000001733,0002,02,0000000045,20230605
100,0000001734,0003,01,0000000035,20230704
100,0000001735,0004,02,0000000129,20240403
100,0000001736,0002,01,0000000027,20240624
100,0000001737,0004,02,0000000187,20220929
100,0000001738,0001,02,0000000183,20240627
100,0000001739,0001,02,0000000170,20240714
100,0000001740,0004,01,0000000085,20240716
100,0000001741,0003,01,0000000161,20240814
100,0000001742,0001,02,0000000027,20241021
100,0000001743,0002,03,0000000003,20240625
100,0000001744,0002,03,0000000003,20241226
100,0000001745,0003,03,0000000169,20231005
100,0000001746,0003,03,0000000007,20241113
100,0000001747,0003,02,0000000161,20230522
100,0000001748,0004,01,0000000154,20230111
100,0000001749,0003,03,0000000106,20220508
100,0000001750,0003,03,0000000137,20241214
100,0000001751,0003,01,0000000139,20240722
100,0000001752,0003,01,0000000144,20220329
100,0000001753,0001,03,0000000041,20231119
100,0000001754,0002,01,0000000021,20240611
100,0000001755,0003,03,0000000153,20221104
100,0000001756,0001,02,0000000058,20220614
100,0000001757,0003,01,0000000178,20240813
100,0000001758,0002,02,0000000006,20240514
100,0000001759,0001,02,0000000052,20241007
100,0000001760,0001,01,0000000129,20240721
100,0000001761,0004,01,0000000160,20221225
100,0000001762,0003,03,0000000174,20240410
100,0000001763,0001,02,0000000016,20230129
100,0000001764,0003,03,0000000020,20220212
100,0000001765,0003,02,0000000052,20241018
100,0000001766,0003,03,0000000196,20231025
100,0000001767,0003,02,0000000006,20230118
100,0000001768,0003,03,0000000163,20230319
100,0000001769,0001,01,0000000090,20230129
100,0000001770,0003,01,0000000064,20230816
100,0000001771,0002,03,0000000153,20220616
100,0000001772,0001,03,0000000186,20221022
100,0000001773,0004,01,0000000143,20230319
100,0000001774,0002,02,0000000070,20230410
100,0000001775,0003,03,0000000155,20240704
100,0000001776,0004,03,0000000123,20241102
100,0000001777,0003,02,0000000146,20220113
100,0000001778,0001,02,0000000158,20221015
100,0000001779,0002,02,0000000081,20230512
100,0000001780,0004,01,0000000094,20230603
100,0000001781,0001,02,0000000179,20240106
100,0000001782,0002,02,0000000139,20220203
100,0000001783,0001,01,0000000035,20231104
100,0000001784,0001,03,0000000045,20230301
100,0000001785,0003,02,0000000028,20230519
100,0000001786,0002,02,0000000145,20230811
100,0000001787,0002,02,0000000016,20240713
100,0000001788,0002,03,0000000055,20220912
100,0000001789,0004,02,0000000106,20231114
100,0000001790,0001,01,0000000037,20220914
100,0000001791,0004,02,0000000149,20220424
100,0000001792,0001,02,0000000146,20220209
100,0000001793,0002,01,0000000152,20240422
100,0000001794,0003,03,0000000188,20241112
100,0000001795,0003,03,0000000098,20220615
100,0000001796,0004,01,0000000013,20230905
100,0000001797,0001,01,0000000165,20230617
100,0000001798,0001,03,0000000019,20221125
100,0000001799,0002,02,0000000162,20220114
100,0000001800,0004,01,0000000041,20240824
100,0000001801,0002,03,0000000166,20230513
100,0000001802,0001,01,0000000149,20230109
100,0000001803,0004,03,0000000180,20220501
100,0000001804,0002,01,0000000055,20240108
100,0000001805,0004,02,0000000109,20240109
100,0000001806,0003,01,0000000026,20240930
100,0000001807,0004,02,0000000019,20220928
100,0000001808,0001,01,0000000053,20220531
100,0000001809,0002,02,0000000065,20240806
100,0000001810,0004,03,0000000059,20220604
100,0000001811,0004,02,0000000010,20241129
100,0000001812,0001,02,0000000102,20231009
100,0000001813,0001,01,0000000168,20240123
100,0000001814,0001,03,0000000093,20240415
100,0000001815,0003,03,0000000107,20240808
100,0000001816,0002,01,0000000088,20221207
100,0000001817,0001,03,0000000047,20220910
100,0000001818,0001,03,0000000135,20241217
100,0000001819,0004,01,0000000188,20220701
100,0000001820,0004,03,0000000180,20230819
100,0000001821,0002,03,0000000126,20241106
100,0000001822,0001,01,0000000137,20240205
100,0000001823,0003,03,0000000006,20240519
100,0000001824,0002,03,0000000079,20220405
100,0000001825,0003,01,0000000132,20240820
100,0000001826,0004,03,0000000182,20220203
100,0000001827,0001,01,0000000107,20240129
100,0000001828,0001,03,0000000174,20230312
100,0000001829,0002,01,0000000049,20230917
100,0000001830,0003,03,0000000152,20240425
100,0000001831,0004,02,0000000042,20230116
100,0000001832,0001,02,0000000163,20230118
100,0000001833,0004,02,0000000174,20220902
100,0000001834,0003,01,0000000086,20240415
100,0000001835,0004,03,0000000033,20231103
100,0000001836,0003,02,0000000066,20241118
100,0000001837,0004,02,0000000174,20241212
100,0000001838,0001,03,0000000129,20240406
100,0000001839,0001,01,0000000103,20240728
100,0000001840,0004,01,0000000191,20221218
100,0000001841,0002,02,0000000107,20220827
100,0000001842,0004,01,0000000087,20230518
100,0000001843,0001,01,0000000188,20241129
100,0000001844,0003,02,0000000002,20241127
100,0000001845,0001,02,0000000015,20230722
100,0000001846,0003,03,0000000158,20220302
100,0000001847,0004,03,0000000078,20230504
100,0000001848,0004,02,0000000152,20230904
100,0000001849,0002,01,0000000092,20220716
100,0000001850,0004,03,0000000028,20231204
100,0000001851,0001,02,0000000190,20230209
100,0000001852,0001,02,0000000198,20240301
100,0000001853,0003,03,0000000182,20240612
100,0000001854,0001,01,0000000119,20230523
100,0000001855,0001,02,0000000043,20241214
100,0000001856,0003,01,0000000054,20231121
100,0000001857,0003,01,0000000022,20220602
100,0000001858,0002,03,0000000108,20230824
100,0000001859,0002,03,0000000156,20221110
100,0000001860,0004,02,0000000071,20240614
100,0000001861,0004,01,0000000033,20230326
100,0000001862,0001,01,0000000069,20240721
100,0000001863,0002,01,0000000136,20220127
100,0000001864,0003,02,0000000093,20241023
100,0000001865,0002,03,0000000100,20230428
100,0000001866,0002,03,0000000105,20240926
100,0000001867,0001,02,0000000083,20231011
100,0000001868,0003,03,0000000192,20230708
100,0000001869,0004,02,0000000112,20220627
100,0000001870,0003,02,0000000137,20220609
100,0000001871,0004,02,0000000057,20220424
100,0000001872,0003,01,0000000080,20240904
100,0000001873,0002,02,0000000147,20231202
100,0000001874,0004,02,0000000190,20230301
100,0000001875,0003,01,0000000125,20220117
100,0000001876,0004,01,0000000190,20220707
100,0000001877,0002,03,0000000018,20240110
100,0000001878,0004,03,0000000030,20220826
100,0000001879,0001,03,0000000108,20220425
100,0000001880,0004,02,0000000020,20240825
100,0000001881,0003,03,0000000155,20240125
100,0000001882,0003,01,0000000060,20240629
100,0000001883,0001,03,0000000008,20230805
100,0000001884,0003,01,0000000049,20221015
100,0000001885,0001,01,0000000025,20230525
100,0000001886,0001,02,0000000061,20230301
100,0000001887,0001,03,0000000075,20240401
100,0000001888,0001,02,0000000098,20241123
100,0000001889,0003,02,0000000164,20241018
100,0000001890,0003,03,0000000156,20220712
100,0000001891,0002,03,0000000041,20240819
100,0000001892,0004,03,0000000072,20220522
100,0000001893,0003,02,0000000018,20230916
100,0000001894,0002,03,0000000155,20221029
100,0000001895,0003,01,0000000056,20230719
100,0000001896,0001,01,0000000102,20220813
100,0000001897,0003,01,0000000162,20220605
100,0000001898,0004,01,0000000092,20221025
100,0000001899,0003,03,0000000123,20220418
100,0000001900,0002,02,0000000188,20220408
100,0000001901,0002,01,0000000198,20220630
100,0000001902,0004,03,0000000024,20230405
100,0000001903,0003,02,0000000169,20240508
100,0000001904,0004,02,0000000001,20230708
100,0000001905,0003,01,0000000074,20221010
100,0000001906,0004,01,0000000145,20241205
100,0000001907,0001,01,0000000052,20231222
100,0000001908,0001,02,0000000118,20240131
100,0000001909,0001,01,0000000079,20230607
100,0000001910,0002,01,0000000110,20240712
100,0000001911,0001,03,0000000069,20230121
100,0000001912,0004,03,0000000047,20240415
100,0000001913,0004,03,0000000052,20230201
100,0000001914,0002,02,0000000156,20241008
100,0000001915,0004,01,0000000185,20220127
100,0000001916,0004,01,0000000103,20221127
100,0000001917,0002,02,0000000188,20231004
100,0000001918,0003,01,0000000113,20241220
100,0000001919,0002,02,0000000196,20240807
100,0000001920,0003,01,0000000163,20230724
100,0000001921,0004,03,0000000055,20221127
100,0000001922,0004,02,0000000012,20230731
100,0000001923,0001,01,0000000185,20220114
100,0000001924,0004,02,0000000162,20220625
100,0000001925,0004,01,0000000001,20230804
100,0000001926,0003,01,0000000175,20220304
100,0000001927,0002,01,0000000179,20221229
100,0000001928,0001,02,0000000128,20220211
100,0000001929,0004,02,0000000120,20230107
100,0000001930,0004,01,0000000138,20230517
100,0000001931,0001,01,0000000195,20230401
100,0000001932,0001,01,0000000173,20230522
100,0000001933,0002,03,0000000017,20230127
100,0000001934,0003,02,0000000173,20220820
100,0000001935,0001,02,0000000003,20220501
100,0000001936,0001,03,0000000196,20221027
100,0000001937,0002,02,0000000129,20220307
100,0000001938,0001,03,0000000075,20230923
100,0000001939,0001,02,0000000061,20220830
100,0000001940,0002,03,0000000142,20230814
100,0000001941,0003,02,0000000132,20220604
100,0000001942,0002,02,0000000093,20220206
100,0000001943,0003,03,0000000077,20241126
100,0000001944,0002,01,0000000137,20220822
100,0000001945,0004,02,0000000188,20231016
100,0000001946,0003,01,0000000176,20220218
100,0000001947,0003,01,0000000184,20230514
100,0000001948,0002,02,0000000013,20231208
100,0000001949,0001,03,0000000062,20220206
100,0000001950,0003,02,0000000057,20230908
100,0000001951,0004,01,0000000107,20230609
100,0000001952,0001,03,0000000158,20220120
100,0000001953,0003,01,0000000125,20240425
100,0000001954,0002,01,0000000045,20220508
100,0000001955,0003,01,0000000107,20240103
100,0000001956,0001,03,0000000170,20220324
100,0000001957,0002,03,0000000050,20220218
100,0000001958,0003,01,0000000118,20221003
100,0000001959,0001,03,0000000121,20240722
100,0000001960,0001,02,0000000067,20240216
100,0000001961,0002,03,0000000130,20220425
100,0000001962,0003,01,0000000054,20230721
100,0000001963,0002,01,0000000179,20220409
100,0000001964,0002,02,0000000033,20241118
100,0000001965,0003,02,0000000091,20240310
100,0000001966,0001,02,0000000195,20221009
100,0000001967,0004,03,0000000131,20240130
100,0000001968,0001,01,0000000052,20240922
100,0000001969,0004,03,0000000152,20220107
100,0000001970,0002,01,0000000097,20230624
100,0000001971,0004,01,0000000055,20220202
100,0000001972,0001,03,0000000082,20241031
100,0000001973,0003,01,0000000187,20220102
100,0000001974,0001,03,0000000041,20220304
100,0000001975,0001,03,0000000019,20220619
100,0000001976,0004,03,0000000085,20231001
100,0000001977,0004,02,0000000060,20220520
100,0000001978,0001,03,0000000094,20240128
100,0000001979,0002,01,0000000188,20240229
100,0000001980,0003,01,0000000060,20230218
100,0000001981,0002,02,0000000179,20231108
100,0000001982,0001,02,0000000056,20240428
100,0000001983,0002,03,0000000046,20220320
100,0000001984,0001,01,0000000172,20241225
100,0000001985,0003,03,0000000048,20221031
100,0000001986,0004,03,0000000053,20221124
100,0000001987,0003,01,0000000064,20220916
100,0000001988,0001,02,0000000152,20240524
100,0000001989,0004,02,0000000169,20220816
100,0000001990,0002,02,0000000092,20231116
100,0000001991,0002,02,0000000138,20220817
100,0000001992,0001,02,0000000129,20230912
100,0000001993,0001,03,0000000065,20220215
100,0000001994,0002,03,0000000180,20231022
100,0000001995,0002,02,0000000081,20231116
100,0000001996,0003,01,0000000026,20241130
100,0000001997,0003,03,0000000081,20220616
100,0000001998,0003,02,0000000002,20230128
100,0000001999,0001,01,0000000161,20220105
100,0000002000,0002,02,0000000066,20231026
